0	8
1	8
2	8
3	8
4	9
5	9
6	9
7	9
8	10
9	10
10	10
11	10
12	11
13	11
14	11
15	11
16	12
17	12
18	12
19	12
20	13
21	13
22	13
23	13
24	14
25	14
26	14
27	14
28	15
29	15
30	15
31	15
32	16
33	16
34	16
35	16
36	17
37	17
38	17
39	17
40	18
41	18
42	18
43	18
44	19
45	19
46	19
47	19
48	20
49	20
50	20
51	20
52	21
53	21
54	21
55	21
56	22
57	22
58	22
59	22
60	23
61	23
62	23
63	23
64	24
65	24
66	24
67	24
68	25
69	25
70	25
71	25
72	26
73	26
74	26
75	26
76	27
77	27
78	27
79	27
80	28
81	28
82	28
83	28
84	29
85	29
86	29
87	29
88	30
89	30
90	30
91	30
92	31
93	31
94	31
95	31
96	32
97	32
98	32
99	32
100	33
101	33
102	33
103	33
104	34
105	34
106	34
107	34
108	35
109	35
110	35
111	35
112	36
113	36
114	36
115	36
116	37
117	37
118	37
119	37
120	38
121	38
122	38
123	38
124	39
125	39
126	39
127	39
128	40
129	40
130	40
131	40
132	41
133	41
134	41
135	41
136	42
137	42
138	42
139	42
140	43
141	43
142	43
143	43
144	44
145	44
146	44
147	44
148	45
149	45
150	45
151	45
152	46
153	46
154	46
155	46
156	47
157	47
158	47
159	47
160	48
161	48
162	48
163	48
164	49
165	49
166	49
167	49
168	50
169	50
170	50
171	50
172	51
173	51
174	51
175	51
176	52
177	52
178	52
179	52
180	53
181	53
182	53
183	53
184	54
185	54
186	54
187	54
188	55
189	55
190	55
191	55
192	56
193	56
194	56
195	56
196	57
197	57
198	57
199	57
200	58
201	58
202	58
203	58
204	59
205	59
206	59
207	59
208	60
209	60
210	60
211	60
212	61
213	61
214	61
215	61
216	62
217	62
218	62
219	62
220	63
221	63
222	63
223	63
224	8
225	8
226	8
227	8
228	9
229	9
230	9
231	9
232	10
233	10
234	10
235	10
236	11
237	11
238	11
239	11
240	12
241	12
242	12
243	12
244	13
245	13
246	13
247	13
248	14
249	14
250	14
251	14
252	15
253	15
254	15
255	15
256	16
257	16
258	16
259	16
260	17
261	17
262	17
263	17
264	18
265	18
266	18
267	18
268	19
269	19
270	19
271	19
272	20
273	20
274	20
275	20
276	21
277	21
278	21
279	21
280	22
281	22
282	22
283	22
284	23
285	23
286	23
287	23
288	24
289	24
290	24
291	24
292	25
293	25
294	25
295	25
296	26
297	26
298	26
299	26
300	27
301	27
302	27
303	27
304	28
305	28
306	28
307	28
308	29
309	29
310	29
311	29
312	30
313	30
314	30
315	30
316	31
317	31
318	31
319	31
320	32
321	32
322	32
323	32
324	33
325	33
326	33
327	33
328	34
329	34
330	34
331	34
332	35
333	35
334	35
335	35
336	36
337	36
338	36
339	36
340	37
341	37
342	37
343	37
344	38
345	38
346	38
347	38
348	39
349	39
350	39
351	39
352	40
353	40
354	40
355	40
356	41
357	41
358	41
359	41
360	42
361	42
362	42
363	42
364	43
365	43
366	43
367	43
368	44
369	44
370	44
371	44
372	45
373	45
374	45
375	45
376	46
377	46
378	46
379	46
380	47
381	47
382	47
383	47
384	48
385	48
386	48
387	48
388	49
389	49
390	49
391	49
392	50
393	50
394	50
395	50
396	51
397	51
398	51
399	51
400	52
401	52
402	52
403	52
404	53
405	53
406	53
407	53
408	54
409	54
410	54
411	54
412	55
413	55
414	55
415	55
416	56
417	56
418	56
419	56
420	57
421	57
422	57
423	57
424	58
425	58
426	58
427	58
428	59
429	59
430	59
431	59
432	60
433	60
434	60
435	60
436	61
437	61
438	61
439	61
440	62
441	62
442	62
443	62
444	63
445	63
446	63
447	63
448	8
449	8
450	8
451	8
452	9
453	9
454	9
455	9
456	10
457	10
458	10
459	10
460	11
461	11
462	11
463	11
464	12
465	12
466	12
467	12
468	13
469	13
470	13
471	13
472	14
473	14
474	14
475	14
476	15
477	15
478	15
479	15
480	16
481	16
482	16
483	16
484	17
485	17
486	17
487	17
488	18
489	18
490	18
491	18
492	19
493	19
494	19
495	19
496	20
497	20
498	20
499	20
500	21
501	21
502	21
503	21
504	22
505	22
506	22
507	22
508	23
509	23
510	23
511	23
512	24
513	24
514	24
515	24
516	25
517	25
518	25
519	25
520	26
521	26
522	26
523	26
524	27
525	27
526	27
527	27
528	28
529	28
530	28
531	28
532	29
533	29
534	29
535	29
536	30
537	30
538	30
539	30
540	31
541	31
542	31
543	31
544	32
545	32
546	32
547	32
548	33
549	33
550	33
551	33
552	34
553	34
554	34
555	34
556	35
557	35
558	35
559	35
560	36
561	36
562	36
563	36
564	37
565	37
566	37
567	37
568	38
569	38
570	38
571	38
572	39
573	39
574	39
575	39
576	40
577	40
578	40
579	40
580	41
581	41
582	41
583	41
584	42
585	42
586	42
587	42
588	43
589	43
590	43
591	43
592	44
593	44
594	44
595	44
596	45
597	45
598	45
599	45
600	46
601	46
602	46
603	46
604	47
605	47
606	47
607	47
608	48
609	48
610	48
611	48
612	49
613	49
614	49
615	49
616	50
617	50
618	50
619	50
620	51
621	51
622	51
623	51
624	52
625	52
626	52
627	52
628	53
629	53
630	53
631	53
632	54
633	54
634	54
635	54
636	55
637	55
638	55
639	55
640	56
641	56
642	56
643	56
644	57
645	57
646	57
647	57
648	58
649	58
650	58
651	58
652	59
653	59
654	59
655	59
656	60
657	60
658	60
659	60
660	61
661	61
662	61
663	61
664	62
665	62
666	62
667	62
668	63
669	63
670	63
671	63
672	8
673	8
674	8
675	8
676	9
677	9
678	9
679	9
680	10
681	10
682	10
683	10
684	11
685	11
686	11
687	11
688	12
689	12
690	12
691	12
692	13
693	13
694	13
695	13
696	14
697	14
698	14
699	14
700	15
701	15
702	15
703	15
704	16
705	16
706	16
707	16
708	17
709	17
710	17
711	17
712	18
713	18
714	18
715	18
716	19
717	19
718	19
719	19
720	20
721	20
722	20
723	20
724	21
725	21
726	21
727	21
728	22
729	22
730	22
731	22
732	23
733	23
734	23
735	23
736	24
737	24
738	24
739	24
740	25
741	25
742	25
743	25
744	26
745	26
746	26
747	26
748	27
749	27
750	27
751	27
752	28
753	28
754	28
755	28
756	29
757	29
758	29
759	29
760	30
761	30
762	30
763	30
764	31
765	31
766	31
767	31
768	32
769	32
770	32
771	32
772	33
773	33
774	33
775	33
776	34
777	34
778	34
779	34
780	35
781	35
782	35
783	35
784	36
785	36
786	36
787	36
788	37
789	37
790	37
791	37
792	38
793	38
794	38
795	38
796	39
797	39
798	39
799	39
800	40
801	40
802	40
803	40
804	41
805	41
806	41
807	41
808	42
809	42
810	42
811	42
812	43
813	43
814	43
815	43
816	44
817	44
818	44
819	44
820	45
821	45
822	45
823	45
824	46
825	46
826	46
827	46
828	47
829	47
830	47
831	47
832	48
833	48
834	48
835	48
836	49
837	49
838	49
839	49
840	50
841	50
842	50
843	50
844	51
845	51
846	51
847	51
848	52
849	52
850	52
851	52
852	53
853	53
854	53
855	53
856	54
857	54
858	54
859	54
860	55
861	55
862	55
863	55
864	56
865	56
866	56
867	56
868	57
869	57
870	57
871	57
872	58
873	58
874	58
875	58
876	59
877	59
878	59
879	59
880	60
881	60
882	60
883	60
884	61
885	61
886	61
887	61
888	62
889	62
890	62
891	62
892	63
893	63
894	63
895	63
896	72
897	72
898	72
899	72
900	73
901	73
902	73
903	73
904	74
905	74
906	74
907	74
908	75
909	75
910	75
911	75
912	76
913	76
914	76
915	76
916	77
917	77
918	77
919	77
920	78
921	78
922	78
923	78
924	79
925	79
926	79
927	79
928	80
929	80
930	80
931	80
932	81
933	81
934	81
935	81
936	82
937	82
938	82
939	82
940	83
941	83
942	83
943	83
944	84
945	84
946	84
947	84
948	85
949	85
950	85
951	85
952	86
953	86
954	86
955	86
956	87
957	87
958	87
959	87
960	88
961	88
962	88
963	88
964	89
965	89
966	89
967	89
968	90
969	90
970	90
971	90
972	91
973	91
974	91
975	91
976	92
977	92
978	92
979	92
980	93
981	93
982	93
983	93
984	94
985	94
986	94
987	94
988	95
989	95
990	95
991	95
992	96
993	96
994	96
995	96
996	97
997	97
998	97
999	97
1000	98
1001	98
1002	98
1003	98
1004	99
1005	99
1006	99
1007	99
1008	100
1009	100
1010	100
1011	100
1012	101
1013	101
1014	101
1015	101
1016	102
1017	102
1018	102
1019	102
1020	103
1021	103
1022	103
1023	103
1024	104
1025	104
1026	104
1027	104
1028	105
1029	105
1030	105
1031	105
1032	106
1033	106
1034	106
1035	106
1036	107
1037	107
1038	107
1039	107
1040	108
1041	108
1042	108
1043	108
1044	109
1045	109
1046	109
1047	109
1048	110
1049	110
1050	110
1051	110
1052	111
1053	111
1054	111
1055	111
1056	112
1057	112
1058	112
1059	112
1060	113
1061	113
1062	113
1063	113
1064	114
1065	114
1066	114
1067	114
1068	115
1069	115
1070	115
1071	115
1072	116
1073	116
1074	116
1075	116
1076	117
1077	117
1078	117
1079	117
1080	118
1081	118
1082	118
1083	118
1084	119
1085	119
1086	119
1087	119
1088	120
1089	120
1090	120
1091	120
1092	121
1093	121
1094	121
1095	121
1096	122
1097	122
1098	122
1099	122
1100	123
1101	123
1102	123
1103	123
1104	124
1105	124
1106	124
1107	124
1108	125
1109	125
1110	125
1111	125
1112	126
1113	126
1114	126
1115	126
1116	127
1117	127
1118	127
1119	127
1120	72
1121	72
1122	72
1123	72
1124	73
1125	73
1126	73
1127	73
1128	74
1129	74
1130	74
1131	74
1132	75
1133	75
1134	75
1135	75
1136	76
1137	76
1138	76
1139	76
1140	77
1141	77
1142	77
1143	77
1144	78
1145	78
1146	78
1147	78
1148	79
1149	79
1150	79
1151	79
1152	80
1153	80
1154	80
1155	80
1156	81
1157	81
1158	81
1159	81
1160	82
1161	82
1162	82
1163	82
1164	83
1165	83
1166	83
1167	83
1168	84
1169	84
1170	84
1171	84
1172	85
1173	85
1174	85
1175	85
1176	86
1177	86
1178	86
1179	86
1180	87
1181	87
1182	87
1183	87
1184	88
1185	88
1186	88
1187	88
1188	89
1189	89
1190	89
1191	89
1192	90
1193	90
1194	90
1195	90
1196	91
1197	91
1198	91
1199	91
1200	92
1201	92
1202	92
1203	92
1204	93
1205	93
1206	93
1207	93
1208	94
1209	94
1210	94
1211	94
1212	95
1213	95
1214	95
1215	95
1216	96
1217	96
1218	96
1219	96
1220	97
1221	97
1222	97
1223	97
1224	98
1225	98
1226	98
1227	98
1228	99
1229	99
1230	99
1231	99
1232	100
1233	100
1234	100
1235	100
1236	101
1237	101
1238	101
1239	101
1240	102
1241	102
1242	102
1243	102
1244	103
1245	103
1246	103
1247	103
1248	104
1249	104
1250	104
1251	104
1252	105
1253	105
1254	105
1255	105
1256	106
1257	106
1258	106
1259	106
1260	107
1261	107
1262	107
1263	107
1264	108
1265	108
1266	108
1267	108
1268	109
1269	109
1270	109
1271	109
1272	110
1273	110
1274	110
1275	110
1276	111
1277	111
1278	111
1279	111
1280	112
1281	112
1282	112
1283	112
1284	113
1285	113
1286	113
1287	113
1288	114
1289	114
1290	114
1291	114
1292	115
1293	115
1294	115
1295	115
1296	116
1297	116
1298	116
1299	116
1300	117
1301	117
1302	117
1303	117
1304	118
1305	118
1306	118
1307	118
1308	119
1309	119
1310	119
1311	119
1312	120
1313	120
1314	120
1315	120
1316	121
1317	121
1318	121
1319	121
1320	122
1321	122
1322	122
1323	122
1324	123
1325	123
1326	123
1327	123
1328	124
1329	124
1330	124
1331	124
1332	125
1333	125
1334	125
1335	125
1336	126
1337	126
1338	126
1339	126
1340	127
1341	127
1342	127
1343	127
1344	71
1345	72
1346	72
1347	72
1348	72
1349	73
1350	73
1351	73
1352	73
1353	74
1354	74
1355	74
1356	74
1357	75
1358	75
1359	75
1360	75
1361	76
1362	76
1363	76
1364	76
1365	77
1366	77
1367	77
1368	77
1369	78
1370	78
1371	78
1372	78
1373	79
1374	79
1375	79
1376	79
1377	80
1378	80
1379	80
1380	80
1381	81
1382	81
1383	81
1384	81
1385	82
1386	82
1387	82
1388	82
1389	83
1390	83
1391	83
1392	83
1393	84
1394	84
1395	84
1396	84
1397	85
1398	85
1399	85
1400	85
1401	86
1402	86
1403	86
1404	86
1405	87
1406	87
1407	87
1408	87
1409	88
1410	88
1411	88
1412	88
1413	89
1414	89
1415	89
1416	89
1417	90
1418	90
1419	90
1420	90
1421	91
1422	91
1423	91
1424	91
1425	92
1426	92
1427	92
1428	92
1429	93
1430	93
1431	93
1432	93
1433	94
1434	94
1435	94
1436	94
1437	95
1438	95
1439	95
1440	95
1441	96
1442	96
1443	96
1444	96
1445	97
1446	97
1447	97
1448	97
1449	98
1450	98
1451	98
1452	98
1453	99
1454	99
1455	99
1456	99
1457	100
1458	100
1459	100
1460	100
1461	101
1462	101
1463	101
1464	101
1465	102
1466	102
1467	102
1468	102
1469	103
1470	103
1471	103
1472	103
1473	104
1474	104
1475	104
1476	104
1477	105
1478	105
1479	105
1480	105
1481	106
1482	106
1483	106
1484	106
1485	107
1486	107
1487	107
1488	107
1489	108
1490	108
1491	108
1492	108
1493	109
1494	109
1495	109
1496	109
1497	110
1498	110
1499	110
1500	110
1501	111
1502	111
1503	111
1504	111
1505	112
1506	112
1507	112
1508	112
1509	113
1510	113
1511	113
1512	113
1513	114
1514	114
1515	114
1516	114
1517	115
1518	115
1519	115
1520	115
1521	116
1522	116
1523	116
1524	116
1525	117
1526	117
1527	117
1528	117
1529	118
1530	118
1531	118
1532	118
1533	119
1534	119
1535	119
1536	119
1537	120
1538	120
1539	120
1540	120
1541	121
1542	121
1543	121
1544	121
1545	122
1546	122
1547	122
1548	122
1549	123
1550	123
1551	123
1552	123
1553	124
1554	124
1555	124
1556	124
1557	125
1558	125
1559	125
1560	125
1561	126
1562	126
1563	126
1564	126
1565	127
1566	127
1567	127
1568	127
1569	71
1570	72
1571	72
1572	72
1573	72
1574	73
1575	73
1576	73
1577	73
1578	74
1579	74
1580	74
1581	74
1582	75
1583	75
1584	75
1585	75
1586	76
1587	76
1588	76
1589	76
1590	77
1591	77
1592	77
1593	77
1594	78
1595	78
1596	78
1597	78
1598	79
1599	79
1600	79
1601	79
1602	80
1603	80
1604	80
1605	80
1606	81
1607	81
1608	81
1609	81
1610	82
1611	82
1612	82
1613	82
1614	83
1615	83
1616	83
1617	83
1618	84
1619	84
1620	84
1621	84
1622	85
1623	85
1624	85
1625	85
1626	86
1627	86
1628	86
1629	86
1630	87
1631	87
1632	87
1633	87
1634	88
1635	88
1636	88
1637	88
1638	89
1639	89
1640	89
1641	89
1642	90
1643	90
1644	90
1645	90
1646	91
1647	91
1648	91
1649	91
1650	92
1651	92
1652	92
1653	92
1654	93
1655	93
1656	93
1657	93
1658	94
1659	94
1660	94
1661	94
1662	95
1663	95
1664	95
1665	95
1666	96
1667	96
1668	96
1669	96
1670	97
1671	97
1672	97
1673	97
1674	98
1675	98
1676	98
1677	98
1678	99
1679	99
1680	99
1681	99
1682	100
1683	100
1684	100
1685	100
1686	101
1687	101
1688	101
1689	101
1690	102
1691	102
1692	102
1693	102
1694	103
1695	103
1696	103
1697	103
1698	104
1699	104
1700	104
1701	104
1702	105
1703	105
1704	105
1705	105
1706	106
1707	106
1708	106
1709	106
1710	107
1711	107
1712	107
1713	107
1714	108
1715	108
1716	108
1717	108
1718	109
1719	109
1720	109
1721	109
1722	110
1723	110
1724	110
1725	110
1726	111
1727	111
1728	111
1729	111
1730	112
1731	112
1732	112
1733	112
1734	113
1735	113
1736	113
1737	113
1738	114
1739	114
1740	114
1741	114
1742	115
1743	115
1744	115
1745	115
1746	116
1747	116
1748	116
1749	116
1750	117
1751	117
1752	117
1753	117
1754	118
1755	118
1756	118
1757	118
1758	119
1759	119
1760	119
1761	119
1762	120
1763	120
1764	120
1765	120
1766	121
1767	121
1768	121
1769	121
1770	122
1771	122
1772	122
1773	122
1774	123
1775	123
1776	123
1777	123
1778	124
1779	124
1780	124
1781	124
1782	125
1783	125
1784	125
1785	125
1786	126
1787	126
1788	126
1789	126
1790	127
1791	127
1792	127
1793	127
1794	135
1795	136
1796	136
1797	136
1798	136
1799	137
1800	137
1801	137
1802	137
1803	138
1804	138
1805	138
1806	138
1807	139
1808	139
1809	139
1810	139
1811	140
1812	140
1813	140
1814	140
1815	141
1816	141
1817	141
1818	141
1819	142
1820	142
1821	142
1822	142
1823	143
1824	143
1825	143
1826	143
1827	144
1828	144
1829	144
1830	144
1831	145
1832	145
1833	145
1834	145
1835	146
1836	146
1837	146
1838	146
1839	147
1840	147
1841	147
1842	147
1843	148
1844	148
1845	148
1846	148
1847	149
1848	149
1849	149
1850	149
1851	150
1852	150
1853	150
1854	150
1855	151
1856	151
1857	151
1858	151
1859	152
1860	152
1861	152
1862	152
1863	153
1864	153
1865	153
1866	153
1867	154
1868	154
1869	154
1870	154
1871	155
1872	155
1873	155
1874	155
1875	156
1876	156
1877	156
1878	156
1879	157
1880	157
1881	157
1882	157
1883	158
1884	158
1885	158
1886	158
1887	159
1888	159
1889	159
1890	159
1891	160
1892	160
1893	160
1894	160
1895	161
1896	161
1897	161
1898	161
1899	162
1900	162
1901	162
1902	162
1903	163
1904	163
1905	163
1906	163
1907	164
1908	164
1909	164
1910	164
1911	165
1912	165
1913	165
1914	165
1915	166
1916	166
1917	166
1918	166
1919	167
1920	167
1921	167
1922	167
1923	168
1924	168
1925	168
1926	168
1927	169
1928	169
1929	169
1930	169
1931	170
1932	170
1933	170
1934	170
1935	171
1936	171
1937	171
1938	171
1939	172
1940	172
1941	172
1942	172
1943	173
1944	173
1945	173
1946	173
1947	174
1948	174
1949	174
1950	174
1951	175
1952	175
1953	175
1954	175
1955	176
1956	176
1957	176
1958	176
1959	177
1960	177
1961	177
1962	177
1963	178
1964	178
1965	178
1966	178
1967	179
1968	179
1969	179
1970	179
1971	180
1972	180
1973	180
1974	180
1975	181
1976	181
1977	181
1978	181
1979	182
1980	182
1981	182
1982	182
1983	183
1984	183
1985	183
1986	183
1987	184
1988	184
1989	184
1990	184
1991	185
1992	185
1993	185
1994	185
1995	186
1996	186
1997	186
1998	186
1999	187
2000	187
2001	187
2002	187
2003	188
2004	188
2005	188
2006	188
2007	189
2008	189
2009	189
2010	189
2011	190
2012	190
2013	190
2014	190
2015	191
2016	191
2017	191
2018	191
2019	135
2020	136
2021	136
2022	136
2023	136
2024	137
2025	137
2026	137
2027	137
2028	138
2029	138
2030	138
2031	138
2032	139
2033	139
2034	139
2035	139
2036	140
2037	140
2038	140
2039	140
2040	141
2041	141
2042	141
2043	141
2044	142
2045	142
2046	142
2047	142
2048	143
2049	143
2050	143
2051	143
2052	144
2053	144
2054	144
2055	144
2056	145
2057	145
2058	145
2059	145
2060	146
2061	146
2062	146
2063	146
2064	147
2065	147
2066	147
2067	147
2068	148
2069	148
2070	148
2071	148
2072	149
2073	149
2074	149
2075	149
2076	150
2077	150
2078	150
2079	150
2080	151
2081	151
2082	151
2083	151
2084	152
2085	152
2086	152
2087	152
2088	153
2089	153
2090	153
2091	153
2092	154
2093	154
2094	154
2095	154
2096	155
2097	155
2098	155
2099	155
2100	156
2101	156
2102	156
2103	156
2104	157
2105	157
2106	157
2107	157
2108	158
2109	158
2110	158
2111	158
2112	159
2113	159
2114	159
2115	159
2116	160
2117	160
2118	160
2119	160
2120	161
2121	161
2122	161
2123	161
2124	162
2125	162
2126	162
2127	162
2128	163
2129	163
2130	163
2131	163
2132	164
2133	164
2134	164
2135	164
2136	165
2137	165
2138	165
2139	165
2140	166
2141	166
2142	166
2143	166
2144	167
2145	167
2146	167
2147	167
2148	168
2149	168
2150	168
2151	168
2152	169
2153	169
2154	169
2155	169
2156	170
2157	170
2158	170
2159	170
2160	171
2161	171
2162	171
2163	171
2164	172
2165	172
2166	172
2167	172
2168	173
2169	173
2170	173
2171	173
2172	174
2173	174
2174	174
2175	174
2176	175
2177	175
2178	175
2179	175
2180	176
2181	176
2182	176
2183	176
2184	177
2185	177
2186	177
2187	177
2188	178
2189	178
2190	178
2191	178
2192	179
2193	179
2194	179
2195	179
2196	180
2197	180
2198	180
2199	180
2200	181
2201	181
2202	181
2203	181
2204	182
2205	182
2206	182
2207	182
2208	183
2209	183
2210	183
2211	183
2212	184
2213	184
2214	184
2215	184
2216	185
2217	185
2218	185
2219	185
2220	186
2221	186
2222	186
2223	186
2224	187
2225	187
2226	187
2227	187
2228	188
2229	188
2230	188
2231	188
2232	189
2233	189
2234	189
2235	189
2236	190
2237	190
2238	190
2239	190
2240	191
2241	191
2242	191
2243	191
2244	135
2245	135
2246	136
2247	136
2248	136
2249	136
2250	137
2251	137
2252	137
2253	137
2254	138
2255	138
2256	138
2257	138
2258	139
2259	139
2260	139
2261	139
2262	140
2263	140
2264	140
2265	140
2266	141
2267	141
2268	141
2269	141
2270	142
2271	142
2272	142
2273	142
2274	143
2275	143
2276	143
2277	143
2278	144
2279	144
2280	144
2281	144
2282	145
2283	145
2284	145
2285	145
2286	146
2287	146
2288	146
2289	146
2290	147
2291	147
2292	147
2293	147
2294	148
2295	148
2296	148
2297	148
2298	149
2299	149
2300	149
2301	149
2302	150
2303	150
2304	150
2305	150
2306	151
2307	151
2308	151
2309	151
2310	152
2311	152
2312	152
2313	152
2314	153
2315	153
2316	153
2317	153
2318	154
2319	154
2320	154
2321	154
2322	155
2323	155
2324	155
2325	155
2326	156
2327	156
2328	156
2329	156
2330	157
2331	157
2332	157
2333	157
2334	158
2335	158
2336	158
2337	158
2338	159
2339	159
2340	159
2341	159
2342	160
2343	160
2344	160
2345	160
2346	161
2347	161
2348	161
2349	161
2350	162
2351	162
2352	162
2353	162
2354	163
2355	163
2356	163
2357	163
2358	164
2359	164
2360	164
2361	164
2362	165
2363	165
2364	165
2365	165
2366	166
2367	166
2368	166
2369	166
2370	167
2371	167
2372	167
2373	167
2374	168
2375	168
2376	168
2377	168
2378	169
2379	169
2380	169
2381	169
2382	170
2383	170
2384	170
2385	170
2386	171
2387	171
2388	171
2389	171
2390	172
2391	172
2392	172
2393	172
2394	173
2395	173
2396	173
2397	173
2398	174
2399	174
2400	174
2401	174
2402	175
2403	175
2404	175
2405	175
2406	176
2407	176
2408	176
2409	176
2410	177
2411	177
2412	177
2413	177
2414	178
2415	178
2416	178
2417	178
2418	179
2419	179
2420	179
2421	179
2422	180
2423	180
2424	180
2425	180
2426	181
2427	181
2428	181
2429	181
2430	182
2431	182
2432	182
2433	182
2434	183
2435	183
2436	183
2437	183
2438	184
2439	184
2440	184
2441	184
2442	185
2443	185
2444	185
2445	185
2446	186
2447	186
2448	186
2449	186
2450	187
2451	187
2452	187
2453	187
2454	188
2455	188
2456	188
2457	188
2458	189
2459	189
2460	189
2461	189
2462	190
2463	190
2464	190
2465	190
2466	191
2467	191
2468	191
2469	191
2470	135
2471	135
2472	136
2473	136
2474	136
2475	136
2476	137
2477	137
2478	137
2479	137
2480	138
2481	138
2482	138
2483	138
2484	139
2485	139
2486	139
2487	139
2488	140
2489	140
2490	140
2491	140
2492	141
2493	141
2494	141
2495	141
2496	142
2497	142
2498	142
2499	142
2500	143
2501	143
2502	143
2503	143
2504	144
2505	144
2506	144
2507	144
2508	145
2509	145
2510	145
2511	145
2512	146
2513	146
2514	146
2515	146
2516	147
2517	147
2518	147
2519	147
2520	148
2521	148
2522	148
2523	148
2524	149
2525	149
2526	149
2527	149
2528	150
2529	150
2530	150
2531	150
2532	151
2533	151
2534	151
2535	151
2536	152
2537	152
2538	152
2539	152
2540	153
2541	153
2542	153
2543	153
2544	154
2545	154
2546	154
2547	154
2548	155
2549	155
2550	155
2551	155
2552	156
2553	156
2554	156
2555	156
2556	157
2557	157
2558	157
2559	157
2560	158
2561	158
2562	158
2563	158
2564	159
2565	159
2566	159
2567	159
2568	160
2569	160
2570	160
2571	160
2572	161
2573	161
2574	161
2575	161
2576	162
2577	162
2578	162
2579	162
2580	163
2581	163
2582	163
2583	163
2584	164
2585	164
2586	164
2587	164
2588	165
2589	165
2590	165
2591	165
2592	166
2593	166
2594	166
2595	166
2596	167
2597	167
2598	167
2599	167
2600	168
2601	168
2602	168
2603	168
2604	169
2605	169
2606	169
2607	169
2608	170
2609	170
2610	170
2611	170
2612	171
2613	171
2614	171
2615	171
2616	172
2617	172
2618	172
2619	172
2620	173
2621	173
2622	173
2623	173
2624	174
2625	174
2626	174
2627	174
2628	175
2629	175
2630	175
2631	175
2632	176
2633	176
2634	176
2635	176
2636	177
2637	177
2638	177
2639	177
2640	178
2641	178
2642	178
2643	178
2644	179
2645	179
2646	179
2647	179
2648	180
2649	180
2650	180
2651	180
2652	181
2653	181
2654	181
2655	181
2656	182
2657	182
2658	182
2659	182
2660	183
2661	183
2662	183
2663	183
2664	184
2665	184
2666	184
2667	184
2668	185
2669	185
2670	185
2671	185
2672	186
2673	186
2674	186
2675	186
2676	187
2677	187
2678	187
2679	187
2680	188
2681	188
2682	188
2683	188
2684	189
2685	189
2686	189
2687	189
2688	190
2689	190
2690	190
2691	190
2692	191
2693	191
2694	191
2695	191
2696	199
2697	199
2698	199
2699	200
2700	200
2701	200
2702	200
2703	201
2704	201
2705	201
2706	201
2707	202
2708	202
2709	202
2710	202
2711	203
2712	203
2713	203
2714	203
2715	204
2716	204
2717	204
2718	204
2719	205
2720	205
2721	205
2722	205
2723	206
2724	206
2725	206
2726	206
2727	207
2728	207
2729	207
2730	207
2731	208
2732	208
2733	208
2734	208
2735	209
2736	209
2737	209
2738	209
2739	210
2740	210
2741	210
2742	210
2743	211
2744	211
2745	211
2746	211
2747	212
2748	212
2749	212
2750	212
2751	213
2752	213
2753	213
2754	213
2755	214
2756	214
2757	214
2758	214
2759	215
2760	215
2761	215
2762	215
2763	216
2764	216
2765	216
2766	216
2767	217
2768	217
2769	217
2770	217
2771	218
2772	218
2773	218
2774	218
2775	219
2776	219
2777	219
2778	219
2779	220
2780	220
2781	220
2782	220
2783	221
2784	221
2785	221
2786	221
2787	222
2788	222
2789	222
2790	222
2791	223
2792	223
2793	223
2794	223
2795	224
2796	224
2797	224
2798	224
2799	225
2800	225
2801	225
2802	225
2803	226
2804	226
2805	226
2806	226
2807	227
2808	227
2809	227
2810	227
2811	228
2812	228
2813	228
2814	228
2815	229
2816	229
2817	229
2818	229
2819	230
2820	230
2821	230
2822	230
2823	231
2824	231
2825	231
2826	231
2827	232
2828	232
2829	232
2830	232
2831	233
2832	233
2833	233
2834	233
2835	234
2836	234
2837	234
2838	234
2839	235
2840	235
2841	235
2842	235
2843	236
2844	236
2845	236
2846	236
2847	237
2848	237
2849	237
2850	237
2851	238
2852	238
2853	238
2854	238
2855	239
2856	239
2857	239
2858	239
2859	240
2860	240
2861	240
2862	240
2863	241
2864	241
2865	241
2866	241
2867	242
2868	242
2869	242
2870	242
2871	243
2872	243
2873	243
2874	243
2875	244
2876	244
2877	244
2878	244
2879	245
2880	245
2881	245
2882	245
2883	246
2884	246
2885	246
2886	246
2887	247
2888	247
2889	247
2890	247
2891	248
2892	248
2893	248
2894	248
2895	249
2896	249
2897	249
2898	249
2899	250
2900	250
2901	250
2902	250
2903	251
2904	251
2905	251
2906	251
2907	252
2908	252
2909	252
2910	252
2911	253
2912	253
2913	253
2914	253
2915	254
2916	254
2917	254
2918	254
2919	255
2920	255
2921	255
2922	255
2923	199
2924	199
2925	199
2926	200
2927	200
2928	200
2929	200
2930	201
2931	201
2932	201
2933	201
2934	202
2935	202
2936	202
2937	202
2938	203
2939	203
2940	203
2941	203
2942	204
2943	204
2944	204
2945	204
2946	205
2947	205
2948	205
2949	205
2950	206
2951	206
2952	206
2953	206
2954	207
2955	207
2956	207
2957	207
2958	208
2959	208
2960	208
2961	208
2962	209
2963	209
2964	209
2965	209
2966	210
2967	210
2968	210
2969	210
2970	211
2971	211
2972	211
2973	211
2974	212
2975	212
2976	212
2977	212
2978	213
2979	213
2980	213
2981	213
2982	214
2983	214
2984	214
2985	214
2986	215
2987	215
2988	215
2989	215
2990	216
2991	216
2992	216
2993	216
2994	217
2995	217
2996	217
2997	217
2998	218
2999	218
3000	218
3001	218
3002	219
3003	219
3004	219
3005	219
3006	220
3007	220
3008	220
3009	220
3010	221
3011	221
3012	221
3013	221
3014	222
3015	222
3016	222
3017	222
3018	223
3019	223
3020	223
3021	223
3022	224
3023	224
3024	224
3025	224
3026	225
3027	225
3028	225
3029	225
3030	226
3031	226
3032	226
3033	226
3034	227
3035	227
3036	227
3037	227
3038	228
3039	228
3040	228
3041	228
3042	229
3043	229
3044	229
3045	229
3046	230
3047	230
3048	230
3049	230
3050	231
3051	231
3052	231
3053	231
3054	232
3055	232
3056	232
3057	232
3058	233
3059	233
3060	233
3061	233
3062	234
3063	234
3064	234
3065	234
3066	235
3067	235
3068	235
3069	235
3070	236
3071	236
3072	236
3073	236
3074	237
3075	237
3076	237
3077	237
3078	238
3079	238
3080	238
3081	238
3082	239
3083	239
3084	239
3085	239
3086	240
3087	240
3088	240
3089	240
3090	241
3091	241
3092	241
3093	241
3094	242
3095	242
3096	242
3097	242
3098	243
3099	243
3100	243
3101	243
3102	244
3103	244
3104	244
3105	244
3106	245
3107	245
3108	245
3109	245
3110	246
3111	246
3112	246
3113	246
3114	247
3115	247
3116	247
3117	247
3118	248
3119	248
3120	248
3121	248
3122	249
3123	249
3124	249
3125	249
3126	250
3127	250
3128	250
3129	250
3130	251
3131	251
3132	251
3133	251
3134	252
3135	252
3136	252
3137	252
3138	253
3139	253
3140	253
3141	253
3142	254
3143	254
3144	254
3145	254
3146	255
3147	255
3148	255
3149	255
3150	199
3151	199
3152	199
3153	200
3154	200
3155	200
3156	200
3157	201
3158	201
3159	201
3160	201
3161	202
3162	202
3163	202
3164	202
3165	203
3166	203
3167	203
3168	203
3169	204
3170	204
3171	204
3172	204
3173	205
3174	205
3175	205
3176	205
3177	206
3178	206
3179	206
3180	206
3181	207
3182	207
3183	207
3184	207
3185	208
3186	208
3187	208
3188	208
3189	209
3190	209
3191	209
3192	209
3193	210
3194	210
3195	210
3196	210
3197	211
3198	211
3199	211
3200	211
3201	212
3202	212
3203	212
3204	212
3205	213
3206	213
3207	213
3208	213
3209	214
3210	214
3211	214
3212	214
3213	215
3214	215
3215	215
3216	215
3217	216
3218	216
3219	216
3220	216
3221	217
3222	217
3223	217
3224	217
3225	218
3226	218
3227	218
3228	218
3229	219
3230	219
3231	219
3232	219
3233	220
3234	220
3235	220
3236	220
3237	221
3238	221
3239	221
3240	221
3241	222
3242	222
3243	222
3244	222
3245	223
3246	223
3247	223
3248	223
3249	224
3250	224
3251	224
3252	224
3253	225
3254	225
3255	225
3256	225
3257	226
3258	226
3259	226
3260	226
3261	227
3262	227
3263	227
3264	227
3265	228
3266	228
3267	228
3268	228
3269	229
3270	229
3271	229
3272	229
3273	230
3274	230
3275	230
3276	230
3277	231
3278	231
3279	231
3280	231
3281	232
3282	232
3283	232
3284	232
3285	233
3286	233
3287	233
3288	233
3289	234
3290	234
3291	234
3292	234
3293	235
3294	235
3295	235
3296	235
3297	236
3298	236
3299	236
3300	236
3301	237
3302	237
3303	237
3304	237
3305	238
3306	238
3307	238
3308	238
3309	239
3310	239
3311	239
3312	239
3313	240
3314	240
3315	240
3316	240
3317	241
3318	241
3319	241
3320	241
3321	242
3322	242
3323	242
3324	242
3325	243
3326	243
3327	243
3328	243
3329	244
3330	244
3331	244
3332	244
3333	245
3334	245
3335	245
3336	245
3337	246
3338	246
3339	246
3340	246
3341	247
3342	247
3343	247
3344	247
3345	248
3346	248
3347	248
3348	248
3349	249
3350	249
3351	249
3352	249
3353	250
3354	250
3355	250
3356	250
3357	251
3358	251
3359	251
3360	251
3361	252
3362	252
3363	252
3364	252
3365	253
3366	253
3367	253
3368	253
3369	254
3370	254
3371	254
3372	254
3373	255
3374	255
3375	255
3376	255
3377	199
3378	199
3379	199
3380	199
3381	200
3382	200
3383	200
3384	200
3385	201
3386	201
3387	201
3388	201
3389	202
3390	202
3391	202
3392	202
3393	203
3394	203
3395	203
3396	203
3397	204
3398	204
3399	204
3400	204
3401	205
3402	205
3403	205
3404	205
3405	206
3406	206
3407	206
3408	206
3409	207
3410	207
3411	207
3412	207
3413	208
3414	208
3415	208
3416	208
3417	209
3418	209
3419	209
3420	209
3421	210
3422	210
3423	210
3424	210
3425	211
3426	211
3427	211
3428	211
3429	212
3430	212
3431	212
3432	212
3433	213
3434	213
3435	213
3436	213
3437	214
3438	214
3439	214
3440	214
3441	215
3442	215
3443	215
3444	215
3445	216
3446	216
3447	216
3448	216
3449	217
3450	217
3451	217
3452	217
3453	218
3454	218
3455	218
3456	218
3457	219
3458	219
3459	219
3460	219
3461	220
3462	220
3463	220
3464	220
3465	221
3466	221
3467	221
3468	221
3469	222
3470	222
3471	222
3472	222
3473	223
3474	223
3475	223
3476	223
3477	224
3478	224
3479	224
3480	224
3481	225
3482	225
3483	225
3484	225
3485	226
3486	226
3487	226
3488	226
3489	227
3490	227
3491	227
3492	227
3493	228
3494	228
3495	228
3496	228
3497	229
3498	229
3499	229
3500	229
3501	230
3502	230
3503	230
3504	230
3505	231
3506	231
3507	231
3508	231
3509	232
3510	232
3511	232
3512	232
3513	233
3514	233
3515	233
3516	233
3517	234
3518	234
3519	234
3520	234
3521	235
3522	235
3523	235
3524	235
3525	236
3526	236
3527	236
3528	236
3529	237
3530	237
3531	237
3532	237
3533	238
3534	238
3535	238
3536	238
3537	239
3538	239
3539	239
3540	239
3541	240
3542	240
3543	240
3544	240
3545	241
3546	241
3547	241
3548	241
3549	242
3550	242
3551	242
3552	242
3553	243
3554	243
3555	243
3556	243
3557	244
3558	244
3559	244
3560	244
3561	245
3562	245
3563	245
3564	245
3565	246
3566	246
3567	246
3568	246
3569	247
3570	247
3571	247
3572	247
3573	248
3574	248
3575	248
3576	248
3577	249
3578	249
3579	249
3580	249
3581	250
3582	250
3583	250
3584	250
3585	251
3586	251
3587	251
3588	251
3589	252
3590	252
3591	252
3592	252
3593	253
3594	253
3595	253
3596	253
3597	254
3598	254
3599	254
3600	254
3601	255
3602	255
3603	255
3604	255
3605	262
3606	263
3607	263
3608	263
3609	263
3610	264
3611	264
3612	264
3613	264
3614	265
3615	265
3616	265
3617	265
3618	266
3619	266
3620	266
3621	266
3622	267
3623	267
3624	267
3625	267
3626	268
3627	268
3628	268
3629	268
3630	269
3631	269
3632	269
3633	269
3634	270
3635	270
3636	270
3637	270
3638	271
3639	271
3640	271
3641	271
3642	272
3643	272
3644	272
3645	272
3646	273
3647	273
3648	273
3649	273
3650	274
3651	274
3652	274
3653	274
3654	275
3655	275
3656	275
3657	275
3658	276
3659	276
3660	276
3661	276
3662	277
3663	277
3664	277
3665	277
3666	278
3667	278
3668	278
3669	278
3670	279
3671	279
3672	279
3673	279
3674	280
3675	280
3676	280
3677	280
3678	281
3679	281
3680	281
3681	281
3682	282
3683	282
3684	282
3685	282
3686	283
3687	283
3688	283
3689	283
3690	284
3691	284
3692	284
3693	284
3694	285
3695	285
3696	285
3697	285
3698	286
3699	286
3700	286
3701	286
3702	287
3703	287
3704	287
3705	287
3706	288
3707	288
3708	288
3709	288
3710	289
3711	289
3712	289
3713	289
3714	290
3715	290
3716	290
3717	290
3718	291
3719	291
3720	291
3721	291
3722	292
3723	292
3724	292
3725	292
3726	293
3727	293
3728	293
3729	293
3730	294
3731	294
3732	294
3733	294
3734	295
3735	295
3736	295
3737	295
3738	296
3739	296
3740	296
3741	296
3742	297
3743	297
3744	297
3745	297
3746	298
3747	298
3748	298
3749	298
3750	299
3751	299
3752	299
3753	299
3754	300
3755	300
3756	300
3757	300
3758	301
3759	301
3760	301
3761	301
3762	302
3763	302
3764	302
3765	302
3766	303
3767	303
3768	303
3769	303
3770	304
3771	304
3772	304
3773	304
3774	305
3775	305
3776	305
3777	305
3778	306
3779	306
3780	306
3781	306
3782	307
3783	307
3784	307
3785	307
3786	308
3787	308
3788	308
3789	308
3790	309
3791	309
3792	309
3793	309
3794	310
3795	310
3796	310
3797	310
3798	311
3799	311
3800	311
3801	311
3802	312
3803	312
3804	312
3805	312
3806	313
3807	313
3808	313
3809	313
3810	314
3811	314
3812	314
3813	314
3814	315
3815	315
3816	315
3817	315
3818	316
3819	316
3820	316
3821	316
3822	317
3823	317
3824	317
3825	317
3826	318
3827	318
3828	318
3829	318
3830	319
3831	319
3832	319
3833	319
3834	262
3835	263
3836	263
3837	263
3838	263
3839	264
3840	264
3841	264
3842	264
3843	265
3844	265
3845	265
3846	265
3847	266
3848	266
3849	266
3850	266
3851	267
3852	267
3853	267
3854	267
3855	268
3856	268
3857	268
3858	268
3859	269
3860	269
3861	269
3862	269
3863	270
3864	270
3865	270
3866	270
3867	271
3868	271
3869	271
3870	271
3871	272
3872	272
3873	272
3874	272
3875	273
3876	273
3877	273
3878	273
3879	274
3880	274
3881	274
3882	274
3883	275
3884	275
3885	275
3886	275
3887	276
3888	276
3889	276
3890	276
3891	277
3892	277
3893	277
3894	277
3895	278
3896	278
3897	278
3898	278
3899	279
3900	279
3901	279
3902	279
3903	280
3904	280
3905	280
3906	280
3907	281
3908	281
3909	281
3910	281
3911	282
3912	282
3913	282
3914	282
3915	283
3916	283
3917	283
3918	283
3919	284
3920	284
3921	284
3922	284
3923	285
3924	285
3925	285
3926	285
3927	286
3928	286
3929	286
3930	286
3931	287
3932	287
3933	287
3934	287
3935	288
3936	288
3937	288
3938	288
3939	289
3940	289
3941	289
3942	289
3943	290
3944	290
3945	290
3946	290
3947	291
3948	291
3949	291
3950	291
3951	292
3952	292
3953	292
3954	292
3955	293
3956	293
3957	293
3958	293
3959	294
3960	294
3961	294
3962	294
3963	295
3964	295
3965	295
3966	295
3967	296
3968	296
3969	296
3970	296
3971	297
3972	297
3973	297
3974	297
3975	298
3976	298
3977	298
3978	298
3979	299
3980	299
3981	299
3982	299
3983	300
3984	300
3985	300
3986	300
3987	301
3988	301
3989	301
3990	301
3991	302
3992	302
3993	302
3994	302
3995	303
3996	303
3997	303
3998	303
3999	304
4000	304
4001	304
4002	304
4003	305
4004	305
4005	305
4006	305
4007	306
4008	306
4009	306
4010	306
4011	307
4012	307
4013	307
4014	307
4015	308
4016	308
4017	308
4018	308
4019	309
4020	309
4021	309
4022	309
4023	310
4024	310
4025	310
4026	310
4027	311
4028	311
4029	311
4030	311
4031	312
4032	312
4033	312
4034	312
4035	313
4036	313
4037	313
4038	313
4039	314
4040	314
4041	314
4042	314
4043	315
4044	315
4045	315
4046	315
4047	316
4048	316
4049	316
4050	316
4051	317
4052	317
4053	317
4054	317
4055	318
4056	318
4057	318
4058	318
4059	319
4060	319
4061	319
4062	319
4063	262
4064	262
4065	263
4066	263
4067	263
4068	263
4069	264
4070	264
4071	264
4072	264
4073	265
4074	265
4075	265
4076	265
4077	266
4078	266
4079	266
4080	266
4081	267
4082	267
4083	267
4084	267
4085	268
4086	268
4087	268
4088	268
4089	269
4090	269
4091	269
4092	269
4093	270
4094	270
4095	270
4096	270
4097	271
4098	271
4099	271
4100	271
4101	272
4102	272
4103	272
4104	272
4105	273
4106	273
4107	273
4108	273
4109	274
4110	274
4111	274
4112	274
4113	275
4114	275
4115	275
4116	275
4117	276
4118	276
4119	276
4120	276
4121	277
4122	277
4123	277
4124	277
4125	278
4126	278
4127	278
4128	278
4129	279
4130	279
4131	279
4132	279
4133	280
4134	280
4135	280
4136	280
4137	281
4138	281
4139	281
4140	281
4141	282
4142	282
4143	282
4144	282
4145	283
4146	283
4147	283
4148	283
4149	284
4150	284
4151	284
4152	284
4153	285
4154	285
4155	285
4156	285
4157	286
4158	286
4159	286
4160	286
4161	287
4162	287
4163	287
4164	287
4165	288
4166	288
4167	288
4168	288
4169	289
4170	289
4171	289
4172	289
4173	290
4174	290
4175	290
4176	290
4177	291
4178	291
4179	291
4180	291
4181	292
4182	292
4183	292
4184	292
4185	293
4186	293
4187	293
4188	293
4189	294
4190	294
4191	294
4192	294
4193	295
4194	295
4195	295
4196	295
4197	296
4198	296
4199	296
4200	296
4201	297
4202	297
4203	297
4204	297
4205	298
4206	298
4207	298
4208	298
4209	299
4210	299
4211	299
4212	299
4213	300
4214	300
4215	300
4216	300
4217	301
4218	301
4219	301
4220	301
4221	302
4222	302
4223	302
4224	302
4225	303
4226	303
4227	303
4228	303
4229	304
4230	304
4231	304
4232	304
4233	305
4234	305
4235	305
4236	305
4237	306
4238	306
4239	306
4240	306
4241	307
4242	307
4243	307
4244	307
4245	308
4246	308
4247	308
4248	308
4249	309
4250	309
4251	309
4252	309
4253	310
4254	310
4255	310
4256	310
4257	311
4258	311
4259	311
4260	311
4261	312
4262	312
4263	312
4264	312
4265	313
4266	313
4267	313
4268	313
4269	314
4270	314
4271	314
4272	314
4273	315
4274	315
4275	315
4276	315
4277	316
4278	316
4279	316
4280	316
4281	317
4282	317
4283	317
4284	317
4285	318
4286	318
4287	318
4288	318
4289	319
4290	319
4291	319
4292	319
4293	262
4294	262
4295	262
4296	263
4297	263
4298	263
4299	263
4300	264
4301	264
4302	264
4303	264
4304	265
4305	265
4306	265
4307	265
4308	266
4309	266
4310	266
4311	266
4312	267
4313	267
4314	267
4315	267
4316	268
4317	268
4318	268
4319	268
4320	269
4321	269
4322	269
4323	269
4324	270
4325	270
4326	270
4327	270
4328	271
4329	271
4330	271
4331	271
4332	272
4333	272
4334	272
4335	272
4336	273
4337	273
4338	273
4339	273
4340	274
4341	274
4342	274
4343	274
4344	275
4345	275
4346	275
4347	275
4348	276
4349	276
4350	276
4351	276
4352	277
4353	277
4354	277
4355	277
4356	278
4357	278
4358	278
4359	278
4360	279
4361	279
4362	279
4363	279
4364	280
4365	280
4366	280
4367	280
4368	281
4369	281
4370	281
4371	281
4372	282
4373	282
4374	282
4375	282
4376	283
4377	283
4378	283
4379	283
4380	284
4381	284
4382	284
4383	284
4384	285
4385	285
4386	285
4387	285
4388	286
4389	286
4390	286
4391	286
4392	287
4393	287
4394	287
4395	287
4396	288
4397	288
4398	288
4399	288
4400	289
4401	289
4402	289
4403	289
4404	290
4405	290
4406	290
4407	290
4408	291
4409	291
4410	291
4411	291
4412	292
4413	292
4414	292
4415	292
4416	293
4417	293
4418	293
4419	293
4420	294
4421	294
4422	294
4423	294
4424	295
4425	295
4426	295
4427	295
4428	296
4429	296
4430	296
4431	296
4432	297
4433	297
4434	297
4435	297
4436	298
4437	298
4438	298
4439	298
4440	299
4441	299
4442	299
4443	299
4444	300
4445	300
4446	300
4447	300
4448	301
4449	301
4450	301
4451	301
4452	302
4453	302
4454	302
4455	302
4456	303
4457	303
4458	303
4459	303
4460	304
4461	304
4462	304
4463	304
4464	305
4465	305
4466	305
4467	305
4468	306
4469	306
4470	306
4471	306
4472	307
4473	307
4474	307
4475	307
4476	308
4477	308
4478	308
4479	308
4480	309
4481	309
4482	309
4483	309
4484	310
4485	310
4486	310
4487	310
4488	311
4489	311
4490	311
4491	311
4492	312
4493	312
4494	312
4495	312
4496	313
4497	313
4498	313
4499	313
4500	314
4501	314
4502	314
4503	314
4504	315
4505	315
4506	315
4507	315
4508	316
4509	316
4510	316
4511	316
4512	317
4513	317
4514	317
4515	317
4516	318
4517	318
4518	318
4519	318
4520	319
4521	319
4522	319
4523	319
4524	326
4525	326
4526	326
4527	327
4528	327
4529	327
4530	327
4531	328
4532	328
4533	328
4534	328
4535	329
4536	329
4537	329
4538	329
4539	330
4540	330
4541	330
4542	330
4543	331
4544	331
4545	331
4546	331
4547	332
4548	332
4549	332
4550	332
4551	333
4552	333
4553	333
4554	333
4555	334
4556	334
4557	334
4558	334
4559	335
4560	335
4561	335
4562	335
4563	336
4564	336
4565	336
4566	336
4567	337
4568	337
4569	337
4570	337
4571	338
4572	338
4573	338
4574	338
4575	339
4576	339
4577	339
4578	339
4579	340
4580	340
4581	340
4582	340
4583	341
4584	341
4585	341
4586	341
4587	342
4588	342
4589	342
4590	342
4591	343
4592	343
4593	343
4594	343
4595	344
4596	344
4597	344
4598	344
4599	345
4600	345
4601	345
4602	345
4603	346
4604	346
4605	346
4606	346
4607	347
4608	347
4609	347
4610	347
4611	348
4612	348
4613	348
4614	348
4615	349
4616	349
4617	349
4618	349
4619	350
4620	350
4621	350
4622	350
4623	351
4624	351
4625	351
4626	351
4627	352
4628	352
4629	352
4630	352
4631	353
4632	353
4633	353
4634	353
4635	354
4636	354
4637	354
4638	354
4639	355
4640	355
4641	355
4642	355
4643	356
4644	356
4645	356
4646	356
4647	357
4648	357
4649	357
4650	357
4651	358
4652	358
4653	358
4654	358
4655	359
4656	359
4657	359
4658	359
4659	360
4660	360
4661	360
4662	360
4663	361
4664	361
4665	361
4666	361
4667	362
4668	362
4669	362
4670	362
4671	363
4672	363
4673	363
4674	363
4675	364
4676	364
4677	364
4678	364
4679	365
4680	365
4681	365
4682	365
4683	366
4684	366
4685	366
4686	366
4687	367
4688	367
4689	367
4690	367
4691	368
4692	368
4693	368
4694	368
4695	369
4696	369
4697	369
4698	369
4699	370
4700	370
4701	370
4702	370
4703	371
4704	371
4705	371
4706	371
4707	372
4708	372
4709	372
4710	372
4711	373
4712	373
4713	373
4714	373
4715	374
4716	374
4717	374
4718	374
4719	375
4720	375
4721	375
4722	375
4723	376
4724	376
4725	376
4726	376
4727	377
4728	377
4729	377
4730	377
4731	378
4732	378
4733	378
4734	378
4735	379
4736	379
4737	379
4738	379
4739	380
4740	380
4741	380
4742	380
4743	381
4744	381
4745	381
4746	381
4747	382
4748	382
4749	382
4750	382
4751	383
4752	383
4753	383
4754	383
4755	326
4756	326
4757	326
4758	326
4759	327
4760	327
4761	327
4762	327
4763	328
4764	328
4765	328
4766	328
4767	329
4768	329
4769	329
4770	329
4771	330
4772	330
4773	330
4774	330
4775	331
4776	331
4777	331
4778	331
4779	332
4780	332
4781	332
4782	332
4783	333
4784	333
4785	333
4786	333
4787	334
4788	334
4789	334
4790	334
4791	335
4792	335
4793	335
4794	335
4795	336
4796	336
4797	336
4798	336
4799	337
4800	337
4801	337
4802	337
4803	338
4804	338
4805	338
4806	338
4807	339
4808	339
4809	339
4810	339
4811	340
4812	340
4813	340
4814	340
4815	341
4816	341
4817	341
4818	341
4819	342
4820	342
4821	342
4822	342
4823	343
4824	343
4825	343
4826	343
4827	344
4828	344
4829	344
4830	344
4831	345
4832	345
4833	345
4834	345
4835	346
4836	346
4837	346
4838	346
4839	347
4840	347
4841	347
4842	347
4843	348
4844	348
4845	348
4846	348
4847	349
4848	349
4849	349
4850	349
4851	350
4852	350
4853	350
4854	350
4855	351
4856	351
4857	351
4858	351
4859	352
4860	352
4861	352
4862	352
4863	353
4864	353
4865	353
4866	353
4867	354
4868	354
4869	354
4870	354
4871	355
4872	355
4873	355
4874	355
4875	356
4876	356
4877	356
4878	356
4879	357
4880	357
4881	357
4882	357
4883	358
4884	358
4885	358
4886	358
4887	359
4888	359
4889	359
4890	359
4891	360
4892	360
4893	360
4894	360
4895	361
4896	361
4897	361
4898	361
4899	362
4900	362
4901	362
4902	362
4903	363
4904	363
4905	363
4906	363
4907	364
4908	364
4909	364
4910	364
4911	365
4912	365
4913	365
4914	365
4915	366
4916	366
4917	366
4918	366
4919	367
4920	367
4921	367
4922	367
4923	368
4924	368
4925	368
4926	368
4927	369
4928	369
4929	369
4930	369
4931	370
4932	370
4933	370
4934	370
4935	371
4936	371
4937	371
4938	371
4939	372
4940	372
4941	372
4942	372
4943	373
4944	373
4945	373
4946	373
4947	374
4948	374
4949	374
4950	374
4951	375
4952	375
4953	375
4954	375
4955	376
4956	376
4957	376
4958	376
4959	377
4960	377
4961	377
4962	377
4963	378
4964	378
4965	378
4966	378
4967	379
4968	379
4969	379
4970	379
4971	380
4972	380
4973	380
4974	380
4975	381
4976	381
4977	381
4978	381
4979	382
4980	382
4981	382
4982	382
4983	383
4984	383
4985	383
4986	383
4987	325
4988	326
4989	326
4990	326
4991	326
4992	327
4993	327
4994	327
4995	327
4996	328
4997	328
4998	328
4999	328
5000	329
5001	329
5002	329
5003	329
5004	330
5005	330
5006	330
5007	330
5008	331
5009	331
5010	331
5011	331
5012	332
5013	332
5014	332
5015	332
5016	333
5017	333
5018	333
5019	333
5020	334
5021	334
5022	334
5023	334
5024	335
5025	335
5026	335
5027	335
5028	336
5029	336
5030	336
5031	336
5032	337
5033	337
5034	337
5035	337
5036	338
5037	338
5038	338
5039	338
5040	339
5041	339
5042	339
5043	339
5044	340
5045	340
5046	340
5047	340
5048	341
5049	341
5050	341
5051	341
5052	342
5053	342
5054	342
5055	342
5056	343
5057	343
5058	343
5059	343
5060	344
5061	344
5062	344
5063	344
5064	345
5065	345
5066	345
5067	345
5068	346
5069	346
5070	346
5071	346
5072	347
5073	347
5074	347
5075	347
5076	348
5077	348
5078	348
5079	348
5080	349
5081	349
5082	349
5083	349
5084	350
5085	350
5086	350
5087	350
5088	351
5089	351
5090	351
5091	351
5092	352
5093	352
5094	352
5095	352
5096	353
5097	353
5098	353
5099	353
5100	354
5101	354
5102	354
5103	354
5104	355
5105	355
5106	355
5107	355
5108	356
5109	356
5110	356
5111	356
5112	357
5113	357
5114	357
5115	357
5116	358
5117	358
5118	358
5119	358
5120	359
5121	359
5122	359
5123	359
5124	360
5125	360
5126	360
5127	360
5128	361
5129	361
5130	361
5131	361
5132	362
5133	362
5134	362
5135	362
5136	363
5137	363
5138	363
5139	363
5140	364
5141	364
5142	364
5143	364
5144	365
5145	365
5146	365
5147	365
5148	366
5149	366
5150	366
5151	366
5152	367
5153	367
5154	367
5155	367
5156	368
5157	368
5158	368
5159	368
5160	369
5161	369
5162	369
5163	369
5164	370
5165	370
5166	370
5167	370
5168	371
5169	371
5170	371
5171	371
5172	372
5173	372
5174	372
5175	372
5176	373
5177	373
5178	373
5179	373
5180	374
5181	374
5182	374
5183	374
5184	375
5185	375
5186	375
5187	375
5188	376
5189	376
5190	376
5191	376
5192	377
5193	377
5194	377
5195	377
5196	378
5197	378
5198	378
5199	378
5200	379
5201	379
5202	379
5203	379
5204	380
5205	380
5206	380
5207	380
5208	381
5209	381
5210	381
5211	381
5212	382
5213	382
5214	382
5215	382
5216	383
5217	383
5218	383
5219	383
5220	325
5221	325
5222	326
5223	326
5224	326
5225	326
5226	327
5227	327
5228	327
5229	327
5230	328
5231	328
5232	328
5233	328
5234	329
5235	329
5236	329
5237	329
5238	330
5239	330
5240	330
5241	330
5242	331
5243	331
5244	331
5245	331
5246	332
5247	332
5248	332
5249	332
5250	333
5251	333
5252	333
5253	333
5254	334
5255	334
5256	334
5257	334
5258	335
5259	335
5260	335
5261	335
5262	336
5263	336
5264	336
5265	336
5266	337
5267	337
5268	337
5269	337
5270	338
5271	338
5272	338
5273	338
5274	339
5275	339
5276	339
5277	339
5278	340
5279	340
5280	340
5281	340
5282	341
5283	341
5284	341
5285	341
5286	342
5287	342
5288	342
5289	342
5290	343
5291	343
5292	343
5293	343
5294	344
5295	344
5296	344
5297	344
5298	345
5299	345
5300	345
5301	345
5302	346
5303	346
5304	346
5305	346
5306	347
5307	347
5308	347
5309	347
5310	348
5311	348
5312	348
5313	348
5314	349
5315	349
5316	349
5317	349
5318	350
5319	350
5320	350
5321	350
5322	351
5323	351
5324	351
5325	351
5326	352
5327	352
5328	352
5329	352
5330	353
5331	353
5332	353
5333	353
5334	354
5335	354
5336	354
5337	354
5338	355
5339	355
5340	355
5341	355
5342	356
5343	356
5344	356
5345	356
5346	357
5347	357
5348	357
5349	357
5350	358
5351	358
5352	358
5353	358
5354	359
5355	359
5356	359
5357	359
5358	360
5359	360
5360	360
5361	360
5362	361
5363	361
5364	361
5365	361
5366	362
5367	362
5368	362
5369	362
5370	363
5371	363
5372	363
5373	363
5374	364
5375	364
5376	364
5377	364
5378	365
5379	365
5380	365
5381	365
5382	366
5383	366
5384	366
5385	366
5386	367
5387	367
5388	367
5389	367
5390	368
5391	368
5392	368
5393	368
5394	369
5395	369
5396	369
5397	369
5398	370
5399	370
5400	370
5401	370
5402	371
5403	371
5404	371
5405	371
5406	372
5407	372
5408	372
5409	372
5410	373
5411	373
5412	373
5413	373
5414	374
5415	374
5416	374
5417	374
5418	375
5419	375
5420	375
5421	375
5422	376
5423	376
5424	376
5425	376
5426	377
5427	377
5428	377
5429	377
5430	378
5431	378
5432	378
5433	378
5434	379
5435	379
5436	379
5437	379
5438	380
5439	380
5440	380
5441	380
5442	381
5443	381
5444	381
5445	381
5446	382
5447	382
5448	382
5449	382
5450	383
5451	383
5452	383
5453	383
5454	389
5455	389
5456	389
5457	390
5458	390
5459	390
5460	390
5461	391
5462	391
5463	391
5464	391
5465	392
5466	392
5467	392
5468	392
5469	393
5470	393
5471	393
5472	393
5473	394
5474	394
5475	394
5476	394
5477	395
5478	395
5479	395
5480	395
5481	396
5482	396
5483	396
5484	396
5485	397
5486	397
5487	397
5488	397
5489	398
5490	398
5491	398
5492	398
5493	399
5494	399
5495	399
5496	399
5497	400
5498	400
5499	400
5500	400
5501	401
5502	401
5503	401
5504	401
5505	402
5506	402
5507	402
5508	402
5509	403
5510	403
5511	403
5512	403
5513	404
5514	404
5515	404
5516	404
5517	405
5518	405
5519	405
5520	405
5521	406
5522	406
5523	406
5524	406
5525	407
5526	407
5527	407
5528	407
5529	408
5530	408
5531	408
5532	408
5533	409
5534	409
5535	409
5536	409
5537	410
5538	410
5539	410
5540	410
5541	411
5542	411
5543	411
5544	411
5545	412
5546	412
5547	412
5548	412
5549	413
5550	413
5551	413
5552	413
5553	414
5554	414
5555	414
5556	414
5557	415
5558	415
5559	415
5560	415
5561	416
5562	416
5563	416
5564	416
5565	417
5566	417
5567	417
5568	417
5569	418
5570	418
5571	418
5572	418
5573	419
5574	419
5575	419
5576	419
5577	420
5578	420
5579	420
5580	420
5581	421
5582	421
5583	421
5584	421
5585	422
5586	422
5587	422
5588	422
5589	423
5590	423
5591	423
5592	423
5593	424
5594	424
5595	424
5596	424
5597	425
5598	425
5599	425
5600	425
5601	426
5602	426
5603	426
5604	426
5605	427
5606	427
5607	427
5608	427
5609	428
5610	428
5611	428
5612	428
5613	429
5614	429
5615	429
5616	429
5617	430
5618	430
5619	430
5620	430
5621	431
5622	431
5623	431
5624	431
5625	432
5626	432
5627	432
5628	432
5629	433
5630	433
5631	433
5632	433
5633	434
5634	434
5635	434
5636	434
5637	435
5638	435
5639	435
5640	435
5641	436
5642	436
5643	436
5644	436
5645	437
5646	437
5647	437
5648	437
5649	438
5650	438
5651	438
5652	438
5653	439
5654	439
5655	439
5656	439
5657	440
5658	440
5659	440
5660	440
5661	441
5662	441
5663	441
5664	441
5665	442
5666	442
5667	442
5668	442
5669	443
5670	443
5671	443
5672	443
5673	444
5674	444
5675	444
5676	444
5677	445
5678	445
5679	445
5680	445
5681	446
5682	446
5683	446
5684	446
5685	447
5686	447
5687	447
5688	447
5689	388
5690	389
5691	389
5692	389
5693	389
5694	390
5695	390
5696	390
5697	390
5698	391
5699	391
5700	391
5701	391
5702	392
5703	392
5704	392
5705	392
5706	393
5707	393
5708	393
5709	393
5710	394
5711	394
5712	394
5713	394
5714	395
5715	395
5716	395
5717	395
5718	396
5719	396
5720	396
5721	396
5722	397
5723	397
5724	397
5725	397
5726	398
5727	398
5728	398
5729	398
5730	399
5731	399
5732	399
5733	399
5734	400
5735	400
5736	400
5737	400
5738	401
5739	401
5740	401
5741	401
5742	402
5743	402
5744	402
5745	402
5746	403
5747	403
5748	403
5749	403
5750	404
5751	404
5752	404
5753	404
5754	405
5755	405
5756	405
5757	405
5758	406
5759	406
5760	406
5761	406
5762	407
5763	407
5764	407
5765	407
5766	408
5767	408
5768	408
5769	408
5770	409
5771	409
5772	409
5773	409
5774	410
5775	410
5776	410
5777	410
5778	411
5779	411
5780	411
5781	411
5782	412
5783	412
5784	412
5785	412
5786	413
5787	413
5788	413
5789	413
5790	414
5791	414
5792	414
5793	414
5794	415
5795	415
5796	415
5797	415
5798	416
5799	416
5800	416
5801	416
5802	417
5803	417
5804	417
5805	417
5806	418
5807	418
5808	418
5809	418
5810	419
5811	419
5812	419
5813	419
5814	420
5815	420
5816	420
5817	420
5818	421
5819	421
5820	421
5821	421
5822	422
5823	422
5824	422
5825	422
5826	423
5827	423
5828	423
5829	423
5830	424
5831	424
5832	424
5833	424
5834	425
5835	425
5836	425
5837	425
5838	426
5839	426
5840	426
5841	426
5842	427
5843	427
5844	427
5845	427
5846	428
5847	428
5848	428
5849	428
5850	429
5851	429
5852	429
5853	429
5854	430
5855	430
5856	430
5857	430
5858	431
5859	431
5860	431
5861	431
5862	432
5863	432
5864	432
5865	432
5866	433
5867	433
5868	433
5869	433
5870	434
5871	434
5872	434
5873	434
5874	435
5875	435
5876	435
5877	435
5878	436
5879	436
5880	436
5881	436
5882	437
5883	437
5884	437
5885	437
5886	438
5887	438
5888	438
5889	438
5890	439
5891	439
5892	439
5893	439
5894	440
5895	440
5896	440
5897	440
5898	441
5899	441
5900	441
5901	441
5902	442
5903	442
5904	442
5905	442
5906	443
5907	443
5908	443
5909	443
5910	444
5911	444
5912	444
5913	444
5914	445
5915	445
5916	445
5917	445
5918	446
5919	446
5920	446
5921	446
5922	447
5923	447
5924	447
5925	447
5926	388
5927	388
5928	389
5929	389
5930	389
5931	389
5932	390
5933	390
5934	390
5935	390
5936	391
5937	391
5938	391
5939	391
5940	392
5941	392
5942	392
5943	392
5944	393
5945	393
5946	393
5947	393
5948	394
5949	394
5950	394
5951	394
5952	395
5953	395
5954	395
5955	395
5956	396
5957	396
5958	396
5959	396
5960	397
5961	397
5962	397
5963	397
5964	398
5965	398
5966	398
5967	398
5968	399
5969	399
5970	399
5971	399
5972	400
5973	400
5974	400
5975	400
5976	401
5977	401
5978	401
5979	401
5980	402
5981	402
5982	402
5983	402
5984	403
5985	403
5986	403
5987	403
5988	404
5989	404
5990	404
5991	404
5992	405
5993	405
5994	405
5995	405
5996	406
5997	406
5998	406
5999	406
6000	407
6001	407
6002	407
6003	407
6004	408
6005	408
6006	408
6007	408
6008	409
6009	409
6010	409
6011	409
6012	410
6013	410
6014	410
6015	410
6016	411
6017	411
6018	411
6019	411
6020	412
6021	412
6022	412
6023	412
6024	413
6025	413
6026	413
6027	413
6028	414
6029	414
6030	414
6031	414
6032	415
6033	415
6034	415
6035	415
6036	416
6037	416
6038	416
6039	416
6040	417
6041	417
6042	417
6043	417
6044	418
6045	418
6046	418
6047	418
6048	419
6049	419
6050	419
6051	419
6052	420
6053	420
6054	420
6055	420
6056	421
6057	421
6058	421
6059	421
6060	422
6061	422
6062	422
6063	422
6064	423
6065	423
6066	423
6067	423
6068	424
6069	424
6070	424
6071	424
6072	425
6073	425
6074	425
6075	425
6076	426
6077	426
6078	426
6079	426
6080	427
6081	427
6082	427
6083	427
6084	428
6085	428
6086	428
6087	428
6088	429
6089	429
6090	429
6091	429
6092	430
6093	430
6094	430
6095	430
6096	431
6097	431
6098	431
6099	431
6100	432
6101	432
6102	432
6103	432
6104	433
6105	433
6106	433
6107	433
6108	434
6109	434
6110	434
6111	434
6112	435
6113	435
6114	435
6115	435
6116	436
6117	436
6118	436
6119	436
6120	437
6121	437
6122	437
6123	437
6124	438
6125	438
6126	438
6127	438
6128	439
6129	439
6130	439
6131	439
6132	440
6133	440
6134	440
6135	440
6136	441
6137	441
6138	441
6139	441
6140	442
6141	442
6142	442
6143	442
6144	443
6145	443
6146	443
6147	443
6148	444
6149	444
6150	444
6151	444
6152	445
6153	445
6154	445
6155	445
6156	446
6157	446
6158	446
6159	446
6160	447
6161	447
6162	447
6163	447
6164	388
6165	388
6166	388
6167	388
6168	389
6169	389
6170	389
6171	389
6172	390
6173	390
6174	390
6175	390
6176	391
6177	391
6178	391
6179	391
6180	392
6181	392
6182	392
6183	392
6184	393
6185	393
6186	393
6187	393
6188	394
6189	394
6190	394
6191	394
6192	395
6193	395
6194	395
6195	395
6196	396
6197	396
6198	396
6199	396
6200	397
6201	397
6202	397
6203	397
6204	398
6205	398
6206	398
6207	398
6208	399
6209	399
6210	399
6211	399
6212	400
6213	400
6214	400
6215	400
6216	401
6217	401
6218	401
6219	401
6220	402
6221	402
6222	402
6223	402
6224	403
6225	403
6226	403
6227	403
6228	404
6229	404
6230	404
6231	404
6232	405
6233	405
6234	405
6235	405
6236	406
6237	406
6238	406
6239	406
6240	407
6241	407
6242	407
6243	407
6244	408
6245	408
6246	408
6247	408
6248	409
6249	409
6250	409
6251	409
6252	410
6253	410
6254	410
6255	410
6256	411
6257	411
6258	411
6259	411
6260	412
6261	412
6262	412
6263	412
6264	413
6265	413
6266	413
6267	413
6268	414
6269	414
6270	414
6271	414
6272	415
6273	415
6274	415
6275	415
6276	416
6277	416
6278	416
6279	416
6280	417
6281	417
6282	417
6283	417
6284	418
6285	418
6286	418
6287	418
6288	419
6289	419
6290	419
6291	419
6292	420
6293	420
6294	420
6295	420
6296	421
6297	421
6298	421
6299	421
6300	422
6301	422
6302	422
6303	422
6304	423
6305	423
6306	423
6307	423
6308	424
6309	424
6310	424
6311	424
6312	425
6313	425
6314	425
6315	425
6316	426
6317	426
6318	426
6319	426
6320	427
6321	427
6322	427
6323	427
6324	428
6325	428
6326	428
6327	428
6328	429
6329	429
6330	429
6331	429
6332	430
6333	430
6334	430
6335	430
6336	431
6337	431
6338	431
6339	431
6340	432
6341	432
6342	432
6343	432
6344	433
6345	433
6346	433
6347	433
6348	434
6349	434
6350	434
6351	434
6352	435
6353	435
6354	435
6355	435
6356	436
6357	436
6358	436
6359	436
6360	437
6361	437
6362	437
6363	437
6364	438
6365	438
6366	438
6367	438
6368	439
6369	439
6370	439
6371	439
6372	440
6373	440
6374	440
6375	440
6376	441
6377	441
6378	441
6379	441
6380	442
6381	442
6382	442
6383	442
6384	443
6385	443
6386	443
6387	443
6388	444
6389	444
6390	444
6391	444
6392	445
6393	445
6394	445
6395	445
6396	446
6397	446
6398	446
6399	446
6400	447
6401	447
6402	447
6403	447
6404	451
6405	452
6406	452
6407	452
6408	452
6409	453
6410	453
6411	453
6412	453
6413	454
6414	454
6415	454
6416	454
6417	455
6418	455
6419	455
6420	455
6421	456
6422	456
6423	456
6424	456
6425	457
6426	457
6427	457
6428	457
6429	458
6430	458
6431	458
6432	458
6433	459
6434	459
6435	459
6436	459
6437	460
6438	460
6439	460
6440	460
6441	461
6442	461
6443	461
6444	461
6445	462
6446	462
6447	462
6448	462
6449	463
6450	463
6451	463
6452	463
6453	464
6454	464
6455	464
6456	464
6457	465
6458	465
6459	465
6460	465
6461	466
6462	466
6463	466
6464	466
6465	467
6466	467
6467	467
6468	467
6469	468
6470	468
6471	468
6472	468
6473	469
6474	469
6475	469
6476	469
6477	470
6478	470
6479	470
6480	470
6481	471
6482	471
6483	471
6484	471
6485	472
6486	472
6487	472
6488	472
6489	473
6490	473
6491	473
6492	473
6493	474
6494	474
6495	474
6496	474
6497	475
6498	475
6499	475
6500	475
6501	476
6502	476
6503	476
6504	476
6505	477
6506	477
6507	477
6508	477
6509	478
6510	478
6511	478
6512	478
6513	479
6514	479
6515	479
6516	479
6517	480
6518	480
6519	480
6520	480
6521	481
6522	481
6523	481
6524	481
6525	482
6526	482
6527	482
6528	482
6529	483
6530	483
6531	483
6532	483
6533	484
6534	484
6535	484
6536	484
6537	485
6538	485
6539	485
6540	485
6541	486
6542	486
6543	486
6544	486
6545	487
6546	487
6547	487
6548	487
6549	488
6550	488
6551	488
6552	488
6553	489
6554	489
6555	489
6556	489
6557	490
6558	490
6559	490
6560	490
6561	491
6562	491
6563	491
6564	491
6565	492
6566	492
6567	492
6568	492
6569	493
6570	493
6571	493
6572	493
6573	494
6574	494
6575	494
6576	494
6577	495
6578	495
6579	495
6580	495
6581	496
6582	496
6583	496
6584	496
6585	497
6586	497
6587	497
6588	497
6589	498
6590	498
6591	498
6592	498
6593	499
6594	499
6595	499
6596	499
6597	500
6598	500
6599	500
6600	500
6601	501
6602	501
6603	501
6604	501
6605	502
6606	502
6607	502
6608	502
6609	503
6610	503
6611	503
6612	503
6613	504
6614	504
6615	504
6616	504
6617	505
6618	505
6619	505
6620	505
6621	506
6622	506
6623	506
6624	506
6625	507
6626	507
6627	507
6628	507
6629	508
6630	508
6631	508
6632	508
6633	509
6634	509
6635	509
6636	509
6637	510
6638	510
6639	510
6640	510
6641	511
6642	511
6643	511
6644	511
6645	451
6646	451
6647	451
6648	451
6649	452
6650	452
6651	452
6652	452
6653	453
6654	453
6655	453
6656	453
6657	454
6658	454
6659	454
6660	454
6661	455
6662	455
6663	455
6664	455
6665	456
6666	456
6667	456
6668	456
6669	457
6670	457
6671	457
6672	457
6673	458
6674	458
6675	458
6676	458
6677	459
6678	459
6679	459
6680	459
6681	460
6682	460
6683	460
6684	460
6685	461
6686	461
6687	461
6688	461
6689	462
6690	462
6691	462
6692	462
6693	463
6694	463
6695	463
6696	463
6697	464
6698	464
6699	464
6700	464
6701	465
6702	465
6703	465
6704	465
6705	466
6706	466
6707	466
6708	466
6709	467
6710	467
6711	467
6712	467
6713	468
6714	468
6715	468
6716	468
6717	469
6718	469
6719	469
6720	469
6721	470
6722	470
6723	470
6724	470
6725	471
6726	471
6727	471
6728	471
6729	472
6730	472
6731	472
6732	472
6733	473
6734	473
6735	473
6736	473
6737	474
6738	474
6739	474
6740	474
6741	475
6742	475
6743	475
6744	475
6745	476
6746	476
6747	476
6748	476
6749	477
6750	477
6751	477
6752	477
6753	478
6754	478
6755	478
6756	478
6757	479
6758	479
6759	479
6760	479
6761	480
6762	480
6763	480
6764	480
6765	481
6766	481
6767	481
6768	481
6769	482
6770	482
6771	482
6772	482
6773	483
6774	483
6775	483
6776	483
6777	484
6778	484
6779	484
6780	484
6781	485
6782	485
6783	485
6784	485
6785	486
6786	486
6787	486
6788	486
6789	487
6790	487
6791	487
6792	487
6793	488
6794	488
6795	488
6796	488
6797	489
6798	489
6799	489
6800	489
6801	490
6802	490
6803	490
6804	490
6805	491
6806	491
6807	491
6808	491
6809	492
6810	492
6811	492
6812	492
6813	493
6814	493
6815	493
6816	493
6817	494
6818	494
6819	494
6820	494
6821	495
6822	495
6823	495
6824	495
6825	496
6826	496
6827	496
6828	496
6829	497
6830	497
6831	497
6832	497
6833	498
6834	498
6835	498
6836	498
6837	499
6838	499
6839	499
6840	499
6841	500
6842	500
6843	500
6844	500
6845	501
6846	501
6847	501
6848	501
6849	502
6850	502
6851	502
6852	502
6853	503
6854	503
6855	503
6856	503
6857	504
6858	504
6859	504
6860	504
6861	505
6862	505
6863	505
6864	505
6865	506
6866	506
6867	506
6868	506
6869	507
6870	507
6871	507
6872	507
6873	508
6874	508
6875	508
6876	508
6877	509
6878	509
6879	509
6880	509
6881	510
6882	510
6883	510
6884	510
6885	511
6886	511
6887	511
6888	511
6889	450
6890	450
6891	451
6892	451
6893	451
6894	451
6895	452
6896	452
6897	452
6898	452
6899	453
6900	453
6901	453
6902	453
6903	454
6904	454
6905	454
6906	454
6907	455
6908	455
6909	455
6910	455
6911	456
6912	456
6913	456
6914	456
6915	457
6916	457
6917	457
6918	457
6919	458
6920	458
6921	458
6922	458
6923	459
6924	459
6925	459
6926	459
6927	460
6928	460
6929	460
6930	460
6931	461
6932	461
6933	461
6934	461
6935	462
6936	462
6937	462
6938	462
6939	463
6940	463
6941	463
6942	463
6943	464
6944	464
6945	464
6946	464
6947	465
6948	465
6949	465
6950	465
6951	466
6952	466
6953	466
6954	466
6955	467
6956	467
6957	467
6958	467
6959	468
6960	468
6961	468
6962	468
6963	469
6964	469
6965	469
6966	469
6967	470
6968	470
6969	470
6970	470
6971	471
6972	471
6973	471
6974	471
6975	472
6976	472
6977	472
6978	472
6979	473
6980	473
6981	473
6982	473
6983	474
6984	474
6985	474
6986	474
6987	475
6988	475
6989	475
6990	475
6991	476
6992	476
6993	476
6994	476
6995	477
6996	477
6997	477
6998	477
6999	478
7000	478
7001	478
7002	478
7003	479
7004	479
7005	479
7006	479
7007	480
7008	480
7009	480
7010	480
7011	481
7012	481
7013	481
7014	481
7015	482
7016	482
7017	482
7018	482
7019	483
7020	483
7021	483
7022	483
7023	484
7024	484
7025	484
7026	484
7027	485
7028	485
7029	485
7030	485
7031	486
7032	486
7033	486
7034	486
7035	487
7036	487
7037	487
7038	487
7039	488
7040	488
7041	488
7042	488
7043	489
7044	489
7045	489
7046	489
7047	490
7048	490
7049	490
7050	490
7051	491
7052	491
7053	491
7054	491
7055	492
7056	492
7057	492
7058	492
7059	493
7060	493
7061	493
7062	493
7063	494
7064	494
7065	494
7066	494
7067	495
7068	495
7069	495
7070	495
7071	496
7072	496
7073	496
7074	496
7075	497
7076	497
7077	497
7078	497
7079	498
7080	498
7081	498
7082	498
7083	499
7084	499
7085	499
7086	499
7087	500
7088	500
7089	500
7090	500
7091	501
7092	501
7093	501
7094	501
7095	502
7096	502
7097	502
7098	502
7099	503
7100	503
7101	503
7102	503
7103	504
7104	504
7105	504
7106	504
7107	505
7108	505
7109	505
7110	505
7111	506
7112	506
7113	506
7114	506
7115	507
7116	507
7117	507
7118	507
7119	508
7120	508
7121	508
7122	508
7123	509
7124	509
7125	509
7126	509
7127	510
7128	510
7129	510
7130	510
7131	511
7132	511
7133	511
7134	511
7135	449
7136	449
7137	450
7138	450
7139	450
7140	450
7141	451
7142	451
7143	451
7144	451
7145	452
7146	452
7147	452
7148	452
7149	453
7150	453
7151	453
7152	453
7153	454
7154	454
7155	454
7156	454
7157	455
7158	455
7159	455
7160	455
7161	456
7162	456
7163	456
7164	456
7165	457
7166	457
7167	457
7168	457
7169	458
7170	458
7171	458
7172	458
7173	459
7174	459
7175	459
7176	459
7177	460
7178	460
7179	460
7180	460
7181	461
7182	461
7183	461
7184	461
7185	462
7186	462
7187	462
7188	462
7189	463
7190	463
7191	463
7192	463
7193	464
7194	464
7195	464
7196	464
7197	465
7198	465
7199	465
7200	465
7201	466
7202	466
7203	466
7204	466
7205	467
7206	467
7207	467
7208	467
7209	468
7210	468
7211	468
7212	468
7213	469
7214	469
7215	469
7216	469
7217	470
7218	470
7219	470
7220	470
7221	471
7222	471
7223	471
7224	471
7225	472
7226	472
7227	472
7228	472
7229	473
7230	473
7231	473
7232	473
7233	474
7234	474
7235	474
7236	474
7237	475
7238	475
7239	475
7240	475
7241	476
7242	476
7243	476
7244	476
7245	477
7246	477
7247	477
7248	477
7249	478
7250	478
7251	478
7252	478
7253	479
7254	479
7255	479
7256	479
7257	480
7258	480
7259	480
7260	480
7261	481
7262	481
7263	481
7264	481
7265	482
7266	482
7267	482
7268	482
7269	483
7270	483
7271	483
7272	483
7273	484
7274	484
7275	484
7276	484
7277	485
7278	485
7279	485
7280	485
7281	486
7282	486
7283	486
7284	486
7285	487
7286	487
7287	487
7288	487
7289	488
7290	488
7291	488
7292	488
7293	489
7294	489
7295	489
7296	489
7297	490
7298	490
7299	490
7300	490
7301	491
7302	491
7303	491
7304	491
7305	492
7306	492
7307	492
7308	492
7309	493
7310	493
7311	493
7312	493
7313	494
7314	494
7315	494
7316	494
7317	495
7318	495
7319	495
7320	495
7321	496
7322	496
7323	496
7324	496
7325	497
7326	497
7327	497
7328	497
7329	498
7330	498
7331	498
7332	498
7333	499
7334	499
7335	499
7336	499
7337	500
7338	500
7339	500
7340	500
7341	501
7342	501
7343	501
7344	501
7345	502
7346	502
7347	502
7348	502
7349	503
7350	503
7351	503
7352	503
7353	504
7354	504
7355	504
7356	504
7357	505
7358	505
7359	505
7360	505
7361	506
7362	506
7363	506
7364	506
7365	507
7366	507
7367	507
7368	507
7369	508
7370	508
7371	508
7372	508
7373	509
7374	509
7375	509
7376	509
7377	510
7378	510
7379	510
7380	510
7381	511
7382	511
7383	511
7384	511
7385	512
7386	512
7387	512
7388	512
7389	513
7390	513
7391	513
7392	513
7393	514
7394	514
7395	514
7396	514
7397	515
7398	515
7399	515
7400	515
7401	516
7402	516
7403	516
7404	516
7405	517
7406	517
7407	517
7408	517
7409	518
7410	518
7411	518
7412	518
7413	519
7414	519
7415	519
7416	519
7417	520
7418	520
7419	520
7420	520
7421	521
7422	521
7423	521
7424	521
7425	522
7426	522
7427	522
7428	522
7429	523
7430	523
7431	523
7432	523
7433	524
7434	524
7435	524
7436	524
7437	525
7438	525
7439	525
7440	525
7441	526
7442	526
7443	526
7444	526
7445	527
7446	527
7447	527
7448	527
7449	528
7450	528
7451	528
7452	528
7453	529
7454	529
7455	529
7456	529
7457	530
7458	530
7459	530
7460	530
7461	531
7462	531
7463	531
7464	531
7465	532
7466	532
7467	532
7468	532
7469	533
7470	533
7471	533
7472	533
7473	534
7474	534
7475	534
7476	534
7477	535
7478	535
7479	535
7480	535
7481	536
7482	536
7483	536
7484	536
7485	537
7486	537
7487	537
7488	537
7489	538
7490	538
7491	538
7492	538
7493	539
7494	539
7495	539
7496	539
7497	540
7498	540
7499	540
7500	540
7501	541
7502	541
7503	541
7504	541
7505	542
7506	542
7507	542
7508	542
7509	543
7510	543
7511	543
7512	543
7513	544
7514	544
7515	544
7516	544
7517	545
7518	545
7519	545
7520	545
7521	546
7522	546
7523	546
7524	546
7525	547
7526	547
7527	547
7528	547
7529	548
7530	548
7531	548
7532	548
7533	549
7534	549
7535	549
7536	549
7537	550
7538	550
7539	550
7540	550
7541	551
7542	551
7543	551
7544	551
7545	552
7546	552
7547	552
7548	552
7549	553
7550	553
7551	553
7552	553
7553	554
7554	554
7555	554
7556	554
7557	555
7558	555
7559	555
7560	555
7561	556
7562	556
7563	556
7564	556
7565	557
7566	557
7567	557
7568	557
7569	558
7570	558
7571	558
7572	558
7573	559
7574	559
7575	559
7576	559
7577	560
7578	560
7579	560
7580	560
7581	561
7582	561
7583	561
7584	561
7585	562
7586	562
7587	562
7588	562
7589	563
7590	563
7591	563
7592	563
7593	564
7594	564
7595	564
7596	564
7597	565
7598	565
7599	565
7600	565
7601	566
7602	566
7603	566
7604	566
7605	567
7606	567
7607	567
7608	567
7609	568
7610	568
7611	568
7612	568
7613	569
7614	569
7615	569
7616	569
7617	570
7618	570
7619	570
7620	570
7621	571
7622	571
7623	571
7624	571
7625	572
7626	572
7627	572
7628	572
7629	573
7630	573
7631	573
7632	573
7633	574
7634	574
7635	574
7636	574
7637	575
7638	575
7639	575
7640	575
7641	512
7642	512
7643	512
7644	512
7645	513
7646	513
7647	513
7648	513
7649	514
7650	514
7651	514
7652	514
7653	515
7654	515
7655	515
7656	515
7657	516
7658	516
7659	516
7660	516
7661	517
7662	517
7663	517
7664	517
7665	518
7666	518
7667	518
7668	518
7669	519
7670	519
7671	519
7672	519
7673	520
7674	520
7675	520
7676	520
7677	521
7678	521
7679	521
7680	521
7681	522
7682	522
7683	522
7684	522
7685	523
7686	523
7687	523
7688	523
7689	524
7690	524
7691	524
7692	524
7693	525
7694	525
7695	525
7696	525
7697	526
7698	526
7699	526
7700	526
7701	527
7702	527
7703	527
7704	527
7705	528
7706	528
7707	528
7708	528
7709	529
7710	529
7711	529
7712	529
7713	530
7714	530
7715	530
7716	530
7717	531
7718	531
7719	531
7720	531
7721	532
7722	532
7723	532
7724	532
7725	533
7726	533
7727	533
7728	533
7729	534
7730	534
7731	534
7732	534
7733	535
7734	535
7735	535
7736	535
7737	536
7738	536
7739	536
7740	536
7741	537
7742	537
7743	537
7744	537
7745	538
7746	538
7747	538
7748	538
7749	539
7750	539
7751	539
7752	539
7753	540
7754	540
7755	540
7756	540
7757	541
7758	541
7759	541
7760	541
7761	542
7762	542
7763	542
7764	542
7765	543
7766	543
7767	543
7768	543
7769	544
7770	544
7771	544
7772	544
7773	545
7774	545
7775	545
7776	545
7777	546
7778	546
7779	546
7780	546
7781	547
7782	547
7783	547
7784	547
7785	548
7786	548
7787	548
7788	548
7789	549
7790	549
7791	549
7792	549
7793	550
7794	550
7795	550
7796	550
7797	551
7798	551
7799	551
7800	551
7801	552
7802	552
7803	552
7804	552
7805	553
7806	553
7807	553
7808	553
7809	554
7810	554
7811	554
7812	554
7813	555
7814	555
7815	555
7816	555
7817	556
7818	556
7819	556
7820	556
7821	557
7822	557
7823	557
7824	557
7825	558
7826	558
7827	558
7828	558
7829	559
7830	559
7831	559
7832	559
7833	560
7834	560
7835	560
7836	560
7837	561
7838	561
7839	561
7840	561
7841	562
7842	562
7843	562
7844	562
7845	563
7846	563
7847	563
7848	563
7849	564
7850	564
7851	564
7852	564
7853	565
7854	565
7855	565
7856	565
7857	566
7858	566
7859	566
7860	566
7861	567
7862	567
7863	567
7864	567
7865	568
7866	568
7867	568
7868	568
7869	569
7870	569
7871	569
7872	569
7873	570
7874	570
7875	570
7876	570
7877	571
7878	571
7879	571
7880	571
7881	572
7882	572
7883	572
7884	572
7885	573
7886	573
7887	573
7888	573
7889	574
7890	574
7891	574
7892	574
7893	575
7894	575
7895	575
7896	575
7897	512
7898	512
7899	512
7900	512
7901	513
7902	513
7903	513
7904	513
7905	514
7906	514
7907	514
7908	514
7909	515
7910	515
7911	515
7912	515
7913	516
7914	516
7915	516
7916	516
7917	517
7918	517
7919	517
7920	517
7921	518
7922	518
7923	518
7924	518
7925	519
7926	519
7927	519
7928	519
7929	520
7930	520
7931	520
7932	520
7933	521
7934	521
7935	521
7936	521
7937	522
7938	522
7939	522
7940	522
7941	523
7942	523
7943	523
7944	523
7945	524
7946	524
7947	524
7948	524
7949	525
7950	525
7951	525
7952	525
7953	526
7954	526
7955	526
7956	526
7957	527
7958	527
7959	527
7960	527
7961	528
7962	528
7963	528
7964	528
7965	529
7966	529
7967	529
7968	529
7969	530
7970	530
7971	530
7972	530
7973	531
7974	531
7975	531
7976	531
7977	532
7978	532
7979	532
7980	532
7981	533
7982	533
7983	533
7984	533
7985	534
7986	534
7987	534
7988	534
7989	535
7990	535
7991	535
7992	535
7993	536
7994	536
7995	536
7996	536
7997	537
7998	537
7999	537
8000	537
8001	538
8002	538
8003	538
8004	538
8005	539
8006	539
8007	539
8008	539
8009	540
8010	540
8011	540
8012	540
8013	541
8014	541
8015	541
8016	541
8017	542
8018	542
8019	542
8020	542
8021	543
8022	543
8023	543
8024	543
8025	544
8026	544
8027	544
8028	544
8029	545
8030	545
8031	545
8032	545
8033	546
8034	546
8035	546
8036	546
8037	547
8038	547
8039	547
8040	547
8041	548
8042	548
8043	548
8044	548
8045	549
8046	549
8047	549
8048	549
8049	550
8050	550
8051	550
8052	550
8053	551
8054	551
8055	551
8056	551
8057	552
8058	552
8059	552
8060	552
8061	553
8062	553
8063	553
8064	553
8065	554
8066	554
8067	554
8068	554
8069	555
8070	555
8071	555
8072	555
8073	556
8074	556
8075	556
8076	556
8077	557
8078	557
8079	557
8080	557
8081	558
8082	558
8083	558
8084	558
8085	559
8086	559
8087	559
8088	559
8089	560
8090	560
8091	560
8092	560
8093	561
8094	561
8095	561
8096	561
8097	562
8098	562
8099	562
8100	562
8101	563
8102	563
8103	563
8104	563
8105	564
8106	564
8107	564
8108	564
8109	565
8110	565
8111	565
8112	565
8113	566
8114	566
8115	566
8116	566
8117	567
8118	567
8119	567
8120	567
8121	568
8122	568
8123	568
8124	568
8125	569
8126	569
8127	569
8128	569
8129	570
8130	570
8131	570
8132	570
8133	571
8134	571
8135	571
8136	571
8137	572
8138	572
8139	572
8140	572
8141	573
8142	573
8143	573
8144	573
8145	574
8146	574
8147	574
8148	574
8149	575
8150	575
8151	575
8152	575
8153	512
8154	512
8155	512
8156	512
8157	513
8158	513
8159	513
8160	513
8161	514
8162	514
8163	514
8164	514
8165	515
8166	515
8167	515
8168	515
8169	516
8170	516
8171	516
8172	516
8173	517
8174	517
8175	517
8176	517
8177	518
8178	518
8179	518
8180	518
8181	519
8182	519
8183	519
8184	519
8185	520
8186	520
8187	520
8188	520
8189	521
8190	521
8191	521
8192	521
8193	522
8194	522
8195	522
8196	522
8197	523
8198	523
8199	523
8200	523
8201	524
8202	524
8203	524
8204	524
8205	525
8206	525
8207	525
8208	525
8209	526
8210	526
8211	526
8212	526
8213	527
8214	527
8215	527
8216	527
8217	528
8218	528
8219	528
8220	528
8221	529
8222	529
8223	529
8224	529
8225	530
8226	530
8227	530
8228	530
8229	531
8230	531
8231	531
8232	531
8233	532
8234	532
8235	532
8236	532
8237	533
8238	533
8239	533
8240	533
8241	534
8242	534
8243	534
8244	534
8245	535
8246	535
8247	535
8248	535
8249	536
8250	536
8251	536
8252	536
8253	537
8254	537
8255	537
8256	537
8257	538
8258	538
8259	538
8260	538
8261	539
8262	539
8263	539
8264	539
8265	540
8266	540
8267	540
8268	540
8269	541
8270	541
8271	541
8272	541
8273	542
8274	542
8275	542
8276	542
8277	543
8278	543
8279	543
8280	543
8281	544
8282	544
8283	544
8284	544
8285	545
8286	545
8287	545
8288	545
8289	546
8290	546
8291	546
8292	546
8293	547
8294	547
8295	547
8296	547
8297	548
8298	548
8299	548
8300	548
8301	549
8302	549
8303	549
8304	549
8305	550
8306	550
8307	550
8308	550
8309	551
8310	551
8311	551
8312	551
8313	552
8314	552
8315	552
8316	552
8317	553
8318	553
8319	553
8320	553
8321	554
8322	554
8323	554
8324	554
8325	555
8326	555
8327	555
8328	555
8329	556
8330	556
8331	556
8332	556
8333	557
8334	557
8335	557
8336	557
8337	558
8338	558
8339	558
8340	558
8341	559
8342	559
8343	559
8344	559
8345	560
8346	560
8347	560
8348	560
8349	561
8350	561
8351	561
8352	561
8353	562
8354	562
8355	562
8356	562
8357	563
8358	563
8359	563
8360	563
8361	564
8362	564
8363	564
8364	564
8365	565
8366	565
8367	565
8368	565
8369	566
8370	566
8371	566
8372	566
8373	567
8374	567
8375	567
8376	567
8377	568
8378	568
8379	568
8380	568
8381	569
8382	569
8383	569
8384	569
8385	570
8386	570
8387	570
8388	570
8389	571
8390	571
8391	571
8392	571
8393	572
8394	572
8395	572
8396	572
8397	573
8398	573
8399	573
8400	573
8401	574
8402	574
8403	574
8404	574
8405	575
8406	575
8407	575
8408	575
8409	576
8410	576
8411	576
8412	576
8413	577
8414	577
8415	577
8416	577
8417	578
8418	578
8419	578
8420	578
8421	579
8422	579
8423	579
8424	579
8425	580
8426	580
8427	580
8428	580
8429	581
8430	581
8431	581
8432	581
8433	582
8434	582
8435	582
8436	582
8437	583
8438	583
8439	583
8440	583
8441	584
8442	584
8443	584
8444	584
8445	585
8446	585
8447	585
8448	585
8449	586
8450	586
8451	586
8452	586
8453	587
8454	587
8455	587
8456	587
8457	588
8458	588
8459	588
8460	588
8461	589
8462	589
8463	589
8464	589
8465	590
8466	590
8467	590
8468	590
8469	591
8470	591
8471	591
8472	591
8473	592
8474	592
8475	592
8476	592
8477	593
8478	593
8479	593
8480	593
8481	594
8482	594
8483	594
8484	594
8485	595
8486	595
8487	595
8488	595
8489	596
8490	596
8491	596
8492	596
8493	597
8494	597
8495	597
8496	597
8497	598
8498	598
8499	598
8500	598
8501	599
8502	599
8503	599
8504	599
8505	600
8506	600
8507	600
8508	600
8509	601
8510	601
8511	601
8512	601
8513	602
8514	602
8515	602
8516	602
8517	603
8518	603
8519	603
8520	603
8521	604
8522	604
8523	604
8524	604
8525	605
8526	605
8527	605
8528	605
8529	606
8530	606
8531	606
8532	606
8533	607
8534	607
8535	607
8536	607
8537	608
8538	608
8539	608
8540	608
8541	609
8542	609
8543	609
8544	609
8545	610
8546	610
8547	610
8548	610
8549	611
8550	611
8551	611
8552	611
8553	612
8554	612
8555	612
8556	612
8557	613
8558	613
8559	613
8560	613
8561	614
8562	614
8563	614
8564	614
8565	615
8566	615
8567	615
8568	615
8569	616
8570	616
8571	616
8572	616
8573	617
8574	617
8575	617
8576	617
8577	618
8578	618
8579	618
8580	618
8581	619
8582	619
8583	619
8584	619
8585	620
8586	620
8587	620
8588	620
8589	621
8590	621
8591	621
8592	621
8593	622
8594	622
8595	622
8596	622
8597	623
8598	623
8599	623
8600	623
8601	624
8602	624
8603	624
8604	624
8605	625
8606	625
8607	625
8608	625
8609	626
8610	626
8611	626
8612	626
8613	627
8614	627
8615	627
8616	627
8617	628
8618	628
8619	628
8620	628
8621	629
8622	629
8623	629
8624	629
8625	630
8626	630
8627	630
8628	630
8629	631
8630	631
8631	631
8632	631
8633	632
8634	632
8635	632
8636	632
8637	633
8638	633
8639	633
8640	633
8641	634
8642	634
8643	634
8644	634
8645	635
8646	635
8647	635
8648	635
8649	636
8650	636
8651	636
8652	636
8653	637
8654	637
8655	637
8656	637
8657	638
8658	638
8659	638
8660	638
8661	639
8662	639
8663	639
8664	639
8665	576
8666	576
8667	576
8668	576
8669	577
8670	577
8671	577
8672	577
8673	578
8674	578
8675	578
8676	578
8677	579
8678	579
8679	579
8680	579
8681	580
8682	580
8683	580
8684	580
8685	581
8686	581
8687	581
8688	581
8689	582
8690	582
8691	582
8692	582
8693	583
8694	583
8695	583
8696	583
8697	584
8698	584
8699	584
8700	584
8701	585
8702	585
8703	585
8704	585
8705	586
8706	586
8707	586
8708	586
8709	587
8710	587
8711	587
8712	587
8713	588
8714	588
8715	588
8716	588
8717	589
8718	589
8719	589
8720	589
8721	590
8722	590
8723	590
8724	590
8725	591
8726	591
8727	591
8728	591
8729	592
8730	592
8731	592
8732	592
8733	593
8734	593
8735	593
8736	593
8737	594
8738	594
8739	594
8740	594
8741	595
8742	595
8743	595
8744	595
8745	596
8746	596
8747	596
8748	596
8749	597
8750	597
8751	597
8752	597
8753	598
8754	598
8755	598
8756	598
8757	599
8758	599
8759	599
8760	599
8761	600
8762	600
8763	600
8764	600
8765	601
8766	601
8767	601
8768	601
8769	602
8770	602
8771	602
8772	602
8773	603
8774	603
8775	603
8776	603
8777	604
8778	604
8779	604
8780	604
8781	605
8782	605
8783	605
8784	605
8785	606
8786	606
8787	606
8788	606
8789	607
8790	607
8791	607
8792	607
8793	608
8794	608
8795	608
8796	608
8797	609
8798	609
8799	609
8800	609
8801	610
8802	610
8803	610
8804	610
8805	611
8806	611
8807	611
8808	611
8809	612
8810	612
8811	612
8812	612
8813	613
8814	613
8815	613
8816	613
8817	614
8818	614
8819	614
8820	614
8821	615
8822	615
8823	615
8824	615
8825	616
8826	616
8827	616
8828	616
8829	617
8830	617
8831	617
8832	617
8833	618
8834	618
8835	618
8836	618
8837	619
8838	619
8839	619
8840	619
8841	620
8842	620
8843	620
8844	620
8845	621
8846	621
8847	621
8848	621
8849	622
8850	622
8851	622
8852	622
8853	623
8854	623
8855	623
8856	623
8857	624
8858	624
8859	624
8860	624
8861	625
8862	625
8863	625
8864	625
8865	626
8866	626
8867	626
8868	626
8869	627
8870	627
8871	627
8872	627
8873	628
8874	628
8875	628
8876	628
8877	629
8878	629
8879	629
8880	629
8881	630
8882	630
8883	630
8884	630
8885	631
8886	631
8887	631
8888	631
8889	632
8890	632
8891	632
8892	632
8893	633
8894	633
8895	633
8896	633
8897	634
8898	634
8899	634
8900	634
8901	635
8902	635
8903	635
8904	635
8905	636
8906	636
8907	636
8908	636
8909	637
8910	637
8911	637
8912	637
8913	638
8914	638
8915	638
8916	638
8917	639
8918	639
8919	639
8920	639
8921	576
8922	576
8923	576
8924	576
8925	577
8926	577
8927	577
8928	577
8929	578
8930	578
8931	578
8932	578
8933	579
8934	579
8935	579
8936	579
8937	580
8938	580
8939	580
8940	580
8941	581
8942	581
8943	581
8944	581
8945	582
8946	582
8947	582
8948	582
8949	583
8950	583
8951	583
8952	583
8953	584
8954	584
8955	584
8956	584
8957	585
8958	585
8959	585
8960	585
8961	586
8962	586
8963	586
8964	586
8965	587
8966	587
8967	587
8968	587
8969	588
8970	588
8971	588
8972	588
8973	589
8974	589
8975	589
8976	589
8977	590
8978	590
8979	590
8980	590
8981	591
8982	591
8983	591
8984	591
8985	592
8986	592
8987	592
8988	592
8989	593
8990	593
8991	593
8992	593
8993	594
8994	594
8995	594
8996	594
8997	595
8998	595
8999	595
9000	595
9001	596
9002	596
9003	596
9004	596
9005	597
9006	597
9007	597
9008	597
9009	598
9010	598
9011	598
9012	598
9013	599
9014	599
9015	599
9016	599
9017	600
9018	600
9019	600
9020	600
9021	601
9022	601
9023	601
9024	601
9025	602
9026	602
9027	602
9028	602
9029	603
9030	603
9031	603
9032	603
9033	604
9034	604
9035	604
9036	604
9037	605
9038	605
9039	605
9040	605
9041	606
9042	606
9043	606
9044	606
9045	607
9046	607
9047	607
9048	607
9049	608
9050	608
9051	608
9052	608
9053	609
9054	609
9055	609
9056	609
9057	610
9058	610
9059	610
9060	610
9061	611
9062	611
9063	611
9064	611
9065	612
9066	612
9067	612
9068	612
9069	613
9070	613
9071	613
9072	613
9073	614
9074	614
9075	614
9076	614
9077	615
9078	615
9079	615
9080	615
9081	616
9082	616
9083	616
9084	616
9085	617
9086	617
9087	617
9088	617
9089	618
9090	618
9091	618
9092	618
9093	619
9094	619
9095	619
9096	619
9097	620
9098	620
9099	620
9100	620
9101	621
9102	621
9103	621
9104	621
9105	622
9106	622
9107	622
9108	622
9109	623
9110	623
9111	623
9112	623
9113	624
9114	624
9115	624
9116	624
9117	625
9118	625
9119	625
9120	625
9121	626
9122	626
9123	626
9124	626
9125	627
9126	627
9127	627
9128	627
9129	628
9130	628
9131	628
9132	628
9133	629
9134	629
9135	629
9136	629
9137	630
9138	630
9139	630
9140	630
9141	631
9142	631
9143	631
9144	631
9145	632
9146	632
9147	632
9148	632
9149	633
9150	633
9151	633
9152	633
9153	634
9154	634
9155	634
9156	634
9157	635
9158	635
9159	635
9160	635
9161	636
9162	636
9163	636
9164	636
9165	637
9166	637
9167	637
9168	637
9169	638
9170	638
9171	638
9172	638
9173	639
9174	639
9175	639
9176	639
9177	576
9178	576
9179	576
9180	576
9181	577
9182	577
9183	577
9184	577
9185	578
9186	578
9187	578
9188	578
9189	579
9190	579
9191	579
9192	579
9193	580
9194	580
9195	580
9196	580
9197	581
9198	581
9199	581
9200	581
9201	582
9202	582
9203	582
9204	582
9205	583
9206	583
9207	583
9208	583
9209	584
9210	584
9211	584
9212	584
9213	585
9214	585
9215	585
9216	585
9217	586
9218	586
9219	586
9220	586
9221	587
9222	587
9223	587
9224	587
9225	588
9226	588
9227	588
9228	588
9229	589
9230	589
9231	589
9232	589
9233	590
9234	590
9235	590
9236	590
9237	591
9238	591
9239	591
9240	591
9241	592
9242	592
9243	592
9244	592
9245	593
9246	593
9247	593
9248	593
9249	594
9250	594
9251	594
9252	594
9253	595
9254	595
9255	595
9256	595
9257	596
9258	596
9259	596
9260	596
9261	597
9262	597
9263	597
9264	597
9265	598
9266	598
9267	598
9268	598
9269	599
9270	599
9271	599
9272	599
9273	600
9274	600
9275	600
9276	600
9277	601
9278	601
9279	601
9280	601
9281	602
9282	602
9283	602
9284	602
9285	603
9286	603
9287	603
9288	603
9289	604
9290	604
9291	604
9292	604
9293	605
9294	605
9295	605
9296	605
9297	606
9298	606
9299	606
9300	606
9301	607
9302	607
9303	607
9304	607
9305	608
9306	608
9307	608
9308	608
9309	609
9310	609
9311	609
9312	609
9313	610
9314	610
9315	610
9316	610
9317	611
9318	611
9319	611
9320	611
9321	612
9322	612
9323	612
9324	612
9325	613
9326	613
9327	613
9328	613
9329	614
9330	614
9331	614
9332	614
9333	615
9334	615
9335	615
9336	615
9337	616
9338	616
9339	616
9340	616
9341	617
9342	617
9343	617
9344	617
9345	618
9346	618
9347	618
9348	618
9349	619
9350	619
9351	619
9352	619
9353	620
9354	620
9355	620
9356	620
9357	621
9358	621
9359	621
9360	621
9361	622
9362	622
9363	622
9364	622
9365	623
9366	623
9367	623
9368	623
9369	624
9370	624
9371	624
9372	624
9373	625
9374	625
9375	625
9376	625
9377	626
9378	626
9379	626
9380	626
9381	627
9382	627
9383	627
9384	627
9385	628
9386	628
9387	628
9388	628
9389	629
9390	629
9391	629
9392	629
9393	630
9394	630
9395	630
9396	630
9397	631
9398	631
9399	631
9400	631
9401	632
9402	632
9403	632
9404	632
9405	633
9406	633
9407	633
9408	633
9409	634
9410	634
9411	634
9412	634
9413	635
9414	635
9415	635
9416	635
9417	636
9418	636
9419	636
9420	636
9421	637
9422	637
9423	637
9424	637
9425	638
9426	638
9427	638
9428	638
9429	639
9430	639
9431	639
9432	639
9433	640
9434	640
9435	640
9436	640
9437	641
9438	641
9439	641
9440	641
9441	642
9442	642
9443	642
9444	642
9445	643
9446	643
9447	643
9448	643
9449	644
9450	644
9451	644
9452	644
9453	645
9454	645
9455	645
9456	645
9457	646
9458	646
9459	646
9460	646
9461	647
9462	647
9463	647
9464	647
9465	648
9466	648
9467	648
9468	648
9469	649
9470	649
9471	649
9472	649
9473	650
9474	650
9475	650
9476	650
9477	651
9478	651
9479	651
9480	651
9481	652
9482	652
9483	652
9484	652
9485	653
9486	653
9487	653
9488	653
9489	654
9490	654
9491	654
9492	654
9493	655
9494	655
9495	655
9496	655
9497	656
9498	656
9499	656
9500	656
9501	657
9502	657
9503	657
9504	657
9505	658
9506	658
9507	658
9508	658
9509	659
9510	659
9511	659
9512	659
9513	660
9514	660
9515	660
9516	660
9517	661
9518	661
9519	661
9520	661
9521	662
9522	662
9523	662
9524	662
9525	663
9526	663
9527	663
9528	663
9529	664
9530	664
9531	664
9532	664
9533	665
9534	665
9535	665
9536	665
9537	666
9538	666
9539	666
9540	666
9541	667
9542	667
9543	667
9544	667
9545	668
9546	668
9547	668
9548	668
9549	669
9550	669
9551	669
9552	669
9553	670
9554	670
9555	670
9556	670
9557	671
9558	671
9559	671
9560	671
9561	672
9562	672
9563	672
9564	672
9565	673
9566	673
9567	673
9568	673
9569	674
9570	674
9571	674
9572	674
9573	675
9574	675
9575	675
9576	675
9577	676
9578	676
9579	676
9580	676
9581	677
9582	677
9583	677
9584	677
9585	678
9586	678
9587	678
9588	678
9589	679
9590	679
9591	679
9592	679
9593	680
9594	680
9595	680
9596	680
9597	681
9598	681
9599	681
9600	681
9601	682
9602	682
9603	682
9604	682
9605	683
9606	683
9607	683
9608	683
9609	684
9610	684
9611	684
9612	684
9613	685
9614	685
9615	685
9616	685
9617	686
9618	686
9619	686
9620	686
9621	687
9622	687
9623	687
9624	687
9625	688
9626	688
9627	688
9628	688
9629	689
9630	689
9631	689
9632	689
9633	690
9634	690
9635	690
9636	690
9637	691
9638	691
9639	691
9640	691
9641	692
9642	692
9643	692
9644	692
9645	693
9646	693
9647	693
9648	693
9649	694
9650	694
9651	694
9652	694
9653	695
9654	695
9655	695
9656	695
9657	696
9658	696
9659	696
9660	696
9661	697
9662	697
9663	697
9664	697
9665	698
9666	698
9667	698
9668	698
9669	699
9670	699
9671	699
9672	699
9673	700
9674	700
9675	700
9676	700
9677	701
9678	701
9679	701
9680	701
9681	702
9682	702
9683	702
9684	702
9685	703
9686	703
9687	703
9688	703
9689	640
9690	640
9691	640
9692	640
9693	641
9694	641
9695	641
9696	641
9697	642
9698	642
9699	642
9700	642
9701	643
9702	643
9703	643
9704	643
9705	644
9706	644
9707	644
9708	644
9709	645
9710	645
9711	645
9712	645
9713	646
9714	646
9715	646
9716	646
9717	647
9718	647
9719	647
9720	647
9721	648
9722	648
9723	648
9724	648
9725	649
9726	649
9727	649
9728	649
9729	650
9730	650
9731	650
9732	650
9733	651
9734	651
9735	651
9736	651
9737	652
9738	652
9739	652
9740	652
9741	653
9742	653
9743	653
9744	653
9745	654
9746	654
9747	654
9748	654
9749	655
9750	655
9751	655
9752	655
9753	656
9754	656
9755	656
9756	656
9757	657
9758	657
9759	657
9760	657
9761	658
9762	658
9763	658
9764	658
9765	659
9766	659
9767	659
9768	659
9769	660
9770	660
9771	660
9772	660
9773	661
9774	661
9775	661
9776	661
9777	662
9778	662
9779	662
9780	662
9781	663
9782	663
9783	663
9784	663
9785	664
9786	664
9787	664
9788	664
9789	665
9790	665
9791	665
9792	665
9793	666
9794	666
9795	666
9796	666
9797	667
9798	667
9799	667
9800	667
9801	668
9802	668
9803	668
9804	668
9805	669
9806	669
9807	669
9808	669
9809	670
9810	670
9811	670
9812	670
9813	671
9814	671
9815	671
9816	671
9817	672
9818	672
9819	672
9820	672
9821	673
9822	673
9823	673
9824	673
9825	674
9826	674
9827	674
9828	674
9829	675
9830	675
9831	675
9832	675
9833	676
9834	676
9835	676
9836	676
9837	677
9838	677
9839	677
9840	677
9841	678
9842	678
9843	678
9844	678
9845	679
9846	679
9847	679
9848	679
9849	680
9850	680
9851	680
9852	680
9853	681
9854	681
9855	681
9856	681
9857	682
9858	682
9859	682
9860	682
9861	683
9862	683
9863	683
9864	683
9865	684
9866	684
9867	684
9868	684
9869	685
9870	685
9871	685
9872	685
9873	686
9874	686
9875	686
9876	686
9877	687
9878	687
9879	687
9880	687
9881	688
9882	688
9883	688
9884	688
9885	689
9886	689
9887	689
9888	689
9889	690
9890	690
9891	690
9892	690
9893	691
9894	691
9895	691
9896	691
9897	692
9898	692
9899	692
9900	692
9901	693
9902	693
9903	693
9904	693
9905	694
9906	694
9907	694
9908	694
9909	695
9910	695
9911	695
9912	695
9913	696
9914	696
9915	696
9916	696
9917	697
9918	697
9919	697
9920	697
9921	698
9922	698
9923	698
9924	698
9925	699
9926	699
9927	699
9928	699
9929	700
9930	700
9931	700
9932	700
9933	701
9934	701
9935	701
9936	701
9937	702
9938	702
9939	702
9940	702
9941	703
9942	703
9943	703
9944	703
9945	640
9946	640
9947	640
9948	640
9949	641
9950	641
9951	641
9952	641
9953	642
9954	642
9955	642
9956	642
9957	643
9958	643
9959	643
9960	643
9961	644
9962	644
9963	644
9964	644
9965	645
9966	645
9967	645
9968	645
9969	646
9970	646
9971	646
9972	646
9973	647
9974	647
9975	647
9976	647
9977	648
9978	648
9979	648
9980	648
9981	649
9982	649
9983	649
9984	649
9985	650
9986	650
9987	650
9988	650
9989	651
9990	651
9991	651
9992	651
9993	652
9994	652
9995	652
9996	652
9997	653
9998	653
9999	653
10000	653
10001	654
10002	654
10003	654
10004	654
10005	655
10006	655
10007	655
10008	655
10009	656
10010	656
10011	656
10012	656
10013	657
10014	657
10015	657
10016	657
10017	658
10018	658
10019	658
10020	658
10021	659
10022	659
10023	659
10024	659
10025	660
10026	660
10027	660
10028	660
10029	661
10030	661
10031	661
10032	661
10033	662
10034	662
10035	662
10036	662
10037	663
10038	663
10039	663
10040	663
10041	664
10042	664
10043	664
10044	664
10045	665
10046	665
10047	665
10048	665
10049	666
10050	666
10051	666
10052	666
10053	667
10054	667
10055	667
10056	667
10057	668
10058	668
10059	668
10060	668
10061	669
10062	669
10063	669
10064	669
10065	670
10066	670
10067	670
10068	670
10069	671
10070	671
10071	671
10072	671
10073	672
10074	672
10075	672
10076	672
10077	673
10078	673
10079	673
10080	673
10081	674
10082	674
10083	674
10084	674
10085	675
10086	675
10087	675
10088	675
10089	676
10090	676
10091	676
10092	676
10093	677
10094	677
10095	677
10096	677
10097	678
10098	678
10099	678
10100	678
10101	679
10102	679
10103	679
10104	679
10105	680
10106	680
10107	680
10108	680
10109	681
10110	681
10111	681
10112	681
10113	682
10114	682
10115	682
10116	682
10117	683
10118	683
10119	683
10120	683
10121	684
10122	684
10123	684
10124	684
10125	685
10126	685
10127	685
10128	685
10129	686
10130	686
10131	686
10132	686
10133	687
10134	687
10135	687
10136	687
10137	688
10138	688
10139	688
10140	688
10141	689
10142	689
10143	689
10144	689
10145	690
10146	690
10147	690
10148	690
10149	691
10150	691
10151	691
10152	691
10153	692
10154	692
10155	692
10156	692
10157	693
10158	693
10159	693
10160	693
10161	694
10162	694
10163	694
10164	694
10165	695
10166	695
10167	695
10168	695
10169	696
10170	696
10171	696
10172	696
10173	697
10174	697
10175	697
10176	697
10177	698
10178	698
10179	698
10180	698
10181	699
10182	699
10183	699
10184	699
10185	700
10186	700
10187	700
10188	700
10189	701
10190	701
10191	701
10192	701
10193	702
10194	702
10195	702
10196	702
10197	703
10198	703
10199	703
10200	703
10201	640
10202	640
10203	640
10204	640
10205	641
10206	641
10207	641
10208	641
10209	642
10210	642
10211	642
10212	642
10213	643
10214	643
10215	643
10216	643
10217	644
10218	644
10219	644
10220	644
10221	645
10222	645
10223	645
10224	645
10225	646
10226	646
10227	646
10228	646
10229	647
10230	647
10231	647
10232	647
10233	648
10234	648
10235	648
10236	648
10237	649
10238	649
10239	649
10240	649
10241	650
10242	650
10243	650
10244	650
10245	651
10246	651
10247	651
10248	651
10249	652
10250	652
10251	652
10252	652
10253	653
10254	653
10255	653
10256	653
10257	654
10258	654
10259	654
10260	654
10261	655
10262	655
10263	655
10264	655
10265	656
10266	656
10267	656
10268	656
10269	657
10270	657
10271	657
10272	657
10273	658
10274	658
10275	658
10276	658
10277	659
10278	659
10279	659
10280	659
10281	660
10282	660
10283	660
10284	660
10285	661
10286	661
10287	661
10288	661
10289	662
10290	662
10291	662
10292	662
10293	663
10294	663
10295	663
10296	663
10297	664
10298	664
10299	664
10300	664
10301	665
10302	665
10303	665
10304	665
10305	666
10306	666
10307	666
10308	666
10309	667
10310	667
10311	667
10312	667
10313	668
10314	668
10315	668
10316	668
10317	669
10318	669
10319	669
10320	669
10321	670
10322	670
10323	670
10324	670
10325	671
10326	671
10327	671
10328	671
10329	672
10330	672
10331	672
10332	672
10333	673
10334	673
10335	673
10336	673
10337	674
10338	674
10339	674
10340	674
10341	675
10342	675
10343	675
10344	675
10345	676
10346	676
10347	676
10348	676
10349	677
10350	677
10351	677
10352	677
10353	678
10354	678
10355	678
10356	678
10357	679
10358	679
10359	679
10360	679
10361	680
10362	680
10363	680
10364	680
10365	681
10366	681
10367	681
10368	681
10369	682
10370	682
10371	682
10372	682
10373	683
10374	683
10375	683
10376	683
10377	684
10378	684
10379	684
10380	684
10381	685
10382	685
10383	685
10384	685
10385	686
10386	686
10387	686
10388	686
10389	687
10390	687
10391	687
10392	687
10393	688
10394	688
10395	688
10396	688
10397	689
10398	689
10399	689
10400	689
10401	690
10402	690
10403	690
10404	690
10405	691
10406	691
10407	691
10408	691
10409	692
10410	692
10411	692
10412	692
10413	693
10414	693
10415	693
10416	693
10417	694
10418	694
10419	694
10420	694
10421	695
10422	695
10423	695
10424	695
10425	696
10426	696
10427	696
10428	696
10429	697
10430	697
10431	697
10432	697
10433	698
10434	698
10435	698
10436	698
10437	699
10438	699
10439	699
10440	699
10441	700
10442	700
10443	700
10444	700
10445	701
10446	701
10447	701
10448	701
10449	702
10450	702
10451	702
10452	702
10453	703
10454	703
10455	703
10456	703
10457	704
10458	704
10459	704
10460	704
10461	705
10462	705
10463	705
10464	705
10465	706
10466	706
10467	706
10468	706
10469	707
10470	707
10471	707
10472	707
10473	708
10474	708
10475	708
10476	708
10477	709
10478	709
10479	709
10480	709
10481	710
10482	710
10483	710
10484	710
10485	711
10486	711
10487	711
10488	711
10489	712
10490	712
10491	712
10492	712
10493	713
10494	713
10495	713
10496	713
10497	714
10498	714
10499	714
10500	714
10501	715
10502	715
10503	715
10504	715
10505	716
10506	716
10507	716
10508	716
10509	717
10510	717
10511	717
10512	717
10513	718
10514	718
10515	718
10516	718
10517	719
10518	719
10519	719
10520	719
10521	720
10522	720
10523	720
10524	720
10525	721
10526	721
10527	721
10528	721
10529	722
10530	722
10531	722
10532	722
10533	723
10534	723
10535	723
10536	723
10537	724
10538	724
10539	724
10540	724
10541	725
10542	725
10543	725
10544	725
10545	726
10546	726
10547	726
10548	726
10549	727
10550	727
10551	727
10552	727
10553	728
10554	728
10555	728
10556	728
10557	729
10558	729
10559	729
10560	729
10561	730
10562	730
10563	730
10564	730
10565	731
10566	731
10567	731
10568	731
10569	732
10570	732
10571	732
10572	732
10573	733
10574	733
10575	733
10576	733
10577	734
10578	734
10579	734
10580	734
10581	735
10582	735
10583	735
10584	735
10585	736
10586	736
10587	736
10588	736
10589	737
10590	737
10591	737
10592	737
10593	738
10594	738
10595	738
10596	738
10597	739
10598	739
10599	739
10600	739
10601	740
10602	740
10603	740
10604	740
10605	741
10606	741
10607	741
10608	741
10609	742
10610	742
10611	742
10612	742
10613	743
10614	743
10615	743
10616	743
10617	744
10618	744
10619	744
10620	744
10621	745
10622	745
10623	745
10624	745
10625	746
10626	746
10627	746
10628	746
10629	747
10630	747
10631	747
10632	747
10633	748
10634	748
10635	748
10636	748
10637	749
10638	749
10639	749
10640	749
10641	750
10642	750
10643	750
10644	750
10645	751
10646	751
10647	751
10648	751
10649	752
10650	752
10651	752
10652	752
10653	753
10654	753
10655	753
10656	753
10657	754
10658	754
10659	754
10660	754
10661	755
10662	755
10663	755
10664	755
10665	756
10666	756
10667	756
10668	756
10669	757
10670	757
10671	757
10672	757
10673	758
10674	758
10675	758
10676	758
10677	759
10678	759
10679	759
10680	759
10681	760
10682	760
10683	760
10684	760
10685	761
10686	761
10687	761
10688	761
10689	762
10690	762
10691	762
10692	762
10693	763
10694	763
10695	763
10696	763
10697	764
10698	764
10699	764
10700	764
10701	765
10702	765
10703	765
10704	765
10705	766
10706	766
10707	766
10708	766
10709	767
10710	767
10711	767
10712	767
10713	704
10714	704
10715	704
10716	704
10717	705
10718	705
10719	705
10720	705
10721	706
10722	706
10723	706
10724	706
10725	707
10726	707
10727	707
10728	707
10729	708
10730	708
10731	708
10732	708
10733	709
10734	709
10735	709
10736	709
10737	710
10738	710
10739	710
10740	710
10741	711
10742	711
10743	711
10744	711
10745	712
10746	712
10747	712
10748	712
10749	713
10750	713
10751	713
10752	713
10753	714
10754	714
10755	714
10756	714
10757	715
10758	715
10759	715
10760	715
10761	716
10762	716
10763	716
10764	716
10765	717
10766	717
10767	717
10768	717
10769	718
10770	718
10771	718
10772	718
10773	719
10774	719
10775	719
10776	719
10777	720
10778	720
10779	720
10780	720
10781	721
10782	721
10783	721
10784	721
10785	722
10786	722
10787	722
10788	722
10789	723
10790	723
10791	723
10792	723
10793	724
10794	724
10795	724
10796	724
10797	725
10798	725
10799	725
10800	725
10801	726
10802	726
10803	726
10804	726
10805	727
10806	727
10807	727
10808	727
10809	728
10810	728
10811	728
10812	728
10813	729
10814	729
10815	729
10816	729
10817	730
10818	730
10819	730
10820	730
10821	731
10822	731
10823	731
10824	731
10825	732
10826	732
10827	732
10828	732
10829	733
10830	733
10831	733
10832	733
10833	734
10834	734
10835	734
10836	734
10837	735
10838	735
10839	735
10840	735
10841	736
10842	736
10843	736
10844	736
10845	737
10846	737
10847	737
10848	737
10849	738
10850	738
10851	738
10852	738
10853	739
10854	739
10855	739
10856	739
10857	740
10858	740
10859	740
10860	740
10861	741
10862	741
10863	741
10864	741
10865	742
10866	742
10867	742
10868	742
10869	743
10870	743
10871	743
10872	743
10873	744
10874	744
10875	744
10876	744
10877	745
10878	745
10879	745
10880	745
10881	746
10882	746
10883	746
10884	746
10885	747
10886	747
10887	747
10888	747
10889	748
10890	748
10891	748
10892	748
10893	749
10894	749
10895	749
10896	749
10897	750
10898	750
10899	750
10900	750
10901	751
10902	751
10903	751
10904	751
10905	752
10906	752
10907	752
10908	752
10909	753
10910	753
10911	753
10912	753
10913	754
10914	754
10915	754
10916	754
10917	755
10918	755
10919	755
10920	755
10921	756
10922	756
10923	756
10924	756
10925	757
10926	757
10927	757
10928	757
10929	758
10930	758
10931	758
10932	758
10933	759
10934	759
10935	759
10936	759
10937	760
10938	760
10939	760
10940	760
10941	761
10942	761
10943	761
10944	761
10945	762
10946	762
10947	762
10948	762
10949	763
10950	763
10951	763
10952	763
10953	764
10954	764
10955	764
10956	764
10957	765
10958	765
10959	765
10960	765
10961	766
10962	766
10963	766
10964	766
10965	767
10966	767
10967	767
10968	767
10969	704
10970	704
10971	704
10972	704
10973	705
10974	705
10975	705
10976	705
10977	706
10978	706
10979	706
10980	706
10981	707
10982	707
10983	707
10984	707
10985	708
10986	708
10987	708
10988	708
10989	709
10990	709
10991	709
10992	709
10993	710
10994	710
10995	710
10996	710
10997	711
10998	711
10999	711
11000	711
11001	712
11002	712
11003	712
11004	712
11005	713
11006	713
11007	713
11008	713
11009	714
11010	714
11011	714
11012	714
11013	715
11014	715
11015	715
11016	715
11017	716
11018	716
11019	716
11020	716
11021	717
11022	717
11023	717
11024	717
11025	718
11026	718
11027	718
11028	718
11029	719
11030	719
11031	719
11032	719
11033	720
11034	720
11035	720
11036	720
11037	721
11038	721
11039	721
11040	721
11041	722
11042	722
11043	722
11044	722
11045	723
11046	723
11047	723
11048	723
11049	724
11050	724
11051	724
11052	724
11053	725
11054	725
11055	725
11056	725
11057	726
11058	726
11059	726
11060	726
11061	727
11062	727
11063	727
11064	727
11065	728
11066	728
11067	728
11068	728
11069	729
11070	729
11071	729
11072	729
11073	730
11074	730
11075	730
11076	730
11077	731
11078	731
11079	731
11080	731
11081	732
11082	732
11083	732
11084	732
11085	733
11086	733
11087	733
11088	733
11089	734
11090	734
11091	734
11092	734
11093	735
11094	735
11095	735
11096	735
11097	736
11098	736
11099	736
11100	736
11101	737
11102	737
11103	737
11104	737
11105	738
11106	738
11107	738
11108	738
11109	739
11110	739
11111	739
11112	739
11113	740
11114	740
11115	740
11116	740
11117	741
11118	741
11119	741
11120	741
11121	742
11122	742
11123	742
11124	742
11125	743
11126	743
11127	743
11128	743
11129	744
11130	744
11131	744
11132	744
11133	745
11134	745
11135	745
11136	745
11137	746
11138	746
11139	746
11140	746
11141	747
11142	747
11143	747
11144	747
11145	748
11146	748
11147	748
11148	748
11149	749
11150	749
11151	749
11152	749
11153	750
11154	750
11155	750
11156	750
11157	751
11158	751
11159	751
11160	751
11161	752
11162	752
11163	752
11164	752
11165	753
11166	753
11167	753
11168	753
11169	754
11170	754
11171	754
11172	754
11173	755
11174	755
11175	755
11176	755
11177	756
11178	756
11179	756
11180	756
11181	757
11182	757
11183	757
11184	757
11185	758
11186	758
11187	758
11188	758
11189	759
11190	759
11191	759
11192	759
11193	760
11194	760
11195	760
11196	760
11197	761
11198	761
11199	761
11200	761
11201	762
11202	762
11203	762
11204	762
11205	763
11206	763
11207	763
11208	763
11209	764
11210	764
11211	764
11212	764
11213	765
11214	765
11215	765
11216	765
11217	766
11218	766
11219	766
11220	766
11221	767
11222	767
11223	767
11224	767
11225	704
11226	704
11227	704
11228	704
11229	705
11230	705
11231	705
11232	705
11233	706
11234	706
11235	706
11236	706
11237	707
11238	707
11239	707
11240	707
11241	708
11242	708
11243	708
11244	708
11245	709
11246	709
11247	709
11248	709
11249	710
11250	710
11251	710
11252	710
11253	711
11254	711
11255	711
11256	711
11257	712
11258	712
11259	712
11260	712
11261	713
11262	713
11263	713
11264	713
11265	714
11266	714
11267	714
11268	714
11269	715
11270	715
11271	715
11272	715
11273	716
11274	716
11275	716
11276	716
11277	717
11278	717
11279	717
11280	717
11281	718
11282	718
11283	718
11284	718
11285	719
11286	719
11287	719
11288	719
11289	720
11290	720
11291	720
11292	720
11293	721
11294	721
11295	721
11296	721
11297	722
11298	722
11299	722
11300	722
11301	723
11302	723
11303	723
11304	723
11305	724
11306	724
11307	724
11308	724
11309	725
11310	725
11311	725
11312	725
11313	726
11314	726
11315	726
11316	726
11317	727
11318	727
11319	727
11320	727
11321	728
11322	728
11323	728
11324	728
11325	729
11326	729
11327	729
11328	729
11329	730
11330	730
11331	730
11332	730
11333	731
11334	731
11335	731
11336	731
11337	732
11338	732
11339	732
11340	732
11341	733
11342	733
11343	733
11344	733
11345	734
11346	734
11347	734
11348	734
11349	735
11350	735
11351	735
11352	735
11353	736
11354	736
11355	736
11356	736
11357	737
11358	737
11359	737
11360	737
11361	738
11362	738
11363	738
11364	738
11365	739
11366	739
11367	739
11368	739
11369	740
11370	740
11371	740
11372	740
11373	741
11374	741
11375	741
11376	741
11377	742
11378	742
11379	742
11380	742
11381	743
11382	743
11383	743
11384	743
11385	744
11386	744
11387	744
11388	744
11389	745
11390	745
11391	745
11392	745
11393	746
11394	746
11395	746
11396	746
11397	747
11398	747
11399	747
11400	747
11401	748
11402	748
11403	748
11404	748
11405	749
11406	749
11407	749
11408	749
11409	750
11410	750
11411	750
11412	750
11413	751
11414	751
11415	751
11416	751
11417	752
11418	752
11419	752
11420	752
11421	753
11422	753
11423	753
11424	753
11425	754
11426	754
11427	754
11428	754
11429	755
11430	755
11431	755
11432	755
11433	756
11434	756
11435	756
11436	756
11437	757
11438	757
11439	757
11440	757
11441	758
11442	758
11443	758
11444	758
11445	759
11446	759
11447	759
11448	759
11449	760
11450	760
11451	760
11452	760
11453	761
11454	761
11455	761
11456	761
11457	762
11458	762
11459	762
11460	762
11461	763
11462	763
11463	763
11464	763
11465	764
11466	764
11467	764
11468	764
11469	765
11470	765
11471	765
11472	765
11473	766
11474	766
11475	766
11476	766
11477	767
11478	767
11479	767
11480	767
11481	768
11482	768
11483	768
11484	768
11485	769
11486	769
11487	769
11488	769
11489	770
11490	770
11491	770
11492	770
11493	771
11494	771
11495	771
11496	771
11497	772
11498	772
11499	772
11500	772
11501	773
11502	773
11503	773
11504	773
11505	774
11506	774
11507	774
11508	774
11509	775
11510	775
11511	775
11512	775
11513	776
11514	776
11515	776
11516	776
11517	777
11518	777
11519	777
11520	777
11521	778
11522	778
11523	778
11524	778
11525	779
11526	779
11527	779
11528	779
11529	780
11530	780
11531	780
11532	780
11533	781
11534	781
11535	781
11536	781
11537	782
11538	782
11539	782
11540	782
11541	783
11542	783
11543	783
11544	783
11545	784
11546	784
11547	784
11548	784
11549	785
11550	785
11551	785
11552	785
11553	786
11554	786
11555	786
11556	786
11557	787
11558	787
11559	787
11560	787
11561	788
11562	788
11563	788
11564	788
11565	789
11566	789
11567	789
11568	789
11569	790
11570	790
11571	790
11572	790
11573	791
11574	791
11575	791
11576	791
11577	792
11578	792
11579	792
11580	792
11581	793
11582	793
11583	793
11584	793
11585	794
11586	794
11587	794
11588	794
11589	795
11590	795
11591	795
11592	795
11593	796
11594	796
11595	796
11596	796
11597	797
11598	797
11599	797
11600	797
11601	798
11602	798
11603	798
11604	798
11605	799
11606	799
11607	799
11608	799
11609	800
11610	800
11611	800
11612	800
11613	801
11614	801
11615	801
11616	801
11617	802
11618	802
11619	802
11620	802
11621	803
11622	803
11623	803
11624	803
11625	804
11626	804
11627	804
11628	804
11629	805
11630	805
11631	805
11632	805
11633	806
11634	806
11635	806
11636	806
11637	807
11638	807
11639	807
11640	807
11641	808
11642	808
11643	808
11644	808
11645	809
11646	809
11647	809
11648	809
11649	810
11650	810
11651	810
11652	810
11653	811
11654	811
11655	811
11656	811
11657	812
11658	812
11659	812
11660	812
11661	813
11662	813
11663	813
11664	813
11665	814
11666	814
11667	814
11668	814
11669	815
11670	815
11671	815
11672	815
11673	816
11674	816
11675	816
11676	816
11677	817
11678	817
11679	817
11680	817
11681	818
11682	818
11683	818
11684	818
11685	819
11686	819
11687	819
11688	819
11689	820
11690	820
11691	820
11692	820
11693	821
11694	821
11695	821
11696	821
11697	822
11698	822
11699	822
11700	822
11701	823
11702	823
11703	823
11704	823
11705	824
11706	824
11707	824
11708	824
11709	825
11710	825
11711	825
11712	825
11713	826
11714	826
11715	826
11716	826
11717	827
11718	827
11719	827
11720	827
11721	828
11722	828
11723	828
11724	828
11725	829
11726	829
11727	829
11728	829
11729	830
11730	830
11731	830
11732	830
11733	831
11734	831
11735	831
11736	831
11737	768
11738	768
11739	768
11740	768
11741	769
11742	769
11743	769
11744	769
11745	770
11746	770
11747	770
11748	770
11749	771
11750	771
11751	771
11752	771
11753	772
11754	772
11755	772
11756	772
11757	773
11758	773
11759	773
11760	773
11761	774
11762	774
11763	774
11764	774
11765	775
11766	775
11767	775
11768	775
11769	776
11770	776
11771	776
11772	776
11773	777
11774	777
11775	777
11776	777
11777	778
11778	778
11779	778
11780	778
11781	779
11782	779
11783	779
11784	779
11785	780
11786	780
11787	780
11788	780
11789	781
11790	781
11791	781
11792	781
11793	782
11794	782
11795	782
11796	782
11797	783
11798	783
11799	783
11800	783
11801	784
11802	784
11803	784
11804	784
11805	785
11806	785
11807	785
11808	785
11809	786
11810	786
11811	786
11812	786
11813	787
11814	787
11815	787
11816	787
11817	788
11818	788
11819	788
11820	788
11821	789
11822	789
11823	789
11824	789
11825	790
11826	790
11827	790
11828	790
11829	791
11830	791
11831	791
11832	791
11833	792
11834	792
11835	792
11836	792
11837	793
11838	793
11839	793
11840	793
11841	794
11842	794
11843	794
11844	794
11845	795
11846	795
11847	795
11848	795
11849	796
11850	796
11851	796
11852	796
11853	797
11854	797
11855	797
11856	797
11857	798
11858	798
11859	798
11860	798
11861	799
11862	799
11863	799
11864	799
11865	800
11866	800
11867	800
11868	800
11869	801
11870	801
11871	801
11872	801
11873	802
11874	802
11875	802
11876	802
11877	803
11878	803
11879	803
11880	803
11881	804
11882	804
11883	804
11884	804
11885	805
11886	805
11887	805
11888	805
11889	806
11890	806
11891	806
11892	806
11893	807
11894	807
11895	807
11896	807
11897	808
11898	808
11899	808
11900	808
11901	809
11902	809
11903	809
11904	809
11905	810
11906	810
11907	810
11908	810
11909	811
11910	811
11911	811
11912	811
11913	812
11914	812
11915	812
11916	812
11917	813
11918	813
11919	813
11920	813
11921	814
11922	814
11923	814
11924	814
11925	815
11926	815
11927	815
11928	815
11929	816
11930	816
11931	816
11932	816
11933	817
11934	817
11935	817
11936	817
11937	818
11938	818
11939	818
11940	818
11941	819
11942	819
11943	819
11944	819
11945	820
11946	820
11947	820
11948	820
11949	821
11950	821
11951	821
11952	821
11953	822
11954	822
11955	822
11956	822
11957	823
11958	823
11959	823
11960	823
11961	824
11962	824
11963	824
11964	824
11965	825
11966	825
11967	825
11968	825
11969	826
11970	826
11971	826
11972	826
11973	827
11974	827
11975	827
11976	827
11977	828
11978	828
11979	828
11980	828
11981	829
11982	829
11983	829
11984	829
11985	830
11986	830
11987	830
11988	830
11989	831
11990	831
11991	831
11992	831
11993	768
11994	768
11995	768
11996	768
11997	769
11998	769
11999	769
12000	769
12001	770
12002	770
12003	770
12004	770
12005	771
12006	771
12007	771
12008	771
12009	772
12010	772
12011	772
12012	772
12013	773
12014	773
12015	773
12016	773
12017	774
12018	774
12019	774
12020	774
12021	775
12022	775
12023	775
12024	775
12025	776
12026	776
12027	776
12028	776
12029	777
12030	777
12031	777
12032	777
12033	778
12034	778
12035	778
12036	778
12037	779
12038	779
12039	779
12040	779
12041	780
12042	780
12043	780
12044	780
12045	781
12046	781
12047	781
12048	781
12049	782
12050	782
12051	782
12052	782
12053	783
12054	783
12055	783
12056	783
12057	784
12058	784
12059	784
12060	784
12061	785
12062	785
12063	785
12064	785
12065	786
12066	786
12067	786
12068	786
12069	787
12070	787
12071	787
12072	787
12073	788
12074	788
12075	788
12076	788
12077	789
12078	789
12079	789
12080	789
12081	790
12082	790
12083	790
12084	790
12085	791
12086	791
12087	791
12088	791
12089	792
12090	792
12091	792
12092	792
12093	793
12094	793
12095	793
12096	793
12097	794
12098	794
12099	794
12100	794
12101	795
12102	795
12103	795
12104	795
12105	796
12106	796
12107	796
12108	796
12109	797
12110	797
12111	797
12112	797
12113	798
12114	798
12115	798
12116	798
12117	799
12118	799
12119	799
12120	799
12121	800
12122	800
12123	800
12124	800
12125	801
12126	801
12127	801
12128	801
12129	802
12130	802
12131	802
12132	802
12133	803
12134	803
12135	803
12136	803
12137	804
12138	804
12139	804
12140	804
12141	805
12142	805
12143	805
12144	805
12145	806
12146	806
12147	806
12148	806
12149	807
12150	807
12151	807
12152	807
12153	808
12154	808
12155	808
12156	808
12157	809
12158	809
12159	809
12160	809
12161	810
12162	810
12163	810
12164	810
12165	811
12166	811
12167	811
12168	811
12169	812
12170	812
12171	812
12172	812
12173	813
12174	813
12175	813
12176	813
12177	814
12178	814
12179	814
12180	814
12181	815
12182	815
12183	815
12184	815
12185	816
12186	816
12187	816
12188	816
12189	817
12190	817
12191	817
12192	817
12193	818
12194	818
12195	818
12196	818
12197	819
12198	819
12199	819
12200	819
12201	820
12202	820
12203	820
12204	820
12205	821
12206	821
12207	821
12208	821
12209	822
12210	822
12211	822
12212	822
12213	823
12214	823
12215	823
12216	823
12217	824
12218	824
12219	824
12220	824
12221	825
12222	825
12223	825
12224	825
12225	826
12226	826
12227	826
12228	826
12229	827
12230	827
12231	827
12232	827
12233	828
12234	828
12235	828
12236	828
12237	829
12238	829
12239	829
12240	829
12241	830
12242	830
12243	830
12244	830
12245	831
12246	831
12247	831
12248	831
12249	768
12250	768
12251	768
12252	768
12253	769
12254	769
12255	769
12256	769
12257	770
12258	770
12259	770
12260	770
12261	771
12262	771
12263	771
12264	771
12265	772
12266	772
12267	772
12268	772
12269	773
12270	773
12271	773
12272	773
12273	774
12274	774
12275	774
12276	774
12277	775
12278	775
12279	775
12280	775
12281	776
12282	776
12283	776
12284	776
12285	777
12286	777
12287	777
12288	777
12289	778
12290	778
12291	778
12292	778
12293	779
12294	779
12295	779
12296	779
12297	780
12298	780
12299	780
12300	780
12301	781
12302	781
12303	781
12304	781
12305	782
12306	782
12307	782
12308	782
12309	783
12310	783
12311	783
12312	783
12313	784
12314	784
12315	784
12316	784
12317	785
12318	785
12319	785
12320	785
12321	786
12322	786
12323	786
12324	786
12325	787
12326	787
12327	787
12328	787
12329	788
12330	788
12331	788
12332	788
12333	789
12334	789
12335	789
12336	789
12337	790
12338	790
12339	790
12340	790
12341	791
12342	791
12343	791
12344	791
12345	792
12346	792
12347	792
12348	792
12349	793
12350	793
12351	793
12352	793
12353	794
12354	794
12355	794
12356	794
12357	795
12358	795
12359	795
12360	795
12361	796
12362	796
12363	796
12364	796
12365	797
12366	797
12367	797
12368	797
12369	798
12370	798
12371	798
12372	798
12373	799
12374	799
12375	799
12376	799
12377	800
12378	800
12379	800
12380	800
12381	801
12382	801
12383	801
12384	801
12385	802
12386	802
12387	802
12388	802
12389	803
12390	803
12391	803
12392	803
12393	804
12394	804
12395	804
12396	804
12397	805
12398	805
12399	805
12400	805
12401	806
12402	806
12403	806
12404	806
12405	807
12406	807
12407	807
12408	807
12409	808
12410	808
12411	808
12412	808
12413	809
12414	809
12415	809
12416	809
12417	810
12418	810
12419	810
12420	810
12421	811
12422	811
12423	811
12424	811
12425	812
12426	812
12427	812
12428	812
12429	813
12430	813
12431	813
12432	813
12433	814
12434	814
12435	814
12436	814
12437	815
12438	815
12439	815
12440	815
12441	816
12442	816
12443	816
12444	816
12445	817
12446	817
12447	817
12448	817
12449	818
12450	818
12451	818
12452	818
12453	819
12454	819
12455	819
12456	819
12457	820
12458	820
12459	820
12460	820
12461	821
12462	821
12463	821
12464	821
12465	822
12466	822
12467	822
12468	822
12469	823
12470	823
12471	823
12472	823
12473	824
12474	824
12475	824
12476	824
12477	825
12478	825
12479	825
12480	825
12481	826
12482	826
12483	826
12484	826
12485	827
12486	827
12487	827
12488	827
12489	828
12490	828
12491	828
12492	828
12493	829
12494	829
12495	829
12496	829
12497	830
12498	830
12499	830
12500	830
12501	831
12502	831
12503	831
12504	831
12505	832
12506	832
12507	832
12508	832
12509	833
12510	833
12511	833
12512	833
12513	834
12514	834
12515	834
12516	834
12517	835
12518	835
12519	835
12520	835
12521	836
12522	836
12523	836
12524	836
12525	837
12526	837
12527	837
12528	837
12529	838
12530	838
12531	838
12532	838
12533	839
12534	839
12535	839
12536	839
12537	840
12538	840
12539	840
12540	840
12541	841
12542	841
12543	841
12544	841
12545	842
12546	842
12547	842
12548	842
12549	843
12550	843
12551	843
12552	843
12553	844
12554	844
12555	844
12556	844
12557	845
12558	845
12559	845
12560	845
12561	846
12562	846
12563	846
12564	846
12565	847
12566	847
12567	847
12568	847
12569	848
12570	848
12571	848
12572	848
12573	849
12574	849
12575	849
12576	849
12577	850
12578	850
12579	850
12580	850
12581	851
12582	851
12583	851
12584	851
12585	852
12586	852
12587	852
12588	852
12589	853
12590	853
12591	853
12592	853
12593	854
12594	854
12595	854
12596	854
12597	855
12598	855
12599	855
12600	855
12601	856
12602	856
12603	856
12604	856
12605	857
12606	857
12607	857
12608	857
12609	858
12610	858
12611	858
12612	858
12613	859
12614	859
12615	859
12616	859
12617	860
12618	860
12619	860
12620	860
12621	861
12622	861
12623	861
12624	861
12625	862
12626	862
12627	862
12628	862
12629	863
12630	863
12631	863
12632	863
12633	864
12634	864
12635	864
12636	864
12637	865
12638	865
12639	865
12640	865
12641	866
12642	866
12643	866
12644	866
12645	867
12646	867
12647	867
12648	867
12649	868
12650	868
12651	868
12652	868
12653	869
12654	869
12655	869
12656	869
12657	870
12658	870
12659	870
12660	870
12661	871
12662	871
12663	871
12664	871
12665	872
12666	872
12667	872
12668	872
12669	873
12670	873
12671	873
12672	873
12673	874
12674	874
12675	874
12676	874
12677	875
12678	875
12679	875
12680	875
12681	876
12682	876
12683	876
12684	876
12685	877
12686	877
12687	877
12688	877
12689	878
12690	878
12691	878
12692	878
12693	879
12694	879
12695	879
12696	879
12697	880
12698	880
12699	880
12700	880
12701	881
12702	881
12703	881
12704	881
12705	882
12706	882
12707	882
12708	882
12709	883
12710	883
12711	883
12712	883
12713	884
12714	884
12715	884
12716	884
12717	885
12718	885
12719	885
12720	885
12721	886
12722	886
12723	886
12724	886
12725	887
12726	887
12727	887
12728	887
12729	888
12730	888
12731	888
12732	888
12733	889
12734	889
12735	889
12736	889
12737	890
12738	890
12739	890
12740	890
12741	891
12742	891
12743	891
12744	891
12745	892
12746	892
12747	892
12748	892
12749	893
12750	893
12751	893
12752	893
12753	894
12754	894
12755	894
12756	894
12757	895
12758	895
12759	895
12760	895
12761	832
12762	832
12763	832
12764	832
12765	833
12766	833
12767	833
12768	833
12769	834
12770	834
12771	834
12772	834
12773	835
12774	835
12775	835
12776	835
12777	836
12778	836
12779	836
12780	836
12781	837
12782	837
12783	837
12784	837
12785	838
12786	838
12787	838
12788	838
12789	839
12790	839
12791	839
12792	839
12793	840
12794	840
12795	840
12796	840
12797	841
12798	841
12799	841
12800	841
12801	842
12802	842
12803	842
12804	842
12805	843
12806	843
12807	843
12808	843
12809	844
12810	844
12811	844
12812	844
12813	845
12814	845
12815	845
12816	845
12817	846
12818	846
12819	846
12820	846
12821	847
12822	847
12823	847
12824	847
12825	848
12826	848
12827	848
12828	848
12829	849
12830	849
12831	849
12832	849
12833	850
12834	850
12835	850
12836	850
12837	851
12838	851
12839	851
12840	851
12841	852
12842	852
12843	852
12844	852
12845	853
12846	853
12847	853
12848	853
12849	854
12850	854
12851	854
12852	854
12853	855
12854	855
12855	855
12856	855
12857	856
12858	856
12859	856
12860	856
12861	857
12862	857
12863	857
12864	857
12865	858
12866	858
12867	858
12868	858
12869	859
12870	859
12871	859
12872	859
12873	860
12874	860
12875	860
12876	860
12877	861
12878	861
12879	861
12880	861
12881	862
12882	862
12883	862
12884	862
12885	863
12886	863
12887	863
12888	863
12889	864
12890	864
12891	864
12892	864
12893	865
12894	865
12895	865
12896	865
12897	866
12898	866
12899	866
12900	866
12901	867
12902	867
12903	867
12904	867
12905	868
12906	868
12907	868
12908	868
12909	869
12910	869
12911	869
12912	869
12913	870
12914	870
12915	870
12916	870
12917	871
12918	871
12919	871
12920	871
12921	872
12922	872
12923	872
12924	872
12925	873
12926	873
12927	873
12928	873
12929	874
12930	874
12931	874
12932	874
12933	875
12934	875
12935	875
12936	875
12937	876
12938	876
12939	876
12940	876
12941	877
12942	877
12943	877
12944	877
12945	878
12946	878
12947	878
12948	878
12949	879
12950	879
12951	879
12952	879
12953	880
12954	880
12955	880
12956	880
12957	881
12958	881
12959	881
12960	881
12961	882
12962	882
12963	882
12964	882
12965	883
12966	883
12967	883
12968	883
12969	884
12970	884
12971	884
12972	884
12973	885
12974	885
12975	885
12976	885
12977	886
12978	886
12979	886
12980	886
12981	887
12982	887
12983	887
12984	887
12985	888
12986	888
12987	888
12988	888
12989	889
12990	889
12991	889
12992	889
12993	890
12994	890
12995	890
12996	890
12997	891
12998	891
12999	891
13000	891
13001	892
13002	892
13003	892
13004	892
13005	893
13006	893
13007	893
13008	893
13009	894
13010	894
13011	894
13012	894
13013	895
13014	895
13015	895
13016	895
13017	832
13018	832
13019	832
13020	832
13021	833
13022	833
13023	833
13024	833
13025	834
13026	834
13027	834
13028	834
13029	835
13030	835
13031	835
13032	835
13033	836
13034	836
13035	836
13036	836
13037	837
13038	837
13039	837
13040	837
13041	838
13042	838
13043	838
13044	838
13045	839
13046	839
13047	839
13048	839
13049	840
13050	840
13051	840
13052	840
13053	841
13054	841
13055	841
13056	841
13057	842
13058	842
13059	842
13060	842
13061	843
13062	843
13063	843
13064	843
13065	844
13066	844
13067	844
13068	844
13069	845
13070	845
13071	845
13072	845
13073	846
13074	846
13075	846
13076	846
13077	847
13078	847
13079	847
13080	847
13081	848
13082	848
13083	848
13084	848
13085	849
13086	849
13087	849
13088	849
13089	850
13090	850
13091	850
13092	850
13093	851
13094	851
13095	851
13096	851
13097	852
13098	852
13099	852
13100	852
13101	853
13102	853
13103	853
13104	853
13105	854
13106	854
13107	854
13108	854
13109	855
13110	855
13111	855
13112	855
13113	856
13114	856
13115	856
13116	856
13117	857
13118	857
13119	857
13120	857
13121	858
13122	858
13123	858
13124	858
13125	859
13126	859
13127	859
13128	859
13129	860
13130	860
13131	860
13132	860
13133	861
13134	861
13135	861
13136	861
13137	862
13138	862
13139	862
13140	862
13141	863
13142	863
13143	863
13144	863
13145	864
13146	864
13147	864
13148	864
13149	865
13150	865
13151	865
13152	865
13153	866
13154	866
13155	866
13156	866
13157	867
13158	867
13159	867
13160	867
13161	868
13162	868
13163	868
13164	868
13165	869
13166	869
13167	869
13168	869
13169	870
13170	870
13171	870
13172	870
13173	871
13174	871
13175	871
13176	871
13177	872
13178	872
13179	872
13180	872
13181	873
13182	873
13183	873
13184	873
13185	874
13186	874
13187	874
13188	874
13189	875
13190	875
13191	875
13192	875
13193	876
13194	876
13195	876
13196	876
13197	877
13198	877
13199	877
13200	877
13201	878
13202	878
13203	878
13204	878
13205	879
13206	879
13207	879
13208	879
13209	880
13210	880
13211	880
13212	880
13213	881
13214	881
13215	881
13216	881
13217	882
13218	882
13219	882
13220	882
13221	883
13222	883
13223	883
13224	883
13225	884
13226	884
13227	884
13228	884
13229	885
13230	885
13231	885
13232	885
13233	886
13234	886
13235	886
13236	886
13237	887
13238	887
13239	887
13240	887
13241	888
13242	888
13243	888
13244	888
13245	889
13246	889
13247	889
13248	889
13249	890
13250	890
13251	890
13252	890
13253	891
13254	891
13255	891
13256	891
13257	892
13258	892
13259	892
13260	892
13261	893
13262	893
13263	893
13264	893
13265	894
13266	894
13267	894
13268	894
13269	895
13270	895
13271	895
13272	895
13273	832
13274	832
13275	832
13276	832
13277	833
13278	833
13279	833
13280	833
13281	834
13282	834
13283	834
13284	834
13285	835
13286	835
13287	835
13288	835
13289	836
13290	836
13291	836
13292	836
13293	837
13294	837
13295	837
13296	837
13297	838
13298	838
13299	838
13300	838
13301	839
13302	839
13303	839
13304	839
13305	840
13306	840
13307	840
13308	840
13309	841
13310	841
13311	841
13312	841
13313	842
13314	842
13315	842
13316	842
13317	843
13318	843
13319	843
13320	843
13321	844
13322	844
13323	844
13324	844
13325	845
13326	845
13327	845
13328	845
13329	846
13330	846
13331	846
13332	846
13333	847
13334	847
13335	847
13336	847
13337	848
13338	848
13339	848
13340	848
13341	849
13342	849
13343	849
13344	849
13345	850
13346	850
13347	850
13348	850
13349	851
13350	851
13351	851
13352	851
13353	852
13354	852
13355	852
13356	852
13357	853
13358	853
13359	853
13360	853
13361	854
13362	854
13363	854
13364	854
13365	855
13366	855
13367	855
13368	855
13369	856
13370	856
13371	856
13372	856
13373	857
13374	857
13375	857
13376	857
13377	858
13378	858
13379	858
13380	858
13381	859
13382	859
13383	859
13384	859
13385	860
13386	860
13387	860
13388	860
13389	861
13390	861
13391	861
13392	861
13393	862
13394	862
13395	862
13396	862
13397	863
13398	863
13399	863
13400	863
13401	864
13402	864
13403	864
13404	864
13405	865
13406	865
13407	865
13408	865
13409	866
13410	866
13411	866
13412	866
13413	867
13414	867
13415	867
13416	867
13417	868
13418	868
13419	868
13420	868
13421	869
13422	869
13423	869
13424	869
13425	870
13426	870
13427	870
13428	870
13429	871
13430	871
13431	871
13432	871
13433	872
13434	872
13435	872
13436	872
13437	873
13438	873
13439	873
13440	873
13441	874
13442	874
13443	874
13444	874
13445	875
13446	875
13447	875
13448	875
13449	876
13450	876
13451	876
13452	876
13453	877
13454	877
13455	877
13456	877
13457	878
13458	878
13459	878
13460	878
13461	879
13462	879
13463	879
13464	879
13465	880
13466	880
13467	880
13468	880
13469	881
13470	881
13471	881
13472	881
13473	882
13474	882
13475	882
13476	882
13477	883
13478	883
13479	883
13480	883
13481	884
13482	884
13483	884
13484	884
13485	885
13486	885
13487	885
13488	885
13489	886
13490	886
13491	886
13492	886
13493	887
13494	887
13495	887
13496	887
13497	888
13498	888
13499	888
13500	888
13501	889
13502	889
13503	889
13504	889
13505	890
13506	890
13507	890
13508	890
13509	891
13510	891
13511	891
13512	891
13513	892
13514	892
13515	892
13516	892
13517	893
13518	893
13519	893
13520	893
13521	894
13522	894
13523	894
13524	894
13525	895
13526	895
13527	895
13528	895
13529	896
13530	896
13531	896
13532	896
13533	897
13534	897
13535	897
13536	897
13537	898
13538	898
13539	898
13540	898
13541	899
13542	899
13543	899
13544	899
13545	900
13546	900
13547	900
13548	900
13549	901
13550	901
13551	901
13552	901
13553	902
13554	902
13555	902
13556	902
13557	903
13558	903
13559	903
13560	903
13561	904
13562	904
13563	904
13564	904
13565	905
13566	905
13567	905
13568	905
13569	906
13570	906
13571	906
13572	906
13573	907
13574	907
13575	907
13576	907
13577	908
13578	908
13579	908
13580	908
13581	909
13582	909
13583	909
13584	909
13585	910
13586	910
13587	910
13588	910
13589	911
13590	911
13591	911
13592	911
13593	912
13594	912
13595	912
13596	912
13597	913
13598	913
13599	913
13600	913
13601	914
13602	914
13603	914
13604	914
13605	915
13606	915
13607	915
13608	915
13609	916
13610	916
13611	916
13612	916
13613	917
13614	917
13615	917
13616	917
13617	918
13618	918
13619	918
13620	918
13621	919
13622	919
13623	919
13624	919
13625	920
13626	920
13627	920
13628	920
13629	921
13630	921
13631	921
13632	921
13633	922
13634	922
13635	922
13636	922
13637	923
13638	923
13639	923
13640	923
13641	924
13642	924
13643	924
13644	924
13645	925
13646	925
13647	925
13648	925
13649	926
13650	926
13651	926
13652	926
13653	927
13654	927
13655	927
13656	927
13657	928
13658	928
13659	928
13660	928
13661	929
13662	929
13663	929
13664	929
13665	930
13666	930
13667	930
13668	930
13669	931
13670	931
13671	931
13672	931
13673	932
13674	932
13675	932
13676	932
13677	933
13678	933
13679	933
13680	933
13681	934
13682	934
13683	934
13684	934
13685	935
13686	935
13687	935
13688	935
13689	936
13690	936
13691	936
13692	936
13693	937
13694	937
13695	937
13696	937
13697	938
13698	938
13699	938
13700	938
13701	939
13702	939
13703	939
13704	939
13705	940
13706	940
13707	940
13708	940
13709	941
13710	941
13711	941
13712	941
13713	942
13714	942
13715	942
13716	942
13717	943
13718	943
13719	943
13720	943
13721	944
13722	944
13723	944
13724	944
13725	945
13726	945
13727	945
13728	945
13729	946
13730	946
13731	946
13732	946
13733	947
13734	947
13735	947
13736	947
13737	948
13738	948
13739	948
13740	948
13741	949
13742	949
13743	949
13744	949
13745	950
13746	950
13747	950
13748	950
13749	951
13750	951
13751	951
13752	951
13753	952
13754	952
13755	952
13756	952
13757	953
13758	953
13759	953
13760	953
13761	954
13762	954
13763	954
13764	954
13765	955
13766	955
13767	955
13768	955
13769	956
13770	956
13771	956
13772	956
13773	957
13774	957
13775	957
13776	957
13777	958
13778	958
13779	958
13780	958
13781	959
13782	959
13783	959
13784	959
13785	896
13786	896
13787	896
13788	896
13789	897
13790	897
13791	897
13792	897
13793	898
13794	898
13795	898
13796	898
13797	899
13798	899
13799	899
13800	899
13801	900
13802	900
13803	900
13804	900
13805	901
13806	901
13807	901
13808	901
13809	902
13810	902
13811	902
13812	902
13813	903
13814	903
13815	903
13816	903
13817	904
13818	904
13819	904
13820	904
13821	905
13822	905
13823	905
13824	905
13825	906
13826	906
13827	906
13828	906
13829	907
13830	907
13831	907
13832	907
13833	908
13834	908
13835	908
13836	908
13837	909
13838	909
13839	909
13840	909
13841	910
13842	910
13843	910
13844	910
13845	911
13846	911
13847	911
13848	911
13849	912
13850	912
13851	912
13852	912
13853	913
13854	913
13855	913
13856	913
13857	914
13858	914
13859	914
13860	914
13861	915
13862	915
13863	915
13864	915
13865	916
13866	916
13867	916
13868	916
13869	917
13870	917
13871	917
13872	917
13873	918
13874	918
13875	918
13876	918
13877	919
13878	919
13879	919
13880	919
13881	920
13882	920
13883	920
13884	920
13885	921
13886	921
13887	921
13888	921
13889	922
13890	922
13891	922
13892	922
13893	923
13894	923
13895	923
13896	923
13897	924
13898	924
13899	924
13900	924
13901	925
13902	925
13903	925
13904	925
13905	926
13906	926
13907	926
13908	926
13909	927
13910	927
13911	927
13912	927
13913	928
13914	928
13915	928
13916	928
13917	929
13918	929
13919	929
13920	929
13921	930
13922	930
13923	930
13924	930
13925	931
13926	931
13927	931
13928	931
13929	932
13930	932
13931	932
13932	932
13933	933
13934	933
13935	933
13936	933
13937	934
13938	934
13939	934
13940	934
13941	935
13942	935
13943	935
13944	935
13945	936
13946	936
13947	936
13948	936
13949	937
13950	937
13951	937
13952	937
13953	938
13954	938
13955	938
13956	938
13957	939
13958	939
13959	939
13960	939
13961	940
13962	940
13963	940
13964	940
13965	941
13966	941
13967	941
13968	941
13969	942
13970	942
13971	942
13972	942
13973	943
13974	943
13975	943
13976	943
13977	944
13978	944
13979	944
13980	944
13981	945
13982	945
13983	945
13984	945
13985	946
13986	946
13987	946
13988	946
13989	947
13990	947
13991	947
13992	947
13993	948
13994	948
13995	948
13996	948
13997	949
13998	949
13999	949
14000	949
14001	950
14002	950
14003	950
14004	950
14005	951
14006	951
14007	951
14008	951
14009	952
14010	952
14011	952
14012	952
14013	953
14014	953
14015	953
14016	953
14017	954
14018	954
14019	954
14020	954
14021	955
14022	955
14023	955
14024	955
14025	956
14026	956
14027	956
14028	956
14029	957
14030	957
14031	957
14032	957
14033	958
14034	958
14035	958
14036	958
14037	959
14038	959
14039	959
14040	959
14041	896
14042	896
14043	896
14044	896
14045	897
14046	897
14047	897
14048	897
14049	898
14050	898
14051	898
14052	898
14053	899
14054	899
14055	899
14056	899
14057	900
14058	900
14059	900
14060	900
14061	901
14062	901
14063	901
14064	901
14065	902
14066	902
14067	902
14068	902
14069	903
14070	903
14071	903
14072	903
14073	904
14074	904
14075	904
14076	904
14077	905
14078	905
14079	905
14080	905
14081	906
14082	906
14083	906
14084	906
14085	907
14086	907
14087	907
14088	907
14089	908
14090	908
14091	908
14092	908
14093	909
14094	909
14095	909
14096	909
14097	910
14098	910
14099	910
14100	910
14101	911
14102	911
14103	911
14104	911
14105	912
14106	912
14107	912
14108	912
14109	913
14110	913
14111	913
14112	913
14113	914
14114	914
14115	914
14116	914
14117	915
14118	915
14119	915
14120	915
14121	916
14122	916
14123	916
14124	916
14125	917
14126	917
14127	917
14128	917
14129	918
14130	918
14131	918
14132	918
14133	919
14134	919
14135	919
14136	919
14137	920
14138	920
14139	920
14140	920
14141	921
14142	921
14143	921
14144	921
14145	922
14146	922
14147	922
14148	922
14149	923
14150	923
14151	923
14152	923
14153	924
14154	924
14155	924
14156	924
14157	925
14158	925
14159	925
14160	925
14161	926
14162	926
14163	926
14164	926
14165	927
14166	927
14167	927
14168	927
14169	928
14170	928
14171	928
14172	928
14173	929
14174	929
14175	929
14176	929
14177	930
14178	930
14179	930
14180	930
14181	931
14182	931
14183	931
14184	931
14185	932
14186	932
14187	932
14188	932
14189	933
14190	933
14191	933
14192	933
14193	934
14194	934
14195	934
14196	934
14197	935
14198	935
14199	935
14200	935
14201	936
14202	936
14203	936
14204	936
14205	937
14206	937
14207	937
14208	937
14209	938
14210	938
14211	938
14212	938
14213	939
14214	939
14215	939
14216	939
14217	940
14218	940
14219	940
14220	940
14221	941
14222	941
14223	941
14224	941
14225	942
14226	942
14227	942
14228	942
14229	943
14230	943
14231	943
14232	943
14233	944
14234	944
14235	944
14236	944
14237	945
14238	945
14239	945
14240	945
14241	946
14242	946
14243	946
14244	946
14245	947
14246	947
14247	947
14248	947
14249	948
14250	948
14251	948
14252	948
14253	949
14254	949
14255	949
14256	949
14257	950
14258	950
14259	950
14260	950
14261	951
14262	951
14263	951
14264	951
14265	952
14266	952
14267	952
14268	952
14269	953
14270	953
14271	953
14272	953
14273	954
14274	954
14275	954
14276	954
14277	955
14278	955
14279	955
14280	955
14281	956
14282	956
14283	956
14284	956
14285	957
14286	957
14287	957
14288	957
14289	958
14290	958
14291	958
14292	958
14293	959
14294	959
14295	959
14296	959
14297	896
14298	896
14299	896
14300	896
14301	897
14302	897
14303	897
14304	897
14305	898
14306	898
14307	898
14308	898
14309	899
14310	899
14311	899
14312	899
14313	900
14314	900
14315	900
14316	900
14317	901
14318	901
14319	901
14320	901
14321	902
14322	902
14323	902
14324	902
14325	903
14326	903
14327	903
14328	903
14329	904
14330	904
14331	904
14332	904
14333	905
14334	905
14335	905
14336	905
14337	906
14338	906
14339	906
14340	906
14341	907
14342	907
14343	907
14344	907
14345	908
14346	908
14347	908
14348	908
14349	909
14350	909
14351	909
14352	909
14353	910
14354	910
14355	910
14356	910
14357	911
14358	911
14359	911
14360	911
14361	912
14362	912
14363	912
14364	912
14365	913
14366	913
14367	913
14368	913
14369	914
14370	914
14371	914
14372	914
14373	915
14374	915
14375	915
14376	915
14377	916
14378	916
14379	916
14380	916
14381	917
14382	917
14383	917
14384	917
14385	918
14386	918
14387	918
14388	918
14389	919
14390	919
14391	919
14392	919
14393	920
14394	920
14395	920
14396	920
14397	921
14398	921
14399	921
14400	921
14401	922
14402	922
14403	922
14404	922
14405	923
14406	923
14407	923
14408	923
14409	924
14410	924
14411	924
14412	924
14413	925
14414	925
14415	925
14416	925
14417	926
14418	926
14419	926
14420	926
14421	927
14422	927
14423	927
14424	927
14425	928
14426	928
14427	928
14428	928
14429	929
14430	929
14431	929
14432	929
14433	930
14434	930
14435	930
14436	930
14437	931
14438	931
14439	931
14440	931
14441	932
14442	932
14443	932
14444	932
14445	933
14446	933
14447	933
14448	933
14449	934
14450	934
14451	934
14452	934
14453	935
14454	935
14455	935
14456	935
14457	936
14458	936
14459	936
14460	936
14461	937
14462	937
14463	937
14464	937
14465	938
14466	938
14467	938
14468	938
14469	939
14470	939
14471	939
14472	939
14473	940
14474	940
14475	940
14476	940
14477	941
14478	941
14479	941
14480	941
14481	942
14482	942
14483	942
14484	942
14485	943
14486	943
14487	943
14488	943
14489	944
14490	944
14491	944
14492	944
14493	945
14494	945
14495	945
14496	945
14497	946
14498	946
14499	946
14500	946
14501	947
14502	947
14503	947
14504	947
14505	948
14506	948
14507	948
14508	948
14509	949
14510	949
14511	949
14512	949
14513	950
14514	950
14515	950
14516	950
14517	951
14518	951
14519	951
14520	951
14521	952
14522	952
14523	952
14524	952
14525	953
14526	953
14527	953
14528	953
14529	954
14530	954
14531	954
14532	954
14533	955
14534	955
14535	955
14536	955
14537	956
14538	956
14539	956
14540	956
14541	957
14542	957
14543	957
14544	957
14545	958
14546	958
14547	958
14548	958
14549	959
14550	959
14551	959
14552	959
14553	960
14554	960
14555	960
14556	960
14557	961
14558	961
14559	961
14560	961
14561	962
14562	962
14563	962
14564	962
14565	963
14566	963
14567	963
14568	963
14569	964
14570	964
14571	964
14572	964
14573	965
14574	965
14575	965
14576	965
14577	966
14578	966
14579	966
14580	966
14581	967
14582	967
14583	967
14584	967
14585	968
14586	968
14587	968
14588	968
14589	969
14590	969
14591	969
14592	969
14593	970
14594	970
14595	970
14596	970
14597	971
14598	971
14599	971
14600	971
14601	972
14602	972
14603	972
14604	972
14605	973
14606	973
14607	973
14608	973
14609	974
14610	974
14611	974
14612	974
14613	975
14614	975
14615	975
14616	975
14617	976
14618	976
14619	976
14620	976
14621	977
14622	977
14623	977
14624	977
14625	978
14626	978
14627	978
14628	978
14629	979
14630	979
14631	979
14632	979
14633	980
14634	980
14635	980
14636	980
14637	981
14638	981
14639	981
14640	981
14641	982
14642	982
14643	982
14644	982
14645	983
14646	983
14647	983
14648	983
14649	984
14650	984
14651	984
14652	984
14653	985
14654	985
14655	985
14656	985
14657	986
14658	986
14659	986
14660	986
14661	987
14662	987
14663	987
14664	987
14665	988
14666	988
14667	988
14668	988
14669	989
14670	989
14671	989
14672	989
14673	990
14674	990
14675	990
14676	990
14677	991
14678	991
14679	991
14680	991
14681	992
14682	992
14683	992
14684	992
14685	993
14686	993
14687	993
14688	993
14689	994
14690	994
14691	994
14692	994
14693	995
14694	995
14695	995
14696	995
14697	996
14698	996
14699	996
14700	996
14701	997
14702	997
14703	997
14704	997
14705	998
14706	998
14707	998
14708	998
14709	999
14710	999
14711	999
14712	999
14713	1000
14714	1000
14715	1000
14716	1000
14717	1001
14718	1001
14719	1001
14720	1001
14721	1002
14722	1002
14723	1002
14724	1002
14725	1003
14726	1003
14727	1003
14728	1003
14729	1004
14730	1004
14731	1004
14732	1004
14733	1005
14734	1005
14735	1005
14736	1005
14737	1006
14738	1006
14739	1006
14740	1006
14741	1007
14742	1007
14743	1007
14744	1007
14745	1008
14746	1008
14747	1008
14748	1008
14749	1009
14750	1009
14751	1009
14752	1009
14753	1010
14754	1010
14755	1010
14756	1010
14757	1011
14758	1011
14759	1011
14760	1011
14761	1012
14762	1012
14763	1012
14764	1012
14765	1013
14766	1013
14767	1013
14768	1013
14769	1014
14770	1014
14771	1014
14772	1014
14773	1015
14774	1015
14775	1015
14776	1015
14777	1016
14778	1016
14779	1016
14780	1016
14781	1017
14782	1017
14783	1017
14784	1017
14785	1018
14786	1018
14787	1018
14788	1018
14789	1019
14790	1019
14791	1019
14792	1019
14793	1020
14794	1020
14795	1020
14796	1020
14797	1021
14798	1021
14799	1021
14800	1021
14801	1022
14802	1022
14803	1022
14804	1022
14805	1023
14806	1023
14807	1023
14808	1023
14809	960
14810	960
14811	960
14812	960
14813	961
14814	961
14815	961
14816	961
14817	962
14818	962
14819	962
14820	962
14821	963
14822	963
14823	963
14824	963
14825	964
14826	964
14827	964
14828	964
14829	965
14830	965
14831	965
14832	965
14833	966
14834	966
14835	966
14836	966
14837	967
14838	967
14839	967
14840	967
14841	968
14842	968
14843	968
14844	968
14845	969
14846	969
14847	969
14848	969
14849	970
14850	970
14851	970
14852	970
14853	971
14854	971
14855	971
14856	971
14857	972
14858	972
14859	972
14860	972
14861	973
14862	973
14863	973
14864	973
14865	974
14866	974
14867	974
14868	974
14869	975
14870	975
14871	975
14872	975
14873	976
14874	976
14875	976
14876	976
14877	977
14878	977
14879	977
14880	977
14881	978
14882	978
14883	978
14884	978
14885	979
14886	979
14887	979
14888	979
14889	980
14890	980
14891	980
14892	980
14893	981
14894	981
14895	981
14896	981
14897	982
14898	982
14899	982
14900	982
14901	983
14902	983
14903	983
14904	983
14905	984
14906	984
14907	984
14908	984
14909	985
14910	985
14911	985
14912	985
14913	986
14914	986
14915	986
14916	986
14917	987
14918	987
14919	987
14920	987
14921	988
14922	988
14923	988
14924	988
14925	989
14926	989
14927	989
14928	989
14929	990
14930	990
14931	990
14932	990
14933	991
14934	991
14935	991
14936	991
14937	992
14938	992
14939	992
14940	992
14941	993
14942	993
14943	993
14944	993
14945	994
14946	994
14947	994
14948	994
14949	995
14950	995
14951	995
14952	995
14953	996
14954	996
14955	996
14956	996
14957	997
14958	997
14959	997
14960	997
14961	998
14962	998
14963	998
14964	998
14965	999
14966	999
14967	999
14968	999
14969	1000
14970	1000
14971	1000
14972	1000
14973	1001
14974	1001
14975	1001
14976	1001
14977	1002
14978	1002
14979	1002
14980	1002
14981	1003
14982	1003
14983	1003
14984	1003
14985	1004
14986	1004
14987	1004
14988	1004
14989	1005
14990	1005
14991	1005
14992	1005
14993	1006
14994	1006
14995	1006
14996	1006
14997	1007
14998	1007
14999	1007
15000	1007
15001	1008
15002	1008
15003	1008
15004	1008
15005	1009
15006	1009
15007	1009
15008	1009
15009	1010
15010	1010
15011	1010
15012	1010
15013	1011
15014	1011
15015	1011
15016	1011
15017	1012
15018	1012
15019	1012
15020	1012
15021	1013
15022	1013
15023	1013
15024	1013
15025	1014
15026	1014
15027	1014
15028	1014
15029	1015
15030	1015
15031	1015
15032	1015
15033	1016
15034	1016
15035	1016
15036	1016
15037	1017
15038	1017
15039	1017
15040	1017
15041	1018
15042	1018
15043	1018
15044	1018
15045	1019
15046	1019
15047	1019
15048	1019
15049	1020
15050	1020
15051	1020
15052	1020
15053	1021
15054	1021
15055	1021
15056	1021
15057	1022
15058	1022
15059	1022
15060	1022
15061	1023
15062	1023
15063	1023
15064	1023
15065	960
15066	960
15067	960
15068	960
15069	961
15070	961
15071	961
15072	961
15073	962
15074	962
15075	962
15076	962
15077	963
15078	963
15079	963
15080	963
15081	964
15082	964
15083	964
15084	964
15085	965
15086	965
15087	965
15088	965
15089	966
15090	966
15091	966
15092	966
15093	967
15094	967
15095	967
15096	967
15097	968
15098	968
15099	968
15100	968
15101	969
15102	969
15103	969
15104	969
15105	970
15106	970
15107	970
15108	970
15109	971
15110	971
15111	971
15112	971
15113	972
15114	972
15115	972
15116	972
15117	973
15118	973
15119	973
15120	973
15121	974
15122	974
15123	974
15124	974
15125	975
15126	975
15127	975
15128	975
15129	976
15130	976
15131	976
15132	976
15133	977
15134	977
15135	977
15136	977
15137	978
15138	978
15139	978
15140	978
15141	979
15142	979
15143	979
15144	979
15145	980
15146	980
15147	980
15148	980
15149	981
15150	981
15151	981
15152	981
15153	982
15154	982
15155	982
15156	982
15157	983
15158	983
15159	983
15160	983
15161	984
15162	984
15163	984
15164	984
15165	985
15166	985
15167	985
15168	985
15169	986
15170	986
15171	986
15172	986
15173	987
15174	987
15175	987
15176	987
15177	988
15178	988
15179	988
15180	988
15181	989
15182	989
15183	989
15184	989
15185	990
15186	990
15187	990
15188	990
15189	991
15190	991
15191	991
15192	991
15193	992
15194	992
15195	992
15196	992
15197	993
15198	993
15199	993
15200	993
15201	994
15202	994
15203	994
15204	994
15205	995
15206	995
15207	995
15208	995
15209	996
15210	996
15211	996
15212	996
15213	997
15214	997
15215	997
15216	997
15217	998
15218	998
15219	998
15220	998
15221	999
15222	999
15223	999
15224	999
15225	1000
15226	1000
15227	1000
15228	1000
15229	1001
15230	1001
15231	1001
15232	1001
15233	1002
15234	1002
15235	1002
15236	1002
15237	1003
15238	1003
15239	1003
15240	1003
15241	1004
15242	1004
15243	1004
15244	1004
15245	1005
15246	1005
15247	1005
15248	1005
15249	1006
15250	1006
15251	1006
15252	1006
15253	1007
15254	1007
15255	1007
15256	1007
15257	1008
15258	1008
15259	1008
15260	1008
15261	1009
15262	1009
15263	1009
15264	1009
15265	1010
15266	1010
15267	1010
15268	1010
15269	1011
15270	1011
15271	1011
15272	1011
15273	1012
15274	1012
15275	1012
15276	1012
15277	1013
15278	1013
15279	1013
15280	1013
15281	1014
15282	1014
15283	1014
15284	1014
15285	1015
15286	1015
15287	1015
15288	1015
15289	1016
15290	1016
15291	1016
15292	1016
15293	1017
15294	1017
15295	1017
15296	1017
15297	1018
15298	1018
15299	1018
15300	1018
15301	1019
15302	1019
15303	1019
15304	1019
15305	1020
15306	1020
15307	1020
15308	1020
15309	1021
15310	1021
15311	1021
15312	1021
15313	1022
15314	1022
15315	1022
15316	1022
15317	1023
15318	1023
15319	1023
15320	1023
15321	960
15322	960
15323	960
15324	960
15325	961
15326	961
15327	961
15328	961
15329	962
15330	962
15331	962
15332	962
15333	963
15334	963
15335	963
15336	963
15337	964
15338	964
15339	964
15340	964
15341	965
15342	965
15343	965
15344	965
15345	966
15346	966
15347	966
15348	966
15349	967
15350	967
15351	967
15352	967
15353	968
15354	968
15355	968
15356	968
15357	969
15358	969
15359	969
15360	969
15361	970
15362	970
15363	970
15364	970
15365	971
15366	971
15367	971
15368	971
15369	972
15370	972
15371	972
15372	972
15373	973
15374	973
15375	973
15376	973
15377	974
15378	974
15379	974
15380	974
15381	975
15382	975
15383	975
15384	975
15385	976
15386	976
15387	976
15388	976
15389	977
15390	977
15391	977
15392	977
15393	978
15394	978
15395	978
15396	978
15397	979
15398	979
15399	979
15400	979
15401	980
15402	980
15403	980
15404	980
15405	981
15406	981
15407	981
15408	981
15409	982
15410	982
15411	982
15412	982
15413	983
15414	983
15415	983
15416	983
15417	984
15418	984
15419	984
15420	984
15421	985
15422	985
15423	985
15424	985
15425	986
15426	986
15427	986
15428	986
15429	987
15430	987
15431	987
15432	987
15433	988
15434	988
15435	988
15436	988
15437	989
15438	989
15439	989
15440	989
15441	990
15442	990
15443	990
15444	990
15445	991
15446	991
15447	991
15448	991
15449	992
15450	992
15451	992
15452	992
15453	993
15454	993
15455	993
15456	993
15457	994
15458	994
15459	994
15460	994
15461	995
15462	995
15463	995
15464	995
15465	996
15466	996
15467	996
15468	996
15469	997
15470	997
15471	997
15472	997
15473	998
15474	998
15475	998
15476	998
15477	999
15478	999
15479	999
15480	999
15481	1000
15482	1000
15483	1000
15484	1000
15485	1001
15486	1001
15487	1001
15488	1001
15489	1002
15490	1002
15491	1002
15492	1002
15493	1003
15494	1003
15495	1003
15496	1003
15497	1004
15498	1004
15499	1004
15500	1004
15501	1005
15502	1005
15503	1005
15504	1005
15505	1006
15506	1006
15507	1006
15508	1006
15509	1007
15510	1007
15511	1007
15512	1007
15513	1008
15514	1008
15515	1008
15516	1008
15517	1009
15518	1009
15519	1009
15520	1009
15521	1010
15522	1010
15523	1010
15524	1010
15525	1011
15526	1011
15527	1011
15528	1011
15529	1012
15530	1012
15531	1012
15532	1012
15533	1013
15534	1013
15535	1013
15536	1013
15537	1014
15538	1014
15539	1014
15540	1014
15541	1015
15542	1015
15543	1015
15544	1015
15545	1016
15546	1016
15547	1016
15548	1016
15549	1017
15550	1017
15551	1017
15552	1017
15553	1018
15554	1018
15555	1018
15556	1018
15557	1019
15558	1019
15559	1019
15560	1019
15561	1020
15562	1020
15563	1020
15564	1020
15565	1021
15566	1021
15567	1021
15568	1021
15569	1022
15570	1022
15571	1022
15572	1022
15573	1023
15574	1023
15575	1023
15576	1023
15577	1024
15578	1024
15579	1024
15580	1024
15581	1025
15582	1025
15583	1025
15584	1025
15585	1026
15586	1026
15587	1026
15588	1026
15589	1027
15590	1027
15591	1027
15592	1027
15593	1028
15594	1028
15595	1028
15596	1028
15597	1029
15598	1029
15599	1029
15600	1029
15601	1030
15602	1030
15603	1030
15604	1030
15605	1031
15606	1031
15607	1031
15608	1031
15609	1032
15610	1032
15611	1032
15612	1032
15613	1033
15614	1033
15615	1033
15616	1033
15617	1034
15618	1034
15619	1034
15620	1034
15621	1035
15622	1035
15623	1035
15624	1035
15625	1036
15626	1036
15627	1036
15628	1036
15629	1037
15630	1037
15631	1037
15632	1037
15633	1038
15634	1038
15635	1038
15636	1038
15637	1039
15638	1039
15639	1039
15640	1039
15641	1040
15642	1040
15643	1040
15644	1040
15645	1041
15646	1041
15647	1041
15648	1041
15649	1042
15650	1042
15651	1042
15652	1042
15653	1043
15654	1043
15655	1043
15656	1043
15657	1044
15658	1044
15659	1044
15660	1044
15661	1045
15662	1045
15663	1045
15664	1045
15665	1046
15666	1046
15667	1046
15668	1046
15669	1047
15670	1047
15671	1047
15672	1047
15673	1048
15674	1048
15675	1048
15676	1048
15677	1049
15678	1049
15679	1049
15680	1049
15681	1050
15682	1050
15683	1050
15684	1050
15685	1051
15686	1051
15687	1051
15688	1051
15689	1052
15690	1052
15691	1052
15692	1052
15693	1053
15694	1053
15695	1053
15696	1053
15697	1054
15698	1054
15699	1054
15700	1054
15701	1055
15702	1055
15703	1055
15704	1055
15705	1056
15706	1056
15707	1056
15708	1056
15709	1057
15710	1057
15711	1057
15712	1057
15713	1058
15714	1058
15715	1058
15716	1058
15717	1059
15718	1059
15719	1059
15720	1059
15721	1060
15722	1060
15723	1060
15724	1060
15725	1061
15726	1061
15727	1061
15728	1061
15729	1062
15730	1062
15731	1062
15732	1062
15733	1063
15734	1063
15735	1063
15736	1063
15737	1064
15738	1064
15739	1064
15740	1064
15741	1065
15742	1065
15743	1065
15744	1065
15745	1066
15746	1066
15747	1066
15748	1066
15749	1067
15750	1067
15751	1067
15752	1067
15753	1068
15754	1068
15755	1068
15756	1068
15757	1069
15758	1069
15759	1069
15760	1069
15761	1070
15762	1070
15763	1070
15764	1070
15765	1071
15766	1071
15767	1071
15768	1071
15769	1072
15770	1072
15771	1072
15772	1072
15773	1073
15774	1073
15775	1073
15776	1073
15777	1074
15778	1074
15779	1074
15780	1074
15781	1075
15782	1075
15783	1075
15784	1075
15785	1076
15786	1076
15787	1076
15788	1076
15789	1077
15790	1077
15791	1077
15792	1077
15793	1078
15794	1078
15795	1078
15796	1078
15797	1079
15798	1079
15799	1079
15800	1079
15801	1080
15802	1080
15803	1080
15804	1080
15805	1081
15806	1081
15807	1081
15808	1081
15809	1082
15810	1082
15811	1082
15812	1082
15813	1083
15814	1083
15815	1083
15816	1083
15817	1084
15818	1084
15819	1084
15820	1084
15821	1085
15822	1085
15823	1085
15824	1085
15825	1086
15826	1086
15827	1086
15828	1086
15829	1087
15830	1087
15831	1087
15832	1087
15833	1024
15834	1024
15835	1024
15836	1024
15837	1025
15838	1025
15839	1025
15840	1025
15841	1026
15842	1026
15843	1026
15844	1026
15845	1027
15846	1027
15847	1027
15848	1027
15849	1028
15850	1028
15851	1028
15852	1028
15853	1029
15854	1029
15855	1029
15856	1029
15857	1030
15858	1030
15859	1030
15860	1030
15861	1031
15862	1031
15863	1031
15864	1031
15865	1032
15866	1032
15867	1032
15868	1032
15869	1033
15870	1033
15871	1033
15872	1033
15873	1034
15874	1034
15875	1034
15876	1034
15877	1035
15878	1035
15879	1035
15880	1035
15881	1036
15882	1036
15883	1036
15884	1036
15885	1037
15886	1037
15887	1037
15888	1037
15889	1038
15890	1038
15891	1038
15892	1038
15893	1039
15894	1039
15895	1039
15896	1039
15897	1040
15898	1040
15899	1040
15900	1040
15901	1041
15902	1041
15903	1041
15904	1041
15905	1042
15906	1042
15907	1042
15908	1042
15909	1043
15910	1043
15911	1043
15912	1043
15913	1044
15914	1044
15915	1044
15916	1044
15917	1045
15918	1045
15919	1045
15920	1045
15921	1046
15922	1046
15923	1046
15924	1046
15925	1047
15926	1047
15927	1047
15928	1047
15929	1048
15930	1048
15931	1048
15932	1048
15933	1049
15934	1049
15935	1049
15936	1049
15937	1050
15938	1050
15939	1050
15940	1050
15941	1051
15942	1051
15943	1051
15944	1051
15945	1052
15946	1052
15947	1052
15948	1052
15949	1053
15950	1053
15951	1053
15952	1053
15953	1054
15954	1054
15955	1054
15956	1054
15957	1055
15958	1055
15959	1055
15960	1055
15961	1056
15962	1056
15963	1056
15964	1056
15965	1057
15966	1057
15967	1057
15968	1057
15969	1058
15970	1058
15971	1058
15972	1058
15973	1059
15974	1059
15975	1059
15976	1059
15977	1060
15978	1060
15979	1060
15980	1060
15981	1061
15982	1061
15983	1061
15984	1061
15985	1062
15986	1062
15987	1062
15988	1062
15989	1063
15990	1063
15991	1063
15992	1063
15993	1064
15994	1064
15995	1064
15996	1064
15997	1065
15998	1065
15999	1065
16000	1065
16001	1066
16002	1066
16003	1066
16004	1066
16005	1067
16006	1067
16007	1067
16008	1067
16009	1068
16010	1068
16011	1068
16012	1068
16013	1069
16014	1069
16015	1069
16016	1069
16017	1070
16018	1070
16019	1070
16020	1070
16021	1071
16022	1071
16023	1071
16024	1071
16025	1072
16026	1072
16027	1072
16028	1072
16029	1073
16030	1073
16031	1073
16032	1073
16033	1074
16034	1074
16035	1074
16036	1074
16037	1075
16038	1075
16039	1075
16040	1075
16041	1076
16042	1076
16043	1076
16044	1076
16045	1077
16046	1077
16047	1077
16048	1077
16049	1078
16050	1078
16051	1078
16052	1078
16053	1079
16054	1079
16055	1079
16056	1079
16057	1080
16058	1080
16059	1080
16060	1080
16061	1081
16062	1081
16063	1081
16064	1081
16065	1082
16066	1082
16067	1082
16068	1082
16069	1083
16070	1083
16071	1083
16072	1083
16073	1084
16074	1084
16075	1084
16076	1084
16077	1085
16078	1085
16079	1085
16080	1085
16081	1086
16082	1086
16083	1086
16084	1086
16085	1087
16086	1087
16087	1087
16088	1087
16089	1024
16090	1024
16091	1024
16092	1024
16093	1025
16094	1025
16095	1025
16096	1025
16097	1026
16098	1026
16099	1026
16100	1026
16101	1027
16102	1027
16103	1027
16104	1027
16105	1028
16106	1028
16107	1028
16108	1028
16109	1029
16110	1029
16111	1029
16112	1029
16113	1030
16114	1030
16115	1030
16116	1030
16117	1031
16118	1031
16119	1031
16120	1031
16121	1032
16122	1032
16123	1032
16124	1032
16125	1033
16126	1033
16127	1033
16128	1033
16129	1034
16130	1034
16131	1034
16132	1034
16133	1035
16134	1035
16135	1035
16136	1035
16137	1036
16138	1036
16139	1036
16140	1036
16141	1037
16142	1037
16143	1037
16144	1037
16145	1038
16146	1038
16147	1038
16148	1038
16149	1039
16150	1039
16151	1039
16152	1039
16153	1040
16154	1040
16155	1040
16156	1040
16157	1041
16158	1041
16159	1041
16160	1041
16161	1042
16162	1042
16163	1042
16164	1042
16165	1043
16166	1043
16167	1043
16168	1043
16169	1044
16170	1044
16171	1044
16172	1044
16173	1045
16174	1045
16175	1045
16176	1045
16177	1046
16178	1046
16179	1046
16180	1046
16181	1047
16182	1047
16183	1047
16184	1047
16185	1048
16186	1048
16187	1048
16188	1048
16189	1049
16190	1049
16191	1049
16192	1049
16193	1050
16194	1050
16195	1050
16196	1050
16197	1051
16198	1051
16199	1051
16200	1051
16201	1052
16202	1052
16203	1052
16204	1052
16205	1053
16206	1053
16207	1053
16208	1053
16209	1054
16210	1054
16211	1054
16212	1054
16213	1055
16214	1055
16215	1055
16216	1055
16217	1056
16218	1056
16219	1056
16220	1056
16221	1057
16222	1057
16223	1057
16224	1057
16225	1058
16226	1058
16227	1058
16228	1058
16229	1059
16230	1059
16231	1059
16232	1059
16233	1060
16234	1060
16235	1060
16236	1060
16237	1061
16238	1061
16239	1061
16240	1061
16241	1062
16242	1062
16243	1062
16244	1062
16245	1063
16246	1063
16247	1063
16248	1063
16249	1064
16250	1064
16251	1064
16252	1064
16253	1065
16254	1065
16255	1065
16256	1065
16257	1066
16258	1066
16259	1066
16260	1066
16261	1067
16262	1067
16263	1067
16264	1067
16265	1068
16266	1068
16267	1068
16268	1068
16269	1069
16270	1069
16271	1069
16272	1069
16273	1070
16274	1070
16275	1070
16276	1070
16277	1071
16278	1071
16279	1071
16280	1071
16281	1072
16282	1072
16283	1072
16284	1072
16285	1073
16286	1073
16287	1073
16288	1073
16289	1074
16290	1074
16291	1074
16292	1074
16293	1075
16294	1075
16295	1075
16296	1075
16297	1076
16298	1076
16299	1076
16300	1076
16301	1077
16302	1077
16303	1077
16304	1077
16305	1078
16306	1078
16307	1078
16308	1078
16309	1079
16310	1079
16311	1079
16312	1079
16313	1080
16314	1080
16315	1080
16316	1080
16317	1081
16318	1081
16319	1081
16320	1081
16321	1082
16322	1082
16323	1082
16324	1082
16325	1083
16326	1083
16327	1083
16328	1083
16329	1084
16330	1084
16331	1084
16332	1084
16333	1085
16334	1085
16335	1085
16336	1085
16337	1086
16338	1086
16339	1086
16340	1086
16341	1087
16342	1087
16343	1087
16344	1087
16345	1024
16346	1024
16347	1024
16348	1024
16349	1025
16350	1025
16351	1025
16352	1025
16353	1026
16354	1026
16355	1026
16356	1026
16357	1027
16358	1027
16359	1027
16360	1027
16361	1028
16362	1028
16363	1028
16364	1028
16365	1029
16366	1029
16367	1029
16368	1029
16369	1030
16370	1030
16371	1030
16372	1030
16373	1031
16374	1031
16375	1031
16376	1031
16377	1032
16378	1032
16379	1032
16380	1032
16381	1033
16382	1033
16383	1033
16384	1033
16385	1034
16386	1034
16387	1034
16388	1034
16389	1035
16390	1035
16391	1035
16392	1035
16393	1036
16394	1036
16395	1036
16396	1036
16397	1037
16398	1037
16399	1037
16400	1037
16401	1038
16402	1038
16403	1038
16404	1038
16405	1039
16406	1039
16407	1039
16408	1039
16409	1040
16410	1040
16411	1040
16412	1040
16413	1041
16414	1041
16415	1041
16416	1041
16417	1042
16418	1042
16419	1042
16420	1042
16421	1043
16422	1043
16423	1043
16424	1043
16425	1044
16426	1044
16427	1044
16428	1044
16429	1045
16430	1045
16431	1045
16432	1045
16433	1046
16434	1046
16435	1046
16436	1046
16437	1047
16438	1047
16439	1047
16440	1047
16441	1048
16442	1048
16443	1048
16444	1048
16445	1049
16446	1049
16447	1049
16448	1049
16449	1050
16450	1050
16451	1050
16452	1050
16453	1051
16454	1051
16455	1051
16456	1051
16457	1052
16458	1052
16459	1052
16460	1052
16461	1053
16462	1053
16463	1053
16464	1053
16465	1054
16466	1054
16467	1054
16468	1054
16469	1055
16470	1055
16471	1055
16472	1055
16473	1056
16474	1056
16475	1056
16476	1056
16477	1057
16478	1057
16479	1057
16480	1057
16481	1058
16482	1058
16483	1058
16484	1058
16485	1059
16486	1059
16487	1059
16488	1059
16489	1060
16490	1060
16491	1060
16492	1060
16493	1061
16494	1061
16495	1061
16496	1061
16497	1062
16498	1062
16499	1062
16500	1062
16501	1063
16502	1063
16503	1063
16504	1063
16505	1064
16506	1064
16507	1064
16508	1064
16509	1065
16510	1065
16511	1065
16512	1065
16513	1066
16514	1066
16515	1066
16516	1066
16517	1067
16518	1067
16519	1067
16520	1067
16521	1068
16522	1068
16523	1068
16524	1068
16525	1069
16526	1069
16527	1069
16528	1069
16529	1070
16530	1070
16531	1070
16532	1070
16533	1071
16534	1071
16535	1071
16536	1071
16537	1072
16538	1072
16539	1072
16540	1072
16541	1073
16542	1073
16543	1073
16544	1073
16545	1074
16546	1074
16547	1074
16548	1074
16549	1075
16550	1075
16551	1075
16552	1075
16553	1076
16554	1076
16555	1076
16556	1076
16557	1077
16558	1077
16559	1077
16560	1077
16561	1078
16562	1078
16563	1078
16564	1078
16565	1079
16566	1079
16567	1079
16568	1079
16569	1080
16570	1080
16571	1080
16572	1080
16573	1081
16574	1081
16575	1081
16576	1081
16577	1082
16578	1082
16579	1082
16580	1082
16581	1083
16582	1083
16583	1083
16584	1083
16585	1084
16586	1084
16587	1084
16588	1084
16589	1085
16590	1085
16591	1085
16592	1085
16593	1086
16594	1086
16595	1086
16596	1086
16597	1087
16598	1087
16599	1087
16600	1087
16601	1088
16602	1088
16603	1088
16604	1088
16605	1089
16606	1089
16607	1089
16608	1089
16609	1090
16610	1090
16611	1090
16612	1090
16613	1091
16614	1091
16615	1091
16616	1091
16617	1092
16618	1092
16619	1092
16620	1092
16621	1093
16622	1093
16623	1093
16624	1093
16625	1094
16626	1094
16627	1094
16628	1094
16629	1095
16630	1095
16631	1095
16632	1095
16633	1096
16634	1096
16635	1096
16636	1096
16637	1097
16638	1097
16639	1097
16640	1097
16641	1098
16642	1098
16643	1098
16644	1098
16645	1099
16646	1099
16647	1099
16648	1099
16649	1100
16650	1100
16651	1100
16652	1100
16653	1101
16654	1101
16655	1101
16656	1101
16657	1102
16658	1102
16659	1102
16660	1102
16661	1103
16662	1103
16663	1103
16664	1103
16665	1104
16666	1104
16667	1104
16668	1104
16669	1105
16670	1105
16671	1105
16672	1105
16673	1106
16674	1106
16675	1106
16676	1106
16677	1107
16678	1107
16679	1107
16680	1107
16681	1108
16682	1108
16683	1108
16684	1108
16685	1109
16686	1109
16687	1109
16688	1109
16689	1110
16690	1110
16691	1110
16692	1110
16693	1111
16694	1111
16695	1111
16696	1111
16697	1112
16698	1112
16699	1112
16700	1112
16701	1113
16702	1113
16703	1113
16704	1113
16705	1114
16706	1114
16707	1114
16708	1114
16709	1115
16710	1115
16711	1115
16712	1115
16713	1116
16714	1116
16715	1116
16716	1116
16717	1117
16718	1117
16719	1117
16720	1117
16721	1118
16722	1118
16723	1118
16724	1118
16725	1119
16726	1119
16727	1119
16728	1119
16729	1120
16730	1120
16731	1120
16732	1120
16733	1121
16734	1121
16735	1121
16736	1121
16737	1122
16738	1122
16739	1122
16740	1122
16741	1123
16742	1123
16743	1123
16744	1123
16745	1124
16746	1124
16747	1124
16748	1124
16749	1125
16750	1125
16751	1125
16752	1125
16753	1126
16754	1126
16755	1126
16756	1126
16757	1127
16758	1127
16759	1127
16760	1127
16761	1128
16762	1128
16763	1128
16764	1128
16765	1129
16766	1129
16767	1129
16768	1129
16769	1130
16770	1130
16771	1130
16772	1130
16773	1131
16774	1131
16775	1131
16776	1131
16777	1132
16778	1132
16779	1132
16780	1132
16781	1133
16782	1133
16783	1133
16784	1133
16785	1134
16786	1134
16787	1134
16788	1134
16789	1135
16790	1135
16791	1135
16792	1135
16793	1136
16794	1136
16795	1136
16796	1136
16797	1137
16798	1137
16799	1137
16800	1137
16801	1138
16802	1138
16803	1138
16804	1138
16805	1139
16806	1139
16807	1139
16808	1139
16809	1140
16810	1140
16811	1140
16812	1140
16813	1141
16814	1141
16815	1141
16816	1141
16817	1142
16818	1142
16819	1142
16820	1142
16821	1143
16822	1143
16823	1143
16824	1143
16825	1144
16826	1144
16827	1144
16828	1144
16829	1145
16830	1145
16831	1145
16832	1145
16833	1146
16834	1146
16835	1146
16836	1146
16837	1147
16838	1147
16839	1147
16840	1147
16841	1148
16842	1148
16843	1148
16844	1148
16845	1149
16846	1149
16847	1149
16848	1149
16849	1150
16850	1150
16851	1150
16852	1150
16853	1151
16854	1151
16855	1151
16856	1151
16857	1088
16858	1088
16859	1088
16860	1088
16861	1089
16862	1089
16863	1089
16864	1089
16865	1090
16866	1090
16867	1090
16868	1090
16869	1091
16870	1091
16871	1091
16872	1091
16873	1092
16874	1092
16875	1092
16876	1092
16877	1093
16878	1093
16879	1093
16880	1093
16881	1094
16882	1094
16883	1094
16884	1094
16885	1095
16886	1095
16887	1095
16888	1095
16889	1096
16890	1096
16891	1096
16892	1096
16893	1097
16894	1097
16895	1097
16896	1097
16897	1098
16898	1098
16899	1098
16900	1098
16901	1099
16902	1099
16903	1099
16904	1099
16905	1100
16906	1100
16907	1100
16908	1100
16909	1101
16910	1101
16911	1101
16912	1101
16913	1102
16914	1102
16915	1102
16916	1102
16917	1103
16918	1103
16919	1103
16920	1103
16921	1104
16922	1104
16923	1104
16924	1104
16925	1105
16926	1105
16927	1105
16928	1105
16929	1106
16930	1106
16931	1106
16932	1106
16933	1107
16934	1107
16935	1107
16936	1107
16937	1108
16938	1108
16939	1108
16940	1108
16941	1109
16942	1109
16943	1109
16944	1109
16945	1110
16946	1110
16947	1110
16948	1110
16949	1111
16950	1111
16951	1111
16952	1111
16953	1112
16954	1112
16955	1112
16956	1112
16957	1113
16958	1113
16959	1113
16960	1113
16961	1114
16962	1114
16963	1114
16964	1114
16965	1115
16966	1115
16967	1115
16968	1115
16969	1116
16970	1116
16971	1116
16972	1116
16973	1117
16974	1117
16975	1117
16976	1117
16977	1118
16978	1118
16979	1118
16980	1118
16981	1119
16982	1119
16983	1119
16984	1119
16985	1120
16986	1120
16987	1120
16988	1120
16989	1121
16990	1121
16991	1121
16992	1121
16993	1122
16994	1122
16995	1122
16996	1122
16997	1123
16998	1123
16999	1123
17000	1123
17001	1124
17002	1124
17003	1124
17004	1124
17005	1125
17006	1125
17007	1125
17008	1125
17009	1126
17010	1126
17011	1126
17012	1126
17013	1127
17014	1127
17015	1127
17016	1127
17017	1128
17018	1128
17019	1128
17020	1128
17021	1129
17022	1129
17023	1129
17024	1129
17025	1130
17026	1130
17027	1130
17028	1130
17029	1131
17030	1131
17031	1131
17032	1131
17033	1132
17034	1132
17035	1132
17036	1132
17037	1133
17038	1133
17039	1133
17040	1133
17041	1134
17042	1134
17043	1134
17044	1134
17045	1135
17046	1135
17047	1135
17048	1135
17049	1136
17050	1136
17051	1136
17052	1136
17053	1137
17054	1137
17055	1137
17056	1137
17057	1138
17058	1138
17059	1138
17060	1138
17061	1139
17062	1139
17063	1139
17064	1139
17065	1140
17066	1140
17067	1140
17068	1140
17069	1141
17070	1141
17071	1141
17072	1141
17073	1142
17074	1142
17075	1142
17076	1142
17077	1143
17078	1143
17079	1143
17080	1143
17081	1144
17082	1144
17083	1144
17084	1144
17085	1145
17086	1145
17087	1145
17088	1145
17089	1146
17090	1146
17091	1146
17092	1146
17093	1147
17094	1147
17095	1147
17096	1147
17097	1148
17098	1148
17099	1148
17100	1148
17101	1149
17102	1149
17103	1149
17104	1149
17105	1150
17106	1150
17107	1150
17108	1150
17109	1151
17110	1151
17111	1151
17112	1151
17113	1088
17114	1088
17115	1088
17116	1088
17117	1089
17118	1089
17119	1089
17120	1089
17121	1090
17122	1090
17123	1090
17124	1090
17125	1091
17126	1091
17127	1091
17128	1091
17129	1092
17130	1092
17131	1092
17132	1092
17133	1093
17134	1093
17135	1093
17136	1093
17137	1094
17138	1094
17139	1094
17140	1094
17141	1095
17142	1095
17143	1095
17144	1095
17145	1096
17146	1096
17147	1096
17148	1096
17149	1097
17150	1097
17151	1097
17152	1097
17153	1098
17154	1098
17155	1098
17156	1098
17157	1099
17158	1099
17159	1099
17160	1099
17161	1100
17162	1100
17163	1100
17164	1100
17165	1101
17166	1101
17167	1101
17168	1101
17169	1102
17170	1102
17171	1102
17172	1102
17173	1103
17174	1103
17175	1103
17176	1103
17177	1104
17178	1104
17179	1104
17180	1104
17181	1105
17182	1105
17183	1105
17184	1105
17185	1106
17186	1106
17187	1106
17188	1106
17189	1107
17190	1107
17191	1107
17192	1107
17193	1108
17194	1108
17195	1108
17196	1108
17197	1109
17198	1109
17199	1109
17200	1109
17201	1110
17202	1110
17203	1110
17204	1110
17205	1111
17206	1111
17207	1111
17208	1111
17209	1112
17210	1112
17211	1112
17212	1112
17213	1113
17214	1113
17215	1113
17216	1113
17217	1114
17218	1114
17219	1114
17220	1114
17221	1115
17222	1115
17223	1115
17224	1115
17225	1116
17226	1116
17227	1116
17228	1116
17229	1117
17230	1117
17231	1117
17232	1117
17233	1118
17234	1118
17235	1118
17236	1118
17237	1119
17238	1119
17239	1119
17240	1119
17241	1120
17242	1120
17243	1120
17244	1120
17245	1121
17246	1121
17247	1121
17248	1121
17249	1122
17250	1122
17251	1122
17252	1122
17253	1123
17254	1123
17255	1123
17256	1123
17257	1124
17258	1124
17259	1124
17260	1124
17261	1125
17262	1125
17263	1125
17264	1125
17265	1126
17266	1126
17267	1126
17268	1126
17269	1127
17270	1127
17271	1127
17272	1127
17273	1128
17274	1128
17275	1128
17276	1128
17277	1129
17278	1129
17279	1129
17280	1129
17281	1130
17282	1130
17283	1130
17284	1130
17285	1131
17286	1131
17287	1131
17288	1131
17289	1132
17290	1132
17291	1132
17292	1132
17293	1133
17294	1133
17295	1133
17296	1133
17297	1134
17298	1134
17299	1134
17300	1134
17301	1135
17302	1135
17303	1135
17304	1135
17305	1136
17306	1136
17307	1136
17308	1136
17309	1137
17310	1137
17311	1137
17312	1137
17313	1138
17314	1138
17315	1138
17316	1138
17317	1139
17318	1139
17319	1139
17320	1139
17321	1140
17322	1140
17323	1140
17324	1140
17325	1141
17326	1141
17327	1141
17328	1141
17329	1142
17330	1142
17331	1142
17332	1142
17333	1143
17334	1143
17335	1143
17336	1143
17337	1144
17338	1144
17339	1144
17340	1144
17341	1145
17342	1145
17343	1145
17344	1145
17345	1146
17346	1146
17347	1146
17348	1146
17349	1147
17350	1147
17351	1147
17352	1147
17353	1148
17354	1148
17355	1148
17356	1148
17357	1149
17358	1149
17359	1149
17360	1149
17361	1150
17362	1150
17363	1150
17364	1150
17365	1151
17366	1151
17367	1151
17368	1151
17369	1088
17370	1088
17371	1088
17372	1088
17373	1089
17374	1089
17375	1089
17376	1089
17377	1090
17378	1090
17379	1090
17380	1090
17381	1091
17382	1091
17383	1091
17384	1091
17385	1092
17386	1092
17387	1092
17388	1092
17389	1093
17390	1093
17391	1093
17392	1093
17393	1094
17394	1094
17395	1094
17396	1094
17397	1095
17398	1095
17399	1095
17400	1095
17401	1096
17402	1096
17403	1096
17404	1096
17405	1097
17406	1097
17407	1097
17408	1097
17409	1098
17410	1098
17411	1098
17412	1098
17413	1099
17414	1099
17415	1099
17416	1099
17417	1100
17418	1100
17419	1100
17420	1100
17421	1101
17422	1101
17423	1101
17424	1101
17425	1102
17426	1102
17427	1102
17428	1102
17429	1103
17430	1103
17431	1103
17432	1103
17433	1104
17434	1104
17435	1104
17436	1104
17437	1105
17438	1105
17439	1105
17440	1105
17441	1106
17442	1106
17443	1106
17444	1106
17445	1107
17446	1107
17447	1107
17448	1107
17449	1108
17450	1108
17451	1108
17452	1108
17453	1109
17454	1109
17455	1109
17456	1109
17457	1110
17458	1110
17459	1110
17460	1110
17461	1111
17462	1111
17463	1111
17464	1111
17465	1112
17466	1112
17467	1112
17468	1112
17469	1113
17470	1113
17471	1113
17472	1113
17473	1114
17474	1114
17475	1114
17476	1114
17477	1115
17478	1115
17479	1115
17480	1115
17481	1116
17482	1116
17483	1116
17484	1116
17485	1117
17486	1117
17487	1117
17488	1117
17489	1118
17490	1118
17491	1118
17492	1118
17493	1119
17494	1119
17495	1119
17496	1119
17497	1120
17498	1120
17499	1120
17500	1120
17501	1121
17502	1121
17503	1121
17504	1121
17505	1122
17506	1122
17507	1122
17508	1122
17509	1123
17510	1123
17511	1123
17512	1123
17513	1124
17514	1124
17515	1124
17516	1124
17517	1125
17518	1125
17519	1125
17520	1125
17521	1126
17522	1126
17523	1126
17524	1126
17525	1127
17526	1127
17527	1127
17528	1127
17529	1128
17530	1128
17531	1128
17532	1128
17533	1129
17534	1129
17535	1129
17536	1129
17537	1130
17538	1130
17539	1130
17540	1130
17541	1131
17542	1131
17543	1131
17544	1131
17545	1132
17546	1132
17547	1132
17548	1132
17549	1133
17550	1133
17551	1133
17552	1133
17553	1134
17554	1134
17555	1134
17556	1134
17557	1135
17558	1135
17559	1135
17560	1135
17561	1136
17562	1136
17563	1136
17564	1136
17565	1137
17566	1137
17567	1137
17568	1137
17569	1138
17570	1138
17571	1138
17572	1138
17573	1139
17574	1139
17575	1139
17576	1139
17577	1140
17578	1140
17579	1140
17580	1140
17581	1141
17582	1141
17583	1141
17584	1141
17585	1142
17586	1142
17587	1142
17588	1142
17589	1143
17590	1143
17591	1143
17592	1143
17593	1144
17594	1144
17595	1144
17596	1144
17597	1145
17598	1145
17599	1145
17600	1145
17601	1146
17602	1146
17603	1146
17604	1146
17605	1147
17606	1147
17607	1147
17608	1147
17609	1148
17610	1148
17611	1148
17612	1148
17613	1149
17614	1149
17615	1149
17616	1149
17617	1150
17618	1150
17619	1150
17620	1150
17621	1151
17622	1151
17623	1151
17624	1151
17625	1152
17626	1152
17627	1152
17628	1152
17629	1153
17630	1153
17631	1153
17632	1153
17633	1154
17634	1154
17635	1154
17636	1154
17637	1155
17638	1155
17639	1155
17640	1155
17641	1156
17642	1156
17643	1156
17644	1156
17645	1157
17646	1157
17647	1157
17648	1157
17649	1158
17650	1158
17651	1158
17652	1158
17653	1159
17654	1159
17655	1159
17656	1159
17657	1160
17658	1160
17659	1160
17660	1160
17661	1161
17662	1161
17663	1161
17664	1161
17665	1162
17666	1162
17667	1162
17668	1162
17669	1163
17670	1163
17671	1163
17672	1163
17673	1164
17674	1164
17675	1164
17676	1164
17677	1165
17678	1165
17679	1165
17680	1165
17681	1166
17682	1166
17683	1166
17684	1166
17685	1167
17686	1167
17687	1167
17688	1167
17689	1168
17690	1168
17691	1168
17692	1168
17693	1169
17694	1169
17695	1169
17696	1169
17697	1170
17698	1170
17699	1170
17700	1170
17701	1171
17702	1171
17703	1171
17704	1171
17705	1172
17706	1172
17707	1172
17708	1172
17709	1173
17710	1173
17711	1173
17712	1173
17713	1174
17714	1174
17715	1174
17716	1174
17717	1175
17718	1175
17719	1175
17720	1175
17721	1176
17722	1176
17723	1176
17724	1176
17725	1177
17726	1177
17727	1177
17728	1177
17729	1178
17730	1178
17731	1178
17732	1178
17733	1179
17734	1179
17735	1179
17736	1179
17737	1180
17738	1180
17739	1180
17740	1180
17741	1181
17742	1181
17743	1181
17744	1181
17745	1182
17746	1182
17747	1182
17748	1182
17749	1183
17750	1183
17751	1183
17752	1183
17753	1184
17754	1184
17755	1184
17756	1184
17757	1185
17758	1185
17759	1185
17760	1185
17761	1186
17762	1186
17763	1186
17764	1186
17765	1187
17766	1187
17767	1187
17768	1187
17769	1188
17770	1188
17771	1188
17772	1188
17773	1189
17774	1189
17775	1189
17776	1189
17777	1190
17778	1190
17779	1190
17780	1190
17781	1191
17782	1191
17783	1191
17784	1191
17785	1192
17786	1192
17787	1192
17788	1192
17789	1193
17790	1193
17791	1193
17792	1193
17793	1194
17794	1194
17795	1194
17796	1194
17797	1195
17798	1195
17799	1195
17800	1195
17801	1196
17802	1196
17803	1196
17804	1196
17805	1197
17806	1197
17807	1197
17808	1197
17809	1198
17810	1198
17811	1198
17812	1198
17813	1199
17814	1199
17815	1199
17816	1199
17817	1200
17818	1200
17819	1200
17820	1200
17821	1201
17822	1201
17823	1201
17824	1201
17825	1202
17826	1202
17827	1202
17828	1202
17829	1203
17830	1203
17831	1203
17832	1203
17833	1204
17834	1204
17835	1204
17836	1204
17837	1205
17838	1205
17839	1205
17840	1205
17841	1206
17842	1206
17843	1206
17844	1206
17845	1207
17846	1207
17847	1207
17848	1207
17849	1208
17850	1208
17851	1208
17852	1208
17853	1209
17854	1209
17855	1209
17856	1209
17857	1210
17858	1210
17859	1210
17860	1210
17861	1211
17862	1211
17863	1211
17864	1211
17865	1212
17866	1212
17867	1212
17868	1212
17869	1213
17870	1213
17871	1213
17872	1213
17873	1214
17874	1214
17875	1214
17876	1214
17877	1215
17878	1215
17879	1215
17880	1215
17881	1152
17882	1152
17883	1152
17884	1152
17885	1153
17886	1153
17887	1153
17888	1153
17889	1154
17890	1154
17891	1154
17892	1154
17893	1155
17894	1155
17895	1155
17896	1155
17897	1156
17898	1156
17899	1156
17900	1156
17901	1157
17902	1157
17903	1157
17904	1157
17905	1158
17906	1158
17907	1158
17908	1158
17909	1159
17910	1159
17911	1159
17912	1159
17913	1160
17914	1160
17915	1160
17916	1160
17917	1161
17918	1161
17919	1161
17920	1161
17921	1162
17922	1162
17923	1162
17924	1162
17925	1163
17926	1163
17927	1163
17928	1163
17929	1164
17930	1164
17931	1164
17932	1164
17933	1165
17934	1165
17935	1165
17936	1165
17937	1166
17938	1166
17939	1166
17940	1166
17941	1167
17942	1167
17943	1167
17944	1167
17945	1168
17946	1168
17947	1168
17948	1168
17949	1169
17950	1169
17951	1169
17952	1169
17953	1170
17954	1170
17955	1170
17956	1170
17957	1171
17958	1171
17959	1171
17960	1171
17961	1172
17962	1172
17963	1172
17964	1172
17965	1173
17966	1173
17967	1173
17968	1173
17969	1174
17970	1174
17971	1174
17972	1174
17973	1175
17974	1175
17975	1175
17976	1175
17977	1176
17978	1176
17979	1176
17980	1176
17981	1177
17982	1177
17983	1177
17984	1177
17985	1178
17986	1178
17987	1178
17988	1178
17989	1179
17990	1179
17991	1179
17992	1179
17993	1180
17994	1180
17995	1180
17996	1180
17997	1181
17998	1181
17999	1181
18000	1181
18001	1182
18002	1182
18003	1182
18004	1182
18005	1183
18006	1183
18007	1183
18008	1183
18009	1184
18010	1184
18011	1184
18012	1184
18013	1185
18014	1185
18015	1185
18016	1185
18017	1186
18018	1186
18019	1186
18020	1186
18021	1187
18022	1187
18023	1187
18024	1187
18025	1188
18026	1188
18027	1188
18028	1188
18029	1189
18030	1189
18031	1189
18032	1189
18033	1190
18034	1190
18035	1190
18036	1190
18037	1191
18038	1191
18039	1191
18040	1191
18041	1192
18042	1192
18043	1192
18044	1192
18045	1193
18046	1193
18047	1193
18048	1193
18049	1194
18050	1194
18051	1194
18052	1194
18053	1195
18054	1195
18055	1195
18056	1195
18057	1196
18058	1196
18059	1196
18060	1196
18061	1197
18062	1197
18063	1197
18064	1197
18065	1198
18066	1198
18067	1198
18068	1198
18069	1199
18070	1199
18071	1199
18072	1199
18073	1200
18074	1200
18075	1200
18076	1200
18077	1201
18078	1201
18079	1201
18080	1201
18081	1202
18082	1202
18083	1202
18084	1202
18085	1203
18086	1203
18087	1203
18088	1203
18089	1204
18090	1204
18091	1204
18092	1204
18093	1205
18094	1205
18095	1205
18096	1205
18097	1206
18098	1206
18099	1206
18100	1206
18101	1207
18102	1207
18103	1207
18104	1207
18105	1208
18106	1208
18107	1208
18108	1208
18109	1209
18110	1209
18111	1209
18112	1209
18113	1210
18114	1210
18115	1210
18116	1210
18117	1211
18118	1211
18119	1211
18120	1211
18121	1212
18122	1212
18123	1212
18124	1212
18125	1213
18126	1213
18127	1213
18128	1213
18129	1214
18130	1214
18131	1214
18132	1214
18133	1215
18134	1215
18135	1215
18136	1215
18137	1152
18138	1152
18139	1152
18140	1152
18141	1153
18142	1153
18143	1153
18144	1153
18145	1154
18146	1154
18147	1154
18148	1154
18149	1155
18150	1155
18151	1155
18152	1155
18153	1156
18154	1156
18155	1156
18156	1156
18157	1157
18158	1157
18159	1157
18160	1157
18161	1158
18162	1158
18163	1158
18164	1158
18165	1159
18166	1159
18167	1159
18168	1159
18169	1160
18170	1160
18171	1160
18172	1160
18173	1161
18174	1161
18175	1161
18176	1161
18177	1162
18178	1162
18179	1162
18180	1162
18181	1163
18182	1163
18183	1163
18184	1163
18185	1164
18186	1164
18187	1164
18188	1164
18189	1165
18190	1165
18191	1165
18192	1165
18193	1166
18194	1166
18195	1166
18196	1166
18197	1167
18198	1167
18199	1167
18200	1167
18201	1168
18202	1168
18203	1168
18204	1168
18205	1169
18206	1169
18207	1169
18208	1169
18209	1170
18210	1170
18211	1170
18212	1170
18213	1171
18214	1171
18215	1171
18216	1171
18217	1172
18218	1172
18219	1172
18220	1172
18221	1173
18222	1173
18223	1173
18224	1173
18225	1174
18226	1174
18227	1174
18228	1174
18229	1175
18230	1175
18231	1175
18232	1175
18233	1176
18234	1176
18235	1176
18236	1176
18237	1177
18238	1177
18239	1177
18240	1177
18241	1178
18242	1178
18243	1178
18244	1178
18245	1179
18246	1179
18247	1179
18248	1179
18249	1180
18250	1180
18251	1180
18252	1180
18253	1181
18254	1181
18255	1181
18256	1181
18257	1182
18258	1182
18259	1182
18260	1182
18261	1183
18262	1183
18263	1183
18264	1183
18265	1184
18266	1184
18267	1184
18268	1184
18269	1185
18270	1185
18271	1185
18272	1185
18273	1186
18274	1186
18275	1186
18276	1186
18277	1187
18278	1187
18279	1187
18280	1187
18281	1188
18282	1188
18283	1188
18284	1188
18285	1189
18286	1189
18287	1189
18288	1189
18289	1190
18290	1190
18291	1190
18292	1190
18293	1191
18294	1191
18295	1191
18296	1191
18297	1192
18298	1192
18299	1192
18300	1192
18301	1193
18302	1193
18303	1193
18304	1193
18305	1194
18306	1194
18307	1194
18308	1194
18309	1195
18310	1195
18311	1195
18312	1195
18313	1196
18314	1196
18315	1196
18316	1196
18317	1197
18318	1197
18319	1197
18320	1197
18321	1198
18322	1198
18323	1198
18324	1198
18325	1199
18326	1199
18327	1199
18328	1199
18329	1200
18330	1200
18331	1200
18332	1200
18333	1201
18334	1201
18335	1201
18336	1201
18337	1202
18338	1202
18339	1202
18340	1202
18341	1203
18342	1203
18343	1203
18344	1203
18345	1204
18346	1204
18347	1204
18348	1204
18349	1205
18350	1205
18351	1205
18352	1205
18353	1206
18354	1206
18355	1206
18356	1206
18357	1207
18358	1207
18359	1207
18360	1207
18361	1208
18362	1208
18363	1208
18364	1208
18365	1209
18366	1209
18367	1209
18368	1209
18369	1210
18370	1210
18371	1210
18372	1210
18373	1211
18374	1211
18375	1211
18376	1211
18377	1212
18378	1212
18379	1212
18380	1212
18381	1213
18382	1213
18383	1213
18384	1213
18385	1214
18386	1214
18387	1214
18388	1214
18389	1215
18390	1215
18391	1215
18392	1215
18393	1152
18394	1152
18395	1152
18396	1152
18397	1153
18398	1153
18399	1153
18400	1153
18401	1154
18402	1154
18403	1154
18404	1154
18405	1155
18406	1155
18407	1155
18408	1155
18409	1156
18410	1156
18411	1156
18412	1156
18413	1157
18414	1157
18415	1157
18416	1157
18417	1158
18418	1158
18419	1158
18420	1158
18421	1159
18422	1159
18423	1159
18424	1159
18425	1160
18426	1160
18427	1160
18428	1160
18429	1161
18430	1161
18431	1161
18432	1161
18433	1162
18434	1162
18435	1162
18436	1162
18437	1163
18438	1163
18439	1163
18440	1163
18441	1164
18442	1164
18443	1164
18444	1164
18445	1165
18446	1165
18447	1165
18448	1165
18449	1166
18450	1166
18451	1166
18452	1166
18453	1167
18454	1167
18455	1167
18456	1167
18457	1168
18458	1168
18459	1168
18460	1168
18461	1169
18462	1169
18463	1169
18464	1169
18465	1170
18466	1170
18467	1170
18468	1170
18469	1171
18470	1171
18471	1171
18472	1171
18473	1172
18474	1172
18475	1172
18476	1172
18477	1173
18478	1173
18479	1173
18480	1173
18481	1174
18482	1174
18483	1174
18484	1174
18485	1175
18486	1175
18487	1175
18488	1175
18489	1176
18490	1176
18491	1176
18492	1176
18493	1177
18494	1177
18495	1177
18496	1177
18497	1178
18498	1178
18499	1178
18500	1178
18501	1179
18502	1179
18503	1179
18504	1179
18505	1180
18506	1180
18507	1180
18508	1180
18509	1181
18510	1181
18511	1181
18512	1181
18513	1182
18514	1182
18515	1182
18516	1182
18517	1183
18518	1183
18519	1183
18520	1183
18521	1184
18522	1184
18523	1184
18524	1184
18525	1185
18526	1185
18527	1185
18528	1185
18529	1186
18530	1186
18531	1186
18532	1186
18533	1187
18534	1187
18535	1187
18536	1187
18537	1188
18538	1188
18539	1188
18540	1188
18541	1189
18542	1189
18543	1189
18544	1189
18545	1190
18546	1190
18547	1190
18548	1190
18549	1191
18550	1191
18551	1191
18552	1191
18553	1192
18554	1192
18555	1192
18556	1192
18557	1193
18558	1193
18559	1193
18560	1193
18561	1194
18562	1194
18563	1194
18564	1194
18565	1195
18566	1195
18567	1195
18568	1195
18569	1196
18570	1196
18571	1196
18572	1196
18573	1197
18574	1197
18575	1197
18576	1197
18577	1198
18578	1198
18579	1198
18580	1198
18581	1199
18582	1199
18583	1199
18584	1199
18585	1200
18586	1200
18587	1200
18588	1200
18589	1201
18590	1201
18591	1201
18592	1201
18593	1202
18594	1202
18595	1202
18596	1202
18597	1203
18598	1203
18599	1203
18600	1203
18601	1204
18602	1204
18603	1204
18604	1204
18605	1205
18606	1205
18607	1205
18608	1205
18609	1206
18610	1206
18611	1206
18612	1206
18613	1207
18614	1207
18615	1207
18616	1207
18617	1208
18618	1208
18619	1208
18620	1208
18621	1209
18622	1209
18623	1209
18624	1209
18625	1210
18626	1210
18627	1210
18628	1210
18629	1211
18630	1211
18631	1211
18632	1211
18633	1212
18634	1212
18635	1212
18636	1212
18637	1213
18638	1213
18639	1213
18640	1213
18641	1214
18642	1214
18643	1214
18644	1214
18645	1215
18646	1215
18647	1215
18648	1215
18649	1216
18650	1216
18651	1216
18652	1216
18653	1217
18654	1217
18655	1217
18656	1217
18657	1218
18658	1218
18659	1218
18660	1218
18661	1219
18662	1219
18663	1219
18664	1219
18665	1220
18666	1220
18667	1220
18668	1220
18669	1221
18670	1221
18671	1221
18672	1221
18673	1222
18674	1222
18675	1222
18676	1222
18677	1223
18678	1223
18679	1223
18680	1223
18681	1224
18682	1224
18683	1224
18684	1224
18685	1225
18686	1225
18687	1225
18688	1225
18689	1226
18690	1226
18691	1226
18692	1226
18693	1227
18694	1227
18695	1227
18696	1227
18697	1228
18698	1228
18699	1228
18700	1228
18701	1229
18702	1229
18703	1229
18704	1229
18705	1230
18706	1230
18707	1230
18708	1230
18709	1231
18710	1231
18711	1231
18712	1231
18713	1232
18714	1232
18715	1232
18716	1232
18717	1233
18718	1233
18719	1233
18720	1233
18721	1234
18722	1234
18723	1234
18724	1234
18725	1235
18726	1235
18727	1235
18728	1235
18729	1236
18730	1236
18731	1236
18732	1236
18733	1237
18734	1237
18735	1237
18736	1237
18737	1238
18738	1238
18739	1238
18740	1238
18741	1239
18742	1239
18743	1239
18744	1239
18745	1240
18746	1240
18747	1240
18748	1240
18749	1241
18750	1241
18751	1241
18752	1241
18753	1242
18754	1242
18755	1242
18756	1242
18757	1243
18758	1243
18759	1243
18760	1243
18761	1244
18762	1244
18763	1244
18764	1244
18765	1245
18766	1245
18767	1245
18768	1245
18769	1246
18770	1246
18771	1246
18772	1246
18773	1247
18774	1247
18775	1247
18776	1247
18777	1248
18778	1248
18779	1248
18780	1248
18781	1249
18782	1249
18783	1249
18784	1249
18785	1250
18786	1250
18787	1250
18788	1250
18789	1251
18790	1251
18791	1251
18792	1251
18793	1252
18794	1252
18795	1252
18796	1252
18797	1253
18798	1253
18799	1253
18800	1253
18801	1254
18802	1254
18803	1254
18804	1254
18805	1255
18806	1255
18807	1255
18808	1255
18809	1256
18810	1256
18811	1256
18812	1256
18813	1257
18814	1257
18815	1257
18816	1257
18817	1258
18818	1258
18819	1258
18820	1258
18821	1259
18822	1259
18823	1259
18824	1259
18825	1260
18826	1260
18827	1260
18828	1260
18829	1261
18830	1261
18831	1261
18832	1261
18833	1262
18834	1262
18835	1262
18836	1262
18837	1263
18838	1263
18839	1263
18840	1263
18841	1264
18842	1264
18843	1264
18844	1264
18845	1265
18846	1265
18847	1265
18848	1265
18849	1266
18850	1266
18851	1266
18852	1266
18853	1267
18854	1267
18855	1267
18856	1267
18857	1268
18858	1268
18859	1268
18860	1268
18861	1269
18862	1269
18863	1269
18864	1269
18865	1270
18866	1270
18867	1270
18868	1270
18869	1271
18870	1271
18871	1271
18872	1271
18873	1272
18874	1272
18875	1272
18876	1272
18877	1273
18878	1273
18879	1273
18880	1273
18881	1274
18882	1274
18883	1274
18884	1274
18885	1275
18886	1275
18887	1275
18888	1275
18889	1276
18890	1276
18891	1276
18892	1276
18893	1277
18894	1277
18895	1277
18896	1277
18897	1278
18898	1278
18899	1278
18900	1278
18901	1279
18902	1279
18903	1279
18904	1279
18905	1216
18906	1216
18907	1216
18908	1216
18909	1217
18910	1217
18911	1217
18912	1217
18913	1218
18914	1218
18915	1218
18916	1218
18917	1219
18918	1219
18919	1219
18920	1219
18921	1220
18922	1220
18923	1220
18924	1220
18925	1221
18926	1221
18927	1221
18928	1221
18929	1222
18930	1222
18931	1222
18932	1222
18933	1223
18934	1223
18935	1223
18936	1223
18937	1224
18938	1224
18939	1224
18940	1224
18941	1225
18942	1225
18943	1225
18944	1225
18945	1226
18946	1226
18947	1226
18948	1226
18949	1227
18950	1227
18951	1227
18952	1227
18953	1228
18954	1228
18955	1228
18956	1228
18957	1229
18958	1229
18959	1229
18960	1229
18961	1230
18962	1230
18963	1230
18964	1230
18965	1231
18966	1231
18967	1231
18968	1231
18969	1232
18970	1232
18971	1232
18972	1232
18973	1233
18974	1233
18975	1233
18976	1233
18977	1234
18978	1234
18979	1234
18980	1234
18981	1235
18982	1235
18983	1235
18984	1235
18985	1236
18986	1236
18987	1236
18988	1236
18989	1237
18990	1237
18991	1237
18992	1237
18993	1238
18994	1238
18995	1238
18996	1238
18997	1239
18998	1239
18999	1239
19000	1239
19001	1240
19002	1240
19003	1240
19004	1240
19005	1241
19006	1241
19007	1241
19008	1241
19009	1242
19010	1242
19011	1242
19012	1242
19013	1243
19014	1243
19015	1243
19016	1243
19017	1244
19018	1244
19019	1244
19020	1244
19021	1245
19022	1245
19023	1245
19024	1245
19025	1246
19026	1246
19027	1246
19028	1246
19029	1247
19030	1247
19031	1247
19032	1247
19033	1248
19034	1248
19035	1248
19036	1248
19037	1249
19038	1249
19039	1249
19040	1249
19041	1250
19042	1250
19043	1250
19044	1250
19045	1251
19046	1251
19047	1251
19048	1251
19049	1252
19050	1252
19051	1252
19052	1252
19053	1253
19054	1253
19055	1253
19056	1253
19057	1254
19058	1254
19059	1254
19060	1254
19061	1255
19062	1255
19063	1255
19064	1255
19065	1256
19066	1256
19067	1256
19068	1256
19069	1257
19070	1257
19071	1257
19072	1257
19073	1258
19074	1258
19075	1258
19076	1258
19077	1259
19078	1259
19079	1259
19080	1259
19081	1260
19082	1260
19083	1260
19084	1260
19085	1261
19086	1261
19087	1261
19088	1261
19089	1262
19090	1262
19091	1262
19092	1262
19093	1263
19094	1263
19095	1263
19096	1263
19097	1264
19098	1264
19099	1264
19100	1264
19101	1265
19102	1265
19103	1265
19104	1265
19105	1266
19106	1266
19107	1266
19108	1266
19109	1267
19110	1267
19111	1267
19112	1267
19113	1268
19114	1268
19115	1268
19116	1268
19117	1269
19118	1269
19119	1269
19120	1269
19121	1270
19122	1270
19123	1270
19124	1270
19125	1271
19126	1271
19127	1271
19128	1271
19129	1272
19130	1272
19131	1272
19132	1272
19133	1273
19134	1273
19135	1273
19136	1273
19137	1274
19138	1274
19139	1274
19140	1274
19141	1275
19142	1275
19143	1275
19144	1275
19145	1276
19146	1276
19147	1276
19148	1276
19149	1277
19150	1277
19151	1277
19152	1277
19153	1278
19154	1278
19155	1278
19156	1278
19157	1279
19158	1279
19159	1279
19160	1279
19161	1216
19162	1216
19163	1216
19164	1216
19165	1217
19166	1217
19167	1217
19168	1217
19169	1218
19170	1218
19171	1218
19172	1218
19173	1219
19174	1219
19175	1219
19176	1219
19177	1220
19178	1220
19179	1220
19180	1220
19181	1221
19182	1221
19183	1221
19184	1221
19185	1222
19186	1222
19187	1222
19188	1222
19189	1223
19190	1223
19191	1223
19192	1223
19193	1224
19194	1224
19195	1224
19196	1224
19197	1225
19198	1225
19199	1225
19200	1225
19201	1226
19202	1226
19203	1226
19204	1226
19205	1227
19206	1227
19207	1227
19208	1227
19209	1228
19210	1228
19211	1228
19212	1228
19213	1229
19214	1229
19215	1229
19216	1229
19217	1230
19218	1230
19219	1230
19220	1230
19221	1231
19222	1231
19223	1231
19224	1231
19225	1232
19226	1232
19227	1232
19228	1232
19229	1233
19230	1233
19231	1233
19232	1233
19233	1234
19234	1234
19235	1234
19236	1234
19237	1235
19238	1235
19239	1235
19240	1235
19241	1236
19242	1236
19243	1236
19244	1236
19245	1237
19246	1237
19247	1237
19248	1237
19249	1238
19250	1238
19251	1238
19252	1238
19253	1239
19254	1239
19255	1239
19256	1239
19257	1240
19258	1240
19259	1240
19260	1240
19261	1241
19262	1241
19263	1241
19264	1241
19265	1242
19266	1242
19267	1242
19268	1242
19269	1243
19270	1243
19271	1243
19272	1243
19273	1244
19274	1244
19275	1244
19276	1244
19277	1245
19278	1245
19279	1245
19280	1245
19281	1246
19282	1246
19283	1246
19284	1246
19285	1247
19286	1247
19287	1247
19288	1247
19289	1248
19290	1248
19291	1248
19292	1248
19293	1249
19294	1249
19295	1249
19296	1249
19297	1250
19298	1250
19299	1250
19300	1250
19301	1251
19302	1251
19303	1251
19304	1251
19305	1252
19306	1252
19307	1252
19308	1252
19309	1253
19310	1253
19311	1253
19312	1253
19313	1254
19314	1254
19315	1254
19316	1254
19317	1255
19318	1255
19319	1255
19320	1255
19321	1256
19322	1256
19323	1256
19324	1256
19325	1257
19326	1257
19327	1257
19328	1257
19329	1258
19330	1258
19331	1258
19332	1258
19333	1259
19334	1259
19335	1259
19336	1259
19337	1260
19338	1260
19339	1260
19340	1260
19341	1261
19342	1261
19343	1261
19344	1261
19345	1262
19346	1262
19347	1262
19348	1262
19349	1263
19350	1263
19351	1263
19352	1263
19353	1264
19354	1264
19355	1264
19356	1264
19357	1265
19358	1265
19359	1265
19360	1265
19361	1266
19362	1266
19363	1266
19364	1266
19365	1267
19366	1267
19367	1267
19368	1267
19369	1268
19370	1268
19371	1268
19372	1268
19373	1269
19374	1269
19375	1269
19376	1269
19377	1270
19378	1270
19379	1270
19380	1270
19381	1271
19382	1271
19383	1271
19384	1271
19385	1272
19386	1272
19387	1272
19388	1272
19389	1273
19390	1273
19391	1273
19392	1273
19393	1274
19394	1274
19395	1274
19396	1274
19397	1275
19398	1275
19399	1275
19400	1275
19401	1276
19402	1276
19403	1276
19404	1276
19405	1277
19406	1277
19407	1277
19408	1277
19409	1278
19410	1278
19411	1278
19412	1278
19413	1279
19414	1279
19415	1279
19416	1279
19417	1216
19418	1216
19419	1216
19420	1216
19421	1217
19422	1217
19423	1217
19424	1217
19425	1218
19426	1218
19427	1218
19428	1218
19429	1219
19430	1219
19431	1219
19432	1219
19433	1220
19434	1220
19435	1220
19436	1220
19437	1221
19438	1221
19439	1221
19440	1221
19441	1222
19442	1222
19443	1222
19444	1222
19445	1223
19446	1223
19447	1223
19448	1223
19449	1224
19450	1224
19451	1224
19452	1224
19453	1225
19454	1225
19455	1225
19456	1225
19457	1226
19458	1226
19459	1226
19460	1226
19461	1227
19462	1227
19463	1227
19464	1227
19465	1228
19466	1228
19467	1228
19468	1228
19469	1229
19470	1229
19471	1229
19472	1229
19473	1230
19474	1230
19475	1230
19476	1230
19477	1231
19478	1231
19479	1231
19480	1231
19481	1232
19482	1232
19483	1232
19484	1232
19485	1233
19486	1233
19487	1233
19488	1233
19489	1234
19490	1234
19491	1234
19492	1234
19493	1235
19494	1235
19495	1235
19496	1235
19497	1236
19498	1236
19499	1236
19500	1236
19501	1237
19502	1237
19503	1237
19504	1237
19505	1238
19506	1238
19507	1238
19508	1238
19509	1239
19510	1239
19511	1239
19512	1239
19513	1240
19514	1240
19515	1240
19516	1240
19517	1241
19518	1241
19519	1241
19520	1241
19521	1242
19522	1242
19523	1242
19524	1242
19525	1243
19526	1243
19527	1243
19528	1243
19529	1244
19530	1244
19531	1244
19532	1244
19533	1245
19534	1245
19535	1245
19536	1245
19537	1246
19538	1246
19539	1246
19540	1246
19541	1247
19542	1247
19543	1247
19544	1247
19545	1248
19546	1248
19547	1248
19548	1248
19549	1249
19550	1249
19551	1249
19552	1249
19553	1250
19554	1250
19555	1250
19556	1250
19557	1251
19558	1251
19559	1251
19560	1251
19561	1252
19562	1252
19563	1252
19564	1252
19565	1253
19566	1253
19567	1253
19568	1253
19569	1254
19570	1254
19571	1254
19572	1254
19573	1255
19574	1255
19575	1255
19576	1255
19577	1256
19578	1256
19579	1256
19580	1256
19581	1257
19582	1257
19583	1257
19584	1257
19585	1258
19586	1258
19587	1258
19588	1258
19589	1259
19590	1259
19591	1259
19592	1259
19593	1260
19594	1260
19595	1260
19596	1260
19597	1261
19598	1261
19599	1261
19600	1261
19601	1262
19602	1262
19603	1262
19604	1262
19605	1263
19606	1263
19607	1263
19608	1263
19609	1264
19610	1264
19611	1264
19612	1264
19613	1265
19614	1265
19615	1265
19616	1265
19617	1266
19618	1266
19619	1266
19620	1266
19621	1267
19622	1267
19623	1267
19624	1267
19625	1268
19626	1268
19627	1268
19628	1268
19629	1269
19630	1269
19631	1269
19632	1269
19633	1270
19634	1270
19635	1270
19636	1270
19637	1271
19638	1271
19639	1271
19640	1271
19641	1272
19642	1272
19643	1272
19644	1272
19645	1273
19646	1273
19647	1273
19648	1273
19649	1274
19650	1274
19651	1274
19652	1274
19653	1275
19654	1275
19655	1275
19656	1275
19657	1276
19658	1276
19659	1276
19660	1276
19661	1277
19662	1277
19663	1277
19664	1277
19665	1278
19666	1278
19667	1278
19668	1278
19669	1279
19670	1279
19671	1279
19672	1279
19673	1280
19674	1280
19675	1280
19676	1280
19677	1281
19678	1281
19679	1281
19680	1281
19681	1282
19682	1282
19683	1282
19684	1282
19685	1283
19686	1283
19687	1283
19688	1283
19689	1284
19690	1284
19691	1284
19692	1284
19693	1285
19694	1285
19695	1285
19696	1285
19697	1286
19698	1286
19699	1286
19700	1286
19701	1287
19702	1287
19703	1287
19704	1287
19705	1288
19706	1288
19707	1288
19708	1288
19709	1289
19710	1289
19711	1289
19712	1289
19713	1290
19714	1290
19715	1290
19716	1290
19717	1291
19718	1291
19719	1291
19720	1291
19721	1292
19722	1292
19723	1292
19724	1292
19725	1293
19726	1293
19727	1293
19728	1293
19729	1294
19730	1294
19731	1294
19732	1294
19733	1295
19734	1295
19735	1295
19736	1295
19737	1296
19738	1296
19739	1296
19740	1296
19741	1297
19742	1297
19743	1297
19744	1297
19745	1298
19746	1298
19747	1298
19748	1298
19749	1299
19750	1299
19751	1299
19752	1299
19753	1300
19754	1300
19755	1300
19756	1300
19757	1301
19758	1301
19759	1301
19760	1301
19761	1302
19762	1302
19763	1302
19764	1302
19765	1303
19766	1303
19767	1303
19768	1303
19769	1304
19770	1304
19771	1304
19772	1304
19773	1305
19774	1305
19775	1305
19776	1305
19777	1306
19778	1306
19779	1306
19780	1306
19781	1307
19782	1307
19783	1307
19784	1307
19785	1308
19786	1308
19787	1308
19788	1308
19789	1309
19790	1309
19791	1309
19792	1309
19793	1310
19794	1310
19795	1310
19796	1310
19797	1311
19798	1311
19799	1311
19800	1311
19801	1312
19802	1312
19803	1312
19804	1312
19805	1313
19806	1313
19807	1313
19808	1313
19809	1314
19810	1314
19811	1314
19812	1314
19813	1315
19814	1315
19815	1315
19816	1315
19817	1316
19818	1316
19819	1316
19820	1316
19821	1317
19822	1317
19823	1317
19824	1317
19825	1318
19826	1318
19827	1318
19828	1318
19829	1319
19830	1319
19831	1319
19832	1319
19833	1320
19834	1320
19835	1320
19836	1320
19837	1321
19838	1321
19839	1321
19840	1321
19841	1322
19842	1322
19843	1322
19844	1322
19845	1323
19846	1323
19847	1323
19848	1323
19849	1324
19850	1324
19851	1324
19852	1324
19853	1325
19854	1325
19855	1325
19856	1325
19857	1326
19858	1326
19859	1326
19860	1326
19861	1327
19862	1327
19863	1327
19864	1327
19865	1328
19866	1328
19867	1328
19868	1328
19869	1329
19870	1329
19871	1329
19872	1329
19873	1330
19874	1330
19875	1330
19876	1330
19877	1331
19878	1331
19879	1331
19880	1331
19881	1332
19882	1332
19883	1332
19884	1332
19885	1333
19886	1333
19887	1333
19888	1333
19889	1334
19890	1334
19891	1334
19892	1334
19893	1335
19894	1335
19895	1335
19896	1335
19897	1336
19898	1336
19899	1336
19900	1336
19901	1337
19902	1337
19903	1337
19904	1337
19905	1338
19906	1338
19907	1338
19908	1338
19909	1339
19910	1339
19911	1339
19912	1339
19913	1340
19914	1340
19915	1340
19916	1340
19917	1341
19918	1341
19919	1341
19920	1341
19921	1342
19922	1342
19923	1342
19924	1342
19925	1343
19926	1343
19927	1343
19928	1343
19929	1280
19930	1280
19931	1280
19932	1280
19933	1281
19934	1281
19935	1281
19936	1281
19937	1282
19938	1282
19939	1282
19940	1282
19941	1283
19942	1283
19943	1283
19944	1283
19945	1284
19946	1284
19947	1284
19948	1284
19949	1285
19950	1285
19951	1285
19952	1285
19953	1286
19954	1286
19955	1286
19956	1286
19957	1287
19958	1287
19959	1287
19960	1287
19961	1288
19962	1288
19963	1288
19964	1288
19965	1289
19966	1289
19967	1289
19968	1289
19969	1290
19970	1290
19971	1290
19972	1290
19973	1291
19974	1291
19975	1291
19976	1291
19977	1292
19978	1292
19979	1292
19980	1292
19981	1293
19982	1293
19983	1293
19984	1293
19985	1294
19986	1294
19987	1294
19988	1294
19989	1295
19990	1295
19991	1295
19992	1295
19993	1296
19994	1296
19995	1296
19996	1296
19997	1297
19998	1297
19999	1297
20000	1297
20001	1298
20002	1298
20003	1298
20004	1298
20005	1299
20006	1299
20007	1299
20008	1299
20009	1300
20010	1300
20011	1300
20012	1300
20013	1301
20014	1301
20015	1301
20016	1301
20017	1302
20018	1302
20019	1302
20020	1302
20021	1303
20022	1303
20023	1303
20024	1303
20025	1304
20026	1304
20027	1304
20028	1304
20029	1305
20030	1305
20031	1305
20032	1305
20033	1306
20034	1306
20035	1306
20036	1306
20037	1307
20038	1307
20039	1307
20040	1307
20041	1308
20042	1308
20043	1308
20044	1308
20045	1309
20046	1309
20047	1309
20048	1309
20049	1310
20050	1310
20051	1310
20052	1310
20053	1311
20054	1311
20055	1311
20056	1311
20057	1312
20058	1312
20059	1312
20060	1312
20061	1313
20062	1313
20063	1313
20064	1313
20065	1314
20066	1314
20067	1314
20068	1314
20069	1315
20070	1315
20071	1315
20072	1315
20073	1316
20074	1316
20075	1316
20076	1316
20077	1317
20078	1317
20079	1317
20080	1317
20081	1318
20082	1318
20083	1318
20084	1318
20085	1319
20086	1319
20087	1319
20088	1319
20089	1320
20090	1320
20091	1320
20092	1320
20093	1321
20094	1321
20095	1321
20096	1321
20097	1322
20098	1322
20099	1322
20100	1322
20101	1323
20102	1323
20103	1323
20104	1323
20105	1324
20106	1324
20107	1324
20108	1324
20109	1325
20110	1325
20111	1325
20112	1325
20113	1326
20114	1326
20115	1326
20116	1326
20117	1327
20118	1327
20119	1327
20120	1327
20121	1328
20122	1328
20123	1328
20124	1328
20125	1329
20126	1329
20127	1329
20128	1329
20129	1330
20130	1330
20131	1330
20132	1330
20133	1331
20134	1331
20135	1331
20136	1331
20137	1332
20138	1332
20139	1332
20140	1332
20141	1333
20142	1333
20143	1333
20144	1333
20145	1334
20146	1334
20147	1334
20148	1334
20149	1335
20150	1335
20151	1335
20152	1335
20153	1336
20154	1336
20155	1336
20156	1336
20157	1337
20158	1337
20159	1337
20160	1337
20161	1338
20162	1338
20163	1338
20164	1338
20165	1339
20166	1339
20167	1339
20168	1339
20169	1340
20170	1340
20171	1340
20172	1340
20173	1341
20174	1341
20175	1341
20176	1341
20177	1342
20178	1342
20179	1342
20180	1342
20181	1343
20182	1343
20183	1343
20184	1343
20185	1280
20186	1280
20187	1280
20188	1280
20189	1281
20190	1281
20191	1281
20192	1281
20193	1282
20194	1282
20195	1282
20196	1282
20197	1283
20198	1283
20199	1283
20200	1283
20201	1284
20202	1284
20203	1284
20204	1284
20205	1285
20206	1285
20207	1285
20208	1285
20209	1286
20210	1286
20211	1286
20212	1286
20213	1287
20214	1287
20215	1287
20216	1287
20217	1288
20218	1288
20219	1288
20220	1288
20221	1289
20222	1289
20223	1289
20224	1289
20225	1290
20226	1290
20227	1290
20228	1290
20229	1291
20230	1291
20231	1291
20232	1291
20233	1292
20234	1292
20235	1292
20236	1292
20237	1293
20238	1293
20239	1293
20240	1293
20241	1294
20242	1294
20243	1294
20244	1294
20245	1295
20246	1295
20247	1295
20248	1295
20249	1296
20250	1296
20251	1296
20252	1296
20253	1297
20254	1297
20255	1297
20256	1297
20257	1298
20258	1298
20259	1298
20260	1298
20261	1299
20262	1299
20263	1299
20264	1299
20265	1300
20266	1300
20267	1300
20268	1300
20269	1301
20270	1301
20271	1301
20272	1301
20273	1302
20274	1302
20275	1302
20276	1302
20277	1303
20278	1303
20279	1303
20280	1303
20281	1304
20282	1304
20283	1304
20284	1304
20285	1305
20286	1305
20287	1305
20288	1305
20289	1306
20290	1306
20291	1306
20292	1306
20293	1307
20294	1307
20295	1307
20296	1307
20297	1308
20298	1308
20299	1308
20300	1308
20301	1309
20302	1309
20303	1309
20304	1309
20305	1310
20306	1310
20307	1310
20308	1310
20309	1311
20310	1311
20311	1311
20312	1311
20313	1312
20314	1312
20315	1312
20316	1312
20317	1313
20318	1313
20319	1313
20320	1313
20321	1314
20322	1314
20323	1314
20324	1314
20325	1315
20326	1315
20327	1315
20328	1315
20329	1316
20330	1316
20331	1316
20332	1316
20333	1317
20334	1317
20335	1317
20336	1317
20337	1318
20338	1318
20339	1318
20340	1318
20341	1319
20342	1319
20343	1319
20344	1319
20345	1320
20346	1320
20347	1320
20348	1320
20349	1321
20350	1321
20351	1321
20352	1321
20353	1322
20354	1322
20355	1322
20356	1322
20357	1323
20358	1323
20359	1323
20360	1323
20361	1324
20362	1324
20363	1324
20364	1324
20365	1325
20366	1325
20367	1325
20368	1325
20369	1326
20370	1326
20371	1326
20372	1326
20373	1327
20374	1327
20375	1327
20376	1327
20377	1328
20378	1328
20379	1328
20380	1328
20381	1329
20382	1329
20383	1329
20384	1329
20385	1330
20386	1330
20387	1330
20388	1330
20389	1331
20390	1331
20391	1331
20392	1331
20393	1332
20394	1332
20395	1332
20396	1332
20397	1333
20398	1333
20399	1333
20400	1333
20401	1334
20402	1334
20403	1334
20404	1334
20405	1335
20406	1335
20407	1335
20408	1335
20409	1336
20410	1336
20411	1336
20412	1336
20413	1337
20414	1337
20415	1337
20416	1337
20417	1338
20418	1338
20419	1338
20420	1338
20421	1339
20422	1339
20423	1339
20424	1339
20425	1340
20426	1340
20427	1340
20428	1340
20429	1341
20430	1341
20431	1341
20432	1341
20433	1342
20434	1342
20435	1342
20436	1342
20437	1343
20438	1343
20439	1343
20440	1343
20441	1280
20442	1280
20443	1280
20444	1280
20445	1281
20446	1281
20447	1281
20448	1281
20449	1282
20450	1282
20451	1282
20452	1282
20453	1283
20454	1283
20455	1283
20456	1283
20457	1284
20458	1284
20459	1284
20460	1284
20461	1285
20462	1285
20463	1285
20464	1285
20465	1286
20466	1286
20467	1286
20468	1286
20469	1287
20470	1287
20471	1287
20472	1287
20473	1288
20474	1288
20475	1288
20476	1288
20477	1289
20478	1289
20479	1289
20480	1289
20481	1290
20482	1290
20483	1290
20484	1290
20485	1291
20486	1291
20487	1291
20488	1291
20489	1292
20490	1292
20491	1292
20492	1292
20493	1293
20494	1293
20495	1293
20496	1293
20497	1294
20498	1294
20499	1294
20500	1294
20501	1295
20502	1295
20503	1295
20504	1295
20505	1296
20506	1296
20507	1296
20508	1296
20509	1297
20510	1297
20511	1297
20512	1297
20513	1298
20514	1298
20515	1298
20516	1298
20517	1299
20518	1299
20519	1299
20520	1299
20521	1300
20522	1300
20523	1300
20524	1300
20525	1301
20526	1301
20527	1301
20528	1301
20529	1302
20530	1302
20531	1302
20532	1302
20533	1303
20534	1303
20535	1303
20536	1303
20537	1304
20538	1304
20539	1304
20540	1304
20541	1305
20542	1305
20543	1305
20544	1305
20545	1306
20546	1306
20547	1306
20548	1306
20549	1307
20550	1307
20551	1307
20552	1307
20553	1308
20554	1308
20555	1308
20556	1308
20557	1309
20558	1309
20559	1309
20560	1309
20561	1310
20562	1310
20563	1310
20564	1310
20565	1311
20566	1311
20567	1311
20568	1311
20569	1312
20570	1312
20571	1312
20572	1312
20573	1313
20574	1313
20575	1313
20576	1313
20577	1314
20578	1314
20579	1314
20580	1314
20581	1315
20582	1315
20583	1315
20584	1315
20585	1316
20586	1316
20587	1316
20588	1316
20589	1317
20590	1317
20591	1317
20592	1317
20593	1318
20594	1318
20595	1318
20596	1318
20597	1319
20598	1319
20599	1319
20600	1319
20601	1320
20602	1320
20603	1320
20604	1320
20605	1321
20606	1321
20607	1321
20608	1321
20609	1322
20610	1322
20611	1322
20612	1322
20613	1323
20614	1323
20615	1323
20616	1323
20617	1324
20618	1324
20619	1324
20620	1324
20621	1325
20622	1325
20623	1325
20624	1325
20625	1326
20626	1326
20627	1326
20628	1326
20629	1327
20630	1327
20631	1327
20632	1327
20633	1328
20634	1328
20635	1328
20636	1328
20637	1329
20638	1329
20639	1329
20640	1329
20641	1330
20642	1330
20643	1330
20644	1330
20645	1331
20646	1331
20647	1331
20648	1331
20649	1332
20650	1332
20651	1332
20652	1332
20653	1333
20654	1333
20655	1333
20656	1333
20657	1334
20658	1334
20659	1334
20660	1334
20661	1335
20662	1335
20663	1335
20664	1335
20665	1336
20666	1336
20667	1336
20668	1336
20669	1337
20670	1337
20671	1337
20672	1337
20673	1338
20674	1338
20675	1338
20676	1338
20677	1339
20678	1339
20679	1339
20680	1339
20681	1340
20682	1340
20683	1340
20684	1340
20685	1341
20686	1341
20687	1341
20688	1341
20689	1342
20690	1342
20691	1342
20692	1342
20693	1343
20694	1343
20695	1343
20696	1343
20697	1344
20698	1344
20699	1344
20700	1344
20701	1345
20702	1345
20703	1345
20704	1345
20705	1346
20706	1346
20707	1346
20708	1346
20709	1347
20710	1347
20711	1347
20712	1347
20713	1348
20714	1348
20715	1348
20716	1348
20717	1349
20718	1349
20719	1349
20720	1349
20721	1350
20722	1350
20723	1350
20724	1350
20725	1351
20726	1351
20727	1351
20728	1351
20729	1352
20730	1352
20731	1352
20732	1352
20733	1353
20734	1353
20735	1353
20736	1353
20737	1354
20738	1354
20739	1354
20740	1354
20741	1355
20742	1355
20743	1355
20744	1355
20745	1356
20746	1356
20747	1356
20748	1356
20749	1357
20750	1357
20751	1357
20752	1357
20753	1358
20754	1358
20755	1358
20756	1358
20757	1359
20758	1359
20759	1359
20760	1359
20761	1360
20762	1360
20763	1360
20764	1360
20765	1361
20766	1361
20767	1361
20768	1361
20769	1362
20770	1362
20771	1362
20772	1362
20773	1363
20774	1363
20775	1363
20776	1363
20777	1364
20778	1364
20779	1364
20780	1364
20781	1365
20782	1365
20783	1365
20784	1365
20785	1366
20786	1366
20787	1366
20788	1366
20789	1367
20790	1367
20791	1367
20792	1367
20793	1368
20794	1368
20795	1368
20796	1368
20797	1369
20798	1369
20799	1369
20800	1369
20801	1370
20802	1370
20803	1370
20804	1370
20805	1371
20806	1371
20807	1371
20808	1371
20809	1372
20810	1372
20811	1372
20812	1372
20813	1373
20814	1373
20815	1373
20816	1373
20817	1374
20818	1374
20819	1374
20820	1374
20821	1375
20822	1375
20823	1375
20824	1375
20825	1376
20826	1376
20827	1376
20828	1376
20829	1377
20830	1377
20831	1377
20832	1377
20833	1378
20834	1378
20835	1378
20836	1378
20837	1379
20838	1379
20839	1379
20840	1379
20841	1380
20842	1380
20843	1380
20844	1380
20845	1381
20846	1381
20847	1381
20848	1381
20849	1382
20850	1382
20851	1382
20852	1382
20853	1383
20854	1383
20855	1383
20856	1383
20857	1384
20858	1384
20859	1384
20860	1384
20861	1385
20862	1385
20863	1385
20864	1385
20865	1386
20866	1386
20867	1386
20868	1386
20869	1387
20870	1387
20871	1387
20872	1387
20873	1388
20874	1388
20875	1388
20876	1388
20877	1389
20878	1389
20879	1389
20880	1389
20881	1390
20882	1390
20883	1390
20884	1390
20885	1391
20886	1391
20887	1391
20888	1391
20889	1392
20890	1392
20891	1392
20892	1392
20893	1393
20894	1393
20895	1393
20896	1393
20897	1394
20898	1394
20899	1394
20900	1394
20901	1395
20902	1395
20903	1395
20904	1395
20905	1396
20906	1396
20907	1396
20908	1396
20909	1397
20910	1397
20911	1397
20912	1397
20913	1398
20914	1398
20915	1398
20916	1398
20917	1399
20918	1399
20919	1399
20920	1399
20921	1400
20922	1400
20923	1400
20924	1400
20925	1401
20926	1401
20927	1401
20928	1401
20929	1402
20930	1402
20931	1402
20932	1402
20933	1403
20934	1403
20935	1403
20936	1403
20937	1404
20938	1404
20939	1404
20940	1404
20941	1405
20942	1405
20943	1405
20944	1405
20945	1406
20946	1406
20947	1406
20948	1406
20949	1407
20950	1407
20951	1407
20952	1407
20953	1344
20954	1344
20955	1344
20956	1344
20957	1345
20958	1345
20959	1345
20960	1345
20961	1346
20962	1346
20963	1346
20964	1346
20965	1347
20966	1347
20967	1347
20968	1347
20969	1348
20970	1348
20971	1348
20972	1348
20973	1349
20974	1349
20975	1349
20976	1349
20977	1350
20978	1350
20979	1350
20980	1350
20981	1351
20982	1351
20983	1351
20984	1351
20985	1352
20986	1352
20987	1352
20988	1352
20989	1353
20990	1353
20991	1353
20992	1353
20993	1354
20994	1354
20995	1354
20996	1354
20997	1355
20998	1355
20999	1355
21000	1355
21001	1356
21002	1356
21003	1356
21004	1356
21005	1357
21006	1357
21007	1357
21008	1357
21009	1358
21010	1358
21011	1358
21012	1358
21013	1359
21014	1359
21015	1359
21016	1359
21017	1360
21018	1360
21019	1360
21020	1360
21021	1361
21022	1361
21023	1361
21024	1361
21025	1362
21026	1362
21027	1362
21028	1362
21029	1363
21030	1363
21031	1363
21032	1363
21033	1364
21034	1364
21035	1364
21036	1364
21037	1365
21038	1365
21039	1365
21040	1365
21041	1366
21042	1366
21043	1366
21044	1366
21045	1367
21046	1367
21047	1367
21048	1367
21049	1368
21050	1368
21051	1368
21052	1368
21053	1369
21054	1369
21055	1369
21056	1369
21057	1370
21058	1370
21059	1370
21060	1370
21061	1371
21062	1371
21063	1371
21064	1371
21065	1372
21066	1372
21067	1372
21068	1372
21069	1373
21070	1373
21071	1373
21072	1373
21073	1374
21074	1374
21075	1374
21076	1374
21077	1375
21078	1375
21079	1375
21080	1375
21081	1376
21082	1376
21083	1376
21084	1376
21085	1377
21086	1377
21087	1377
21088	1377
21089	1378
21090	1378
21091	1378
21092	1378
21093	1379
21094	1379
21095	1379
21096	1379
21097	1380
21098	1380
21099	1380
21100	1380
21101	1381
21102	1381
21103	1381
21104	1381
21105	1382
21106	1382
21107	1382
21108	1382
21109	1383
21110	1383
21111	1383
21112	1383
21113	1384
21114	1384
21115	1384
21116	1384
21117	1385
21118	1385
21119	1385
21120	1385
21121	1386
21122	1386
21123	1386
21124	1386
21125	1387
21126	1387
21127	1387
21128	1387
21129	1388
21130	1388
21131	1388
21132	1388
21133	1389
21134	1389
21135	1389
21136	1389
21137	1390
21138	1390
21139	1390
21140	1390
21141	1391
21142	1391
21143	1391
21144	1391
21145	1392
21146	1392
21147	1392
21148	1392
21149	1393
21150	1393
21151	1393
21152	1393
21153	1394
21154	1394
21155	1394
21156	1394
21157	1395
21158	1395
21159	1395
21160	1395
21161	1396
21162	1396
21163	1396
21164	1396
21165	1397
21166	1397
21167	1397
21168	1397
21169	1398
21170	1398
21171	1398
21172	1398
21173	1399
21174	1399
21175	1399
21176	1399
21177	1400
21178	1400
21179	1400
21180	1400
21181	1401
21182	1401
21183	1401
21184	1401
21185	1402
21186	1402
21187	1402
21188	1402
21189	1403
21190	1403
21191	1403
21192	1403
21193	1404
21194	1404
21195	1404
21196	1404
21197	1405
21198	1405
21199	1405
21200	1405
21201	1406
21202	1406
21203	1406
21204	1406
21205	1407
21206	1407
21207	1407
21208	1407
21209	1344
21210	1344
21211	1344
21212	1344
21213	1345
21214	1345
21215	1345
21216	1345
21217	1346
21218	1346
21219	1346
21220	1346
21221	1347
21222	1347
21223	1347
21224	1347
21225	1348
21226	1348
21227	1348
21228	1348
21229	1349
21230	1349
21231	1349
21232	1349
21233	1350
21234	1350
21235	1350
21236	1350
21237	1351
21238	1351
21239	1351
21240	1351
21241	1352
21242	1352
21243	1352
21244	1352
21245	1353
21246	1353
21247	1353
21248	1353
21249	1354
21250	1354
21251	1354
21252	1354
21253	1355
21254	1355
21255	1355
21256	1355
21257	1356
21258	1356
21259	1356
21260	1356
21261	1357
21262	1357
21263	1357
21264	1357
21265	1358
21266	1358
21267	1358
21268	1358
21269	1359
21270	1359
21271	1359
21272	1359
21273	1360
21274	1360
21275	1360
21276	1360
21277	1361
21278	1361
21279	1361
21280	1361
21281	1362
21282	1362
21283	1362
21284	1362
21285	1363
21286	1363
21287	1363
21288	1363
21289	1364
21290	1364
21291	1364
21292	1364
21293	1365
21294	1365
21295	1365
21296	1365
21297	1366
21298	1366
21299	1366
21300	1366
21301	1367
21302	1367
21303	1367
21304	1367
21305	1368
21306	1368
21307	1368
21308	1368
21309	1369
21310	1369
21311	1369
21312	1369
21313	1370
21314	1370
21315	1370
21316	1370
21317	1371
21318	1371
21319	1371
21320	1371
21321	1372
21322	1372
21323	1372
21324	1372
21325	1373
21326	1373
21327	1373
21328	1373
21329	1374
21330	1374
21331	1374
21332	1374
21333	1375
21334	1375
21335	1375
21336	1375
21337	1376
21338	1376
21339	1376
21340	1376
21341	1377
21342	1377
21343	1377
21344	1377
21345	1378
21346	1378
21347	1378
21348	1378
21349	1379
21350	1379
21351	1379
21352	1379
21353	1380
21354	1380
21355	1380
21356	1380
21357	1381
21358	1381
21359	1381
21360	1381
21361	1382
21362	1382
21363	1382
21364	1382
21365	1383
21366	1383
21367	1383
21368	1383
21369	1384
21370	1384
21371	1384
21372	1384
21373	1385
21374	1385
21375	1385
21376	1385
21377	1386
21378	1386
21379	1386
21380	1386
21381	1387
21382	1387
21383	1387
21384	1387
21385	1388
21386	1388
21387	1388
21388	1388
21389	1389
21390	1389
21391	1389
21392	1389
21393	1390
21394	1390
21395	1390
21396	1390
21397	1391
21398	1391
21399	1391
21400	1391
21401	1392
21402	1392
21403	1392
21404	1392
21405	1393
21406	1393
21407	1393
21408	1393
21409	1394
21410	1394
21411	1394
21412	1394
21413	1395
21414	1395
21415	1395
21416	1395
21417	1396
21418	1396
21419	1396
21420	1396
21421	1397
21422	1397
21423	1397
21424	1397
21425	1398
21426	1398
21427	1398
21428	1398
21429	1399
21430	1399
21431	1399
21432	1399
21433	1400
21434	1400
21435	1400
21436	1400
21437	1401
21438	1401
21439	1401
21440	1401
21441	1402
21442	1402
21443	1402
21444	1402
21445	1403
21446	1403
21447	1403
21448	1403
21449	1404
21450	1404
21451	1404
21452	1404
21453	1405
21454	1405
21455	1405
21456	1405
21457	1406
21458	1406
21459	1406
21460	1406
21461	1407
21462	1407
21463	1407
21464	1407
21465	1344
21466	1344
21467	1344
21468	1344
21469	1345
21470	1345
21471	1345
21472	1345
21473	1346
21474	1346
21475	1346
21476	1346
21477	1347
21478	1347
21479	1347
21480	1347
21481	1348
21482	1348
21483	1348
21484	1348
21485	1349
21486	1349
21487	1349
21488	1349
21489	1350
21490	1350
21491	1350
21492	1350
21493	1351
21494	1351
21495	1351
21496	1351
21497	1352
21498	1352
21499	1352
21500	1352
21501	1353
21502	1353
21503	1353
21504	1353
21505	1354
21506	1354
21507	1354
21508	1354
21509	1355
21510	1355
21511	1355
21512	1355
21513	1356
21514	1356
21515	1356
21516	1356
21517	1357
21518	1357
21519	1357
21520	1357
21521	1358
21522	1358
21523	1358
21524	1358
21525	1359
21526	1359
21527	1359
21528	1359
21529	1360
21530	1360
21531	1360
21532	1360
21533	1361
21534	1361
21535	1361
21536	1361
21537	1362
21538	1362
21539	1362
21540	1362
21541	1363
21542	1363
21543	1363
21544	1363
21545	1364
21546	1364
21547	1364
21548	1364
21549	1365
21550	1365
21551	1365
21552	1365
21553	1366
21554	1366
21555	1366
21556	1366
21557	1367
21558	1367
21559	1367
21560	1367
21561	1368
21562	1368
21563	1368
21564	1368
21565	1369
21566	1369
21567	1369
21568	1369
21569	1370
21570	1370
21571	1370
21572	1370
21573	1371
21574	1371
21575	1371
21576	1371
21577	1372
21578	1372
21579	1372
21580	1372
21581	1373
21582	1373
21583	1373
21584	1373
21585	1374
21586	1374
21587	1374
21588	1374
21589	1375
21590	1375
21591	1375
21592	1375
21593	1376
21594	1376
21595	1376
21596	1376
21597	1377
21598	1377
21599	1377
21600	1377
21601	1378
21602	1378
21603	1378
21604	1378
21605	1379
21606	1379
21607	1379
21608	1379
21609	1380
21610	1380
21611	1380
21612	1380
21613	1381
21614	1381
21615	1381
21616	1381
21617	1382
21618	1382
21619	1382
21620	1382
21621	1383
21622	1383
21623	1383
21624	1383
21625	1384
21626	1384
21627	1384
21628	1384
21629	1385
21630	1385
21631	1385
21632	1385
21633	1386
21634	1386
21635	1386
21636	1386
21637	1387
21638	1387
21639	1387
21640	1387
21641	1388
21642	1388
21643	1388
21644	1388
21645	1389
21646	1389
21647	1389
21648	1389
21649	1390
21650	1390
21651	1390
21652	1390
21653	1391
21654	1391
21655	1391
21656	1391
21657	1392
21658	1392
21659	1392
21660	1392
21661	1393
21662	1393
21663	1393
21664	1393
21665	1394
21666	1394
21667	1394
21668	1394
21669	1395
21670	1395
21671	1395
21672	1395
21673	1396
21674	1396
21675	1396
21676	1396
21677	1397
21678	1397
21679	1397
21680	1397
21681	1398
21682	1398
21683	1398
21684	1398
21685	1399
21686	1399
21687	1399
21688	1399
21689	1400
21690	1400
21691	1400
21692	1400
21693	1401
21694	1401
21695	1401
21696	1401
21697	1402
21698	1402
21699	1402
21700	1402
21701	1403
21702	1403
21703	1403
21704	1403
21705	1404
21706	1404
21707	1404
21708	1404
21709	1405
21710	1405
21711	1405
21712	1405
21713	1406
21714	1406
21715	1406
21716	1406
21717	1407
21718	1407
21719	1407
21720	1407
21721	1408
21722	1408
21723	1408
21724	1408
21725	1409
21726	1409
21727	1409
21728	1409
21729	1410
21730	1410
21731	1410
21732	1410
21733	1411
21734	1411
21735	1411
21736	1411
21737	1412
21738	1412
21739	1412
21740	1412
21741	1413
21742	1413
21743	1413
21744	1413
21745	1414
21746	1414
21747	1414
21748	1414
21749	1415
21750	1415
21751	1415
21752	1415
21753	1416
21754	1416
21755	1416
21756	1416
21757	1417
21758	1417
21759	1417
21760	1417
21761	1418
21762	1418
21763	1418
21764	1418
21765	1419
21766	1419
21767	1419
21768	1419
21769	1420
21770	1420
21771	1420
21772	1420
21773	1421
21774	1421
21775	1421
21776	1421
21777	1422
21778	1422
21779	1422
21780	1422
21781	1423
21782	1423
21783	1423
21784	1423
21785	1424
21786	1424
21787	1424
21788	1424
21789	1425
21790	1425
21791	1425
21792	1425
21793	1426
21794	1426
21795	1426
21796	1426
21797	1427
21798	1427
21799	1427
21800	1427
21801	1428
21802	1428
21803	1428
21804	1428
21805	1429
21806	1429
21807	1429
21808	1429
21809	1430
21810	1430
21811	1430
21812	1430
21813	1431
21814	1431
21815	1431
21816	1431
21817	1432
21818	1432
21819	1432
21820	1432
21821	1433
21822	1433
21823	1433
21824	1433
21825	1434
21826	1434
21827	1434
21828	1434
21829	1435
21830	1435
21831	1435
21832	1435
21833	1436
21834	1436
21835	1436
21836	1436
21837	1437
21838	1437
21839	1437
21840	1437
21841	1438
21842	1438
21843	1438
21844	1438
21845	1439
21846	1439
21847	1439
21848	1439
21849	1440
21850	1440
21851	1440
21852	1440
21853	1441
21854	1441
21855	1441
21856	1441
21857	1442
21858	1442
21859	1442
21860	1442
21861	1443
21862	1443
21863	1443
21864	1443
21865	1444
21866	1444
21867	1444
21868	1444
21869	1445
21870	1445
21871	1445
21872	1445
21873	1446
21874	1446
21875	1446
21876	1446
21877	1447
21878	1447
21879	1447
21880	1447
21881	1448
21882	1448
21883	1448
21884	1448
21885	1449
21886	1449
21887	1449
21888	1449
21889	1450
21890	1450
21891	1450
21892	1450
21893	1451
21894	1451
21895	1451
21896	1451
21897	1452
21898	1452
21899	1452
21900	1452
21901	1453
21902	1453
21903	1453
21904	1453
21905	1454
21906	1454
21907	1454
21908	1454
21909	1455
21910	1455
21911	1455
21912	1455
21913	1456
21914	1456
21915	1456
21916	1456
21917	1457
21918	1457
21919	1457
21920	1457
21921	1458
21922	1458
21923	1458
21924	1458
21925	1459
21926	1459
21927	1459
21928	1459
21929	1460
21930	1460
21931	1460
21932	1460
21933	1461
21934	1461
21935	1461
21936	1461
21937	1462
21938	1462
21939	1462
21940	1462
21941	1463
21942	1463
21943	1463
21944	1463
21945	1464
21946	1464
21947	1464
21948	1464
21949	1465
21950	1465
21951	1465
21952	1465
21953	1466
21954	1466
21955	1466
21956	1466
21957	1467
21958	1467
21959	1467
21960	1467
21961	1468
21962	1468
21963	1468
21964	1468
21965	1469
21966	1469
21967	1469
21968	1469
21969	1470
21970	1470
21971	1470
21972	1470
21973	1471
21974	1471
21975	1471
21976	1471
21977	1408
21978	1408
21979	1408
21980	1408
21981	1409
21982	1409
21983	1409
21984	1409
21985	1410
21986	1410
21987	1410
21988	1410
21989	1411
21990	1411
21991	1411
21992	1411
21993	1412
21994	1412
21995	1412
21996	1412
21997	1413
21998	1413
21999	1413
22000	1413
22001	1414
22002	1414
22003	1414
22004	1414
22005	1415
22006	1415
22007	1415
22008	1415
22009	1416
22010	1416
22011	1416
22012	1416
22013	1417
22014	1417
22015	1417
22016	1417
22017	1418
22018	1418
22019	1418
22020	1418
22021	1419
22022	1419
22023	1419
22024	1419
22025	1420
22026	1420
22027	1420
22028	1420
22029	1421
22030	1421
22031	1421
22032	1421
22033	1422
22034	1422
22035	1422
22036	1422
22037	1423
22038	1423
22039	1423
22040	1423
22041	1424
22042	1424
22043	1424
22044	1424
22045	1425
22046	1425
22047	1425
22048	1425
22049	1426
22050	1426
22051	1426
22052	1426
22053	1427
22054	1427
22055	1427
22056	1427
22057	1428
22058	1428
22059	1428
22060	1428
22061	1429
22062	1429
22063	1429
22064	1429
22065	1430
22066	1430
22067	1430
22068	1430
22069	1431
22070	1431
22071	1431
22072	1431
22073	1432
22074	1432
22075	1432
22076	1432
22077	1433
22078	1433
22079	1433
22080	1433
22081	1434
22082	1434
22083	1434
22084	1434
22085	1435
22086	1435
22087	1435
22088	1435
22089	1436
22090	1436
22091	1436
22092	1436
22093	1437
22094	1437
22095	1437
22096	1437
22097	1438
22098	1438
22099	1438
22100	1438
22101	1439
22102	1439
22103	1439
22104	1439
22105	1440
22106	1440
22107	1440
22108	1440
22109	1441
22110	1441
22111	1441
22112	1441
22113	1442
22114	1442
22115	1442
22116	1442
22117	1443
22118	1443
22119	1443
22120	1443
22121	1444
22122	1444
22123	1444
22124	1444
22125	1445
22126	1445
22127	1445
22128	1445
22129	1446
22130	1446
22131	1446
22132	1446
22133	1447
22134	1447
22135	1447
22136	1447
22137	1448
22138	1448
22139	1448
22140	1448
22141	1449
22142	1449
22143	1449
22144	1449
22145	1450
22146	1450
22147	1450
22148	1450
22149	1451
22150	1451
22151	1451
22152	1451
22153	1452
22154	1452
22155	1452
22156	1452
22157	1453
22158	1453
22159	1453
22160	1453
22161	1454
22162	1454
22163	1454
22164	1454
22165	1455
22166	1455
22167	1455
22168	1455
22169	1456
22170	1456
22171	1456
22172	1456
22173	1457
22174	1457
22175	1457
22176	1457
22177	1458
22178	1458
22179	1458
22180	1458
22181	1459
22182	1459
22183	1459
22184	1459
22185	1460
22186	1460
22187	1460
22188	1460
22189	1461
22190	1461
22191	1461
22192	1461
22193	1462
22194	1462
22195	1462
22196	1462
22197	1463
22198	1463
22199	1463
22200	1463
22201	1464
22202	1464
22203	1464
22204	1464
22205	1465
22206	1465
22207	1465
22208	1465
22209	1466
22210	1466
22211	1466
22212	1466
22213	1467
22214	1467
22215	1467
22216	1467
22217	1468
22218	1468
22219	1468
22220	1468
22221	1469
22222	1469
22223	1469
22224	1469
22225	1470
22226	1470
22227	1470
22228	1470
22229	1471
22230	1471
22231	1471
22232	1471
22233	1408
22234	1408
22235	1408
22236	1408
22237	1409
22238	1409
22239	1409
22240	1409
22241	1410
22242	1410
22243	1410
22244	1410
22245	1411
22246	1411
22247	1411
22248	1411
22249	1412
22250	1412
22251	1412
22252	1412
22253	1413
22254	1413
22255	1413
22256	1413
22257	1414
22258	1414
22259	1414
22260	1414
22261	1415
22262	1415
22263	1415
22264	1415
22265	1416
22266	1416
22267	1416
22268	1416
22269	1417
22270	1417
22271	1417
22272	1417
22273	1418
22274	1418
22275	1418
22276	1418
22277	1419
22278	1419
22279	1419
22280	1419
22281	1420
22282	1420
22283	1420
22284	1420
22285	1421
22286	1421
22287	1421
22288	1421
22289	1422
22290	1422
22291	1422
22292	1422
22293	1423
22294	1423
22295	1423
22296	1423
22297	1424
22298	1424
22299	1424
22300	1424
22301	1425
22302	1425
22303	1425
22304	1425
22305	1426
22306	1426
22307	1426
22308	1426
22309	1427
22310	1427
22311	1427
22312	1427
22313	1428
22314	1428
22315	1428
22316	1428
22317	1429
22318	1429
22319	1429
22320	1429
22321	1430
22322	1430
22323	1430
22324	1430
22325	1431
22326	1431
22327	1431
22328	1431
22329	1432
22330	1432
22331	1432
22332	1432
22333	1433
22334	1433
22335	1433
22336	1433
22337	1434
22338	1434
22339	1434
22340	1434
22341	1435
22342	1435
22343	1435
22344	1435
22345	1436
22346	1436
22347	1436
22348	1436
22349	1437
22350	1437
22351	1437
22352	1437
22353	1438
22354	1438
22355	1438
22356	1438
22357	1439
22358	1439
22359	1439
22360	1439
22361	1440
22362	1440
22363	1440
22364	1440
22365	1441
22366	1441
22367	1441
22368	1441
22369	1442
22370	1442
22371	1442
22372	1442
22373	1443
22374	1443
22375	1443
22376	1443
22377	1444
22378	1444
22379	1444
22380	1444
22381	1445
22382	1445
22383	1445
22384	1445
22385	1446
22386	1446
22387	1446
22388	1446
22389	1447
22390	1447
22391	1447
22392	1447
22393	1448
22394	1448
22395	1448
22396	1448
22397	1449
22398	1449
22399	1449
22400	1449
22401	1450
22402	1450
22403	1450
22404	1450
22405	1451
22406	1451
22407	1451
22408	1451
22409	1452
22410	1452
22411	1452
22412	1452
22413	1453
22414	1453
22415	1453
22416	1453
22417	1454
22418	1454
22419	1454
22420	1454
22421	1455
22422	1455
22423	1455
22424	1455
22425	1456
22426	1456
22427	1456
22428	1456
22429	1457
22430	1457
22431	1457
22432	1457
22433	1458
22434	1458
22435	1458
22436	1458
22437	1459
22438	1459
22439	1459
22440	1459
22441	1460
22442	1460
22443	1460
22444	1460
22445	1461
22446	1461
22447	1461
22448	1461
22449	1462
22450	1462
22451	1462
22452	1462
22453	1463
22454	1463
22455	1463
22456	1463
22457	1464
22458	1464
22459	1464
22460	1464
22461	1465
22462	1465
22463	1465
22464	1465
22465	1466
22466	1466
22467	1466
22468	1466
22469	1467
22470	1467
22471	1467
22472	1467
22473	1468
22474	1468
22475	1468
22476	1468
22477	1469
22478	1469
22479	1469
22480	1469
22481	1470
22482	1470
22483	1470
22484	1470
22485	1471
22486	1471
22487	1471
22488	1471
22489	1408
22490	1408
22491	1408
22492	1408
22493	1409
22494	1409
22495	1409
22496	1409
22497	1410
22498	1410
22499	1410
22500	1410
22501	1411
22502	1411
22503	1411
22504	1411
22505	1412
22506	1412
22507	1412
22508	1412
22509	1413
22510	1413
22511	1413
22512	1413
22513	1414
22514	1414
22515	1414
22516	1414
22517	1415
22518	1415
22519	1415
22520	1415
22521	1416
22522	1416
22523	1416
22524	1416
22525	1417
22526	1417
22527	1417
22528	1417
22529	1418
22530	1418
22531	1418
22532	1418
22533	1419
22534	1419
22535	1419
22536	1419
22537	1420
22538	1420
22539	1420
22540	1420
22541	1421
22542	1421
22543	1421
22544	1421
22545	1422
22546	1422
22547	1422
22548	1422
22549	1423
22550	1423
22551	1423
22552	1423
22553	1424
22554	1424
22555	1424
22556	1424
22557	1425
22558	1425
22559	1425
22560	1425
22561	1426
22562	1426
22563	1426
22564	1426
22565	1427
22566	1427
22567	1427
22568	1427
22569	1428
22570	1428
22571	1428
22572	1428
22573	1429
22574	1429
22575	1429
22576	1429
22577	1430
22578	1430
22579	1430
22580	1430
22581	1431
22582	1431
22583	1431
22584	1431
22585	1432
22586	1432
22587	1432
22588	1432
22589	1433
22590	1433
22591	1433
22592	1433
22593	1434
22594	1434
22595	1434
22596	1434
22597	1435
22598	1435
22599	1435
22600	1435
22601	1436
22602	1436
22603	1436
22604	1436
22605	1437
22606	1437
22607	1437
22608	1437
22609	1438
22610	1438
22611	1438
22612	1438
22613	1439
22614	1439
22615	1439
22616	1439
22617	1440
22618	1440
22619	1440
22620	1440
22621	1441
22622	1441
22623	1441
22624	1441
22625	1442
22626	1442
22627	1442
22628	1442
22629	1443
22630	1443
22631	1443
22632	1443
22633	1444
22634	1444
22635	1444
22636	1444
22637	1445
22638	1445
22639	1445
22640	1445
22641	1446
22642	1446
22643	1446
22644	1446
22645	1447
22646	1447
22647	1447
22648	1447
22649	1448
22650	1448
22651	1448
22652	1448
22653	1449
22654	1449
22655	1449
22656	1449
22657	1450
22658	1450
22659	1450
22660	1450
22661	1451
22662	1451
22663	1451
22664	1451
22665	1452
22666	1452
22667	1452
22668	1452
22669	1453
22670	1453
22671	1453
22672	1453
22673	1454
22674	1454
22675	1454
22676	1454
22677	1455
22678	1455
22679	1455
22680	1455
22681	1456
22682	1456
22683	1456
22684	1456
22685	1457
22686	1457
22687	1457
22688	1457
22689	1458
22690	1458
22691	1458
22692	1458
22693	1459
22694	1459
22695	1459
22696	1459
22697	1460
22698	1460
22699	1460
22700	1460
22701	1461
22702	1461
22703	1461
22704	1461
22705	1462
22706	1462
22707	1462
22708	1462
22709	1463
22710	1463
22711	1463
22712	1463
22713	1464
22714	1464
22715	1464
22716	1464
22717	1465
22718	1465
22719	1465
22720	1465
22721	1466
22722	1466
22723	1466
22724	1466
22725	1467
22726	1467
22727	1467
22728	1467
22729	1468
22730	1468
22731	1468
22732	1468
22733	1469
22734	1469
22735	1469
22736	1469
22737	1470
22738	1470
22739	1470
22740	1470
22741	1471
22742	1471
22743	1471
22744	1471
22745	1472
22746	1472
22747	1472
22748	1472
22749	1473
22750	1473
22751	1473
22752	1473
22753	1474
22754	1474
22755	1474
22756	1474
22757	1475
22758	1475
22759	1475
22760	1475
22761	1476
22762	1476
22763	1476
22764	1476
22765	1477
22766	1477
22767	1477
22768	1477
22769	1478
22770	1478
22771	1478
22772	1478
22773	1479
22774	1479
22775	1479
22776	1479
22777	1480
22778	1480
22779	1480
22780	1480
22781	1481
22782	1481
22783	1481
22784	1481
22785	1482
22786	1482
22787	1482
22788	1482
22789	1483
22790	1483
22791	1483
22792	1483
22793	1484
22794	1484
22795	1484
22796	1484
22797	1485
22798	1485
22799	1485
22800	1485
22801	1486
22802	1486
22803	1486
22804	1486
22805	1487
22806	1487
22807	1487
22808	1487
22809	1488
22810	1488
22811	1488
22812	1488
22813	1489
22814	1489
22815	1489
22816	1489
22817	1490
22818	1490
22819	1490
22820	1490
22821	1491
22822	1491
22823	1491
22824	1491
22825	1492
22826	1492
22827	1492
22828	1492
22829	1493
22830	1493
22831	1493
22832	1493
22833	1494
22834	1494
22835	1494
22836	1494
22837	1495
22838	1495
22839	1495
22840	1495
22841	1496
22842	1496
22843	1496
22844	1496
22845	1497
22846	1497
22847	1497
22848	1497
22849	1498
22850	1498
22851	1498
22852	1498
22853	1499
22854	1499
22855	1499
22856	1499
22857	1500
22858	1500
22859	1500
22860	1500
22861	1501
22862	1501
22863	1501
22864	1501
22865	1502
22866	1502
22867	1502
22868	1502
22869	1503
22870	1503
22871	1503
22872	1503
22873	1504
22874	1504
22875	1504
22876	1504
22877	1505
22878	1505
22879	1505
22880	1505
22881	1506
22882	1506
22883	1506
22884	1506
22885	1507
22886	1507
22887	1507
22888	1507
22889	1508
22890	1508
22891	1508
22892	1508
22893	1509
22894	1509
22895	1509
22896	1509
22897	1510
22898	1510
22899	1510
22900	1510
22901	1511
22902	1511
22903	1511
22904	1511
22905	1512
22906	1512
22907	1512
22908	1512
22909	1513
22910	1513
22911	1513
22912	1513
22913	1514
22914	1514
22915	1514
22916	1514
22917	1515
22918	1515
22919	1515
22920	1515
22921	1516
22922	1516
22923	1516
22924	1516
22925	1517
22926	1517
22927	1517
22928	1517
22929	1518
22930	1518
22931	1518
22932	1518
22933	1519
22934	1519
22935	1519
22936	1519
22937	1520
22938	1520
22939	1520
22940	1520
22941	1521
22942	1521
22943	1521
22944	1521
22945	1522
22946	1522
22947	1522
22948	1522
22949	1523
22950	1523
22951	1523
22952	1523
22953	1524
22954	1524
22955	1524
22956	1524
22957	1525
22958	1525
22959	1525
22960	1525
22961	1526
22962	1526
22963	1526
22964	1526
22965	1527
22966	1527
22967	1527
22968	1527
22969	1528
22970	1528
22971	1528
22972	1528
22973	1529
22974	1529
22975	1529
22976	1529
22977	1530
22978	1530
22979	1530
22980	1530
22981	1531
22982	1531
22983	1531
22984	1531
22985	1532
22986	1532
22987	1532
22988	1532
22989	1533
22990	1533
22991	1533
22992	1533
22993	1534
22994	1534
22995	1534
22996	1534
22997	1535
22998	1535
22999	1535
23000	1535
23001	1472
23002	1472
23003	1472
23004	1472
23005	1473
23006	1473
23007	1473
23008	1473
23009	1474
23010	1474
23011	1474
23012	1474
23013	1475
23014	1475
23015	1475
23016	1475
23017	1476
23018	1476
23019	1476
23020	1476
23021	1477
23022	1477
23023	1477
23024	1477
23025	1478
23026	1478
23027	1478
23028	1478
23029	1479
23030	1479
23031	1479
23032	1479
23033	1480
23034	1480
23035	1480
23036	1480
23037	1481
23038	1481
23039	1481
23040	1481
23041	1482
23042	1482
23043	1482
23044	1482
23045	1483
23046	1483
23047	1483
23048	1483
23049	1484
23050	1484
23051	1484
23052	1484
23053	1485
23054	1485
23055	1485
23056	1485
23057	1486
23058	1486
23059	1486
23060	1486
23061	1487
23062	1487
23063	1487
23064	1487
23065	1488
23066	1488
23067	1488
23068	1488
23069	1489
23070	1489
23071	1489
23072	1489
23073	1490
23074	1490
23075	1490
23076	1490
23077	1491
23078	1491
23079	1491
23080	1491
23081	1492
23082	1492
23083	1492
23084	1492
23085	1493
23086	1493
23087	1493
23088	1493
23089	1494
23090	1494
23091	1494
23092	1494
23093	1495
23094	1495
23095	1495
23096	1495
23097	1496
23098	1496
23099	1496
23100	1496
23101	1497
23102	1497
23103	1497
23104	1497
23105	1498
23106	1498
23107	1498
23108	1498
23109	1499
23110	1499
23111	1499
23112	1499
23113	1500
23114	1500
23115	1500
23116	1500
23117	1501
23118	1501
23119	1501
23120	1501
23121	1502
23122	1502
23123	1502
23124	1502
23125	1503
23126	1503
23127	1503
23128	1503
23129	1504
23130	1504
23131	1504
23132	1504
23133	1505
23134	1505
23135	1505
23136	1505
23137	1506
23138	1506
23139	1506
23140	1506
23141	1507
23142	1507
23143	1507
23144	1507
23145	1508
23146	1508
23147	1508
23148	1508
23149	1509
23150	1509
23151	1509
23152	1509
23153	1510
23154	1510
23155	1510
23156	1510
23157	1511
23158	1511
23159	1511
23160	1511
23161	1512
23162	1512
23163	1512
23164	1512
23165	1513
23166	1513
23167	1513
23168	1513
23169	1514
23170	1514
23171	1514
23172	1514
23173	1515
23174	1515
23175	1515
23176	1515
23177	1516
23178	1516
23179	1516
23180	1516
23181	1517
23182	1517
23183	1517
23184	1517
23185	1518
23186	1518
23187	1518
23188	1518
23189	1519
23190	1519
23191	1519
23192	1519
23193	1520
23194	1520
23195	1520
23196	1520
23197	1521
23198	1521
23199	1521
23200	1521
23201	1522
23202	1522
23203	1522
23204	1522
23205	1523
23206	1523
23207	1523
23208	1523
23209	1524
23210	1524
23211	1524
23212	1524
23213	1525
23214	1525
23215	1525
23216	1525
23217	1526
23218	1526
23219	1526
23220	1526
23221	1527
23222	1527
23223	1527
23224	1527
23225	1528
23226	1528
23227	1528
23228	1528
23229	1529
23230	1529
23231	1529
23232	1529
23233	1530
23234	1530
23235	1530
23236	1530
23237	1531
23238	1531
23239	1531
23240	1531
23241	1532
23242	1532
23243	1532
23244	1532
23245	1533
23246	1533
23247	1533
23248	1533
23249	1534
23250	1534
23251	1534
23252	1534
23253	1535
23254	1535
23255	1535
23256	1535
23257	1472
23258	1472
23259	1472
23260	1472
23261	1473
23262	1473
23263	1473
23264	1473
23265	1474
23266	1474
23267	1474
23268	1474
23269	1475
23270	1475
23271	1475
23272	1475
23273	1476
23274	1476
23275	1476
23276	1476
23277	1477
23278	1477
23279	1477
23280	1477
23281	1478
23282	1478
23283	1478
23284	1478
23285	1479
23286	1479
23287	1479
23288	1479
23289	1480
23290	1480
23291	1480
23292	1480
23293	1481
23294	1481
23295	1481
23296	1481
23297	1482
23298	1482
23299	1482
23300	1482
23301	1483
23302	1483
23303	1483
23304	1483
23305	1484
23306	1484
23307	1484
23308	1484
23309	1485
23310	1485
23311	1485
23312	1485
23313	1486
23314	1486
23315	1486
23316	1486
23317	1487
23318	1487
23319	1487
23320	1487
23321	1488
23322	1488
23323	1488
23324	1488
23325	1489
23326	1489
23327	1489
23328	1489
23329	1490
23330	1490
23331	1490
23332	1490
23333	1491
23334	1491
23335	1491
23336	1491
23337	1492
23338	1492
23339	1492
23340	1492
23341	1493
23342	1493
23343	1493
23344	1493
23345	1494
23346	1494
23347	1494
23348	1494
23349	1495
23350	1495
23351	1495
23352	1495
23353	1496
23354	1496
23355	1496
23356	1496
23357	1497
23358	1497
23359	1497
23360	1497
23361	1498
23362	1498
23363	1498
23364	1498
23365	1499
23366	1499
23367	1499
23368	1499
23369	1500
23370	1500
23371	1500
23372	1500
23373	1501
23374	1501
23375	1501
23376	1501
23377	1502
23378	1502
23379	1502
23380	1502
23381	1503
23382	1503
23383	1503
23384	1503
23385	1504
23386	1504
23387	1504
23388	1504
23389	1505
23390	1505
23391	1505
23392	1505
23393	1506
23394	1506
23395	1506
23396	1506
23397	1507
23398	1507
23399	1507
23400	1507
23401	1508
23402	1508
23403	1508
23404	1508
23405	1509
23406	1509
23407	1509
23408	1509
23409	1510
23410	1510
23411	1510
23412	1510
23413	1511
23414	1511
23415	1511
23416	1511
23417	1512
23418	1512
23419	1512
23420	1512
23421	1513
23422	1513
23423	1513
23424	1513
23425	1514
23426	1514
23427	1514
23428	1514
23429	1515
23430	1515
23431	1515
23432	1515
23433	1516
23434	1516
23435	1516
23436	1516
23437	1517
23438	1517
23439	1517
23440	1517
23441	1518
23442	1518
23443	1518
23444	1518
23445	1519
23446	1519
23447	1519
23448	1519
23449	1520
23450	1520
23451	1520
23452	1520
23453	1521
23454	1521
23455	1521
23456	1521
23457	1522
23458	1522
23459	1522
23460	1522
23461	1523
23462	1523
23463	1523
23464	1523
23465	1524
23466	1524
23467	1524
23468	1524
23469	1525
23470	1525
23471	1525
23472	1525
23473	1526
23474	1526
23475	1526
23476	1526
23477	1527
23478	1527
23479	1527
23480	1527
23481	1528
23482	1528
23483	1528
23484	1528
23485	1529
23486	1529
23487	1529
23488	1529
23489	1530
23490	1530
23491	1530
23492	1530
23493	1531
23494	1531
23495	1531
23496	1531
23497	1532
23498	1532
23499	1532
23500	1532
23501	1533
23502	1533
23503	1533
23504	1533
23505	1534
23506	1534
23507	1534
23508	1534
23509	1535
23510	1535
23511	1535
23512	1535
23513	1472
23514	1472
23515	1472
23516	1472
23517	1473
23518	1473
23519	1473
23520	1473
23521	1474
23522	1474
23523	1474
23524	1474
23525	1475
23526	1475
23527	1475
23528	1475
23529	1476
23530	1476
23531	1476
23532	1476
23533	1477
23534	1477
23535	1477
23536	1477
23537	1478
23538	1478
23539	1478
23540	1478
23541	1479
23542	1479
23543	1479
23544	1479
23545	1480
23546	1480
23547	1480
23548	1480
23549	1481
23550	1481
23551	1481
23552	1481
23553	1482
23554	1482
23555	1482
23556	1482
23557	1483
23558	1483
23559	1483
23560	1483
23561	1484
23562	1484
23563	1484
23564	1484
23565	1485
23566	1485
23567	1485
23568	1485
23569	1486
23570	1486
23571	1486
23572	1486
23573	1487
23574	1487
23575	1487
23576	1487
23577	1488
23578	1488
23579	1488
23580	1488
23581	1489
23582	1489
23583	1489
23584	1489
23585	1490
23586	1490
23587	1490
23588	1490
23589	1491
23590	1491
23591	1491
23592	1491
23593	1492
23594	1492
23595	1492
23596	1492
23597	1493
23598	1493
23599	1493
23600	1493
23601	1494
23602	1494
23603	1494
23604	1494
23605	1495
23606	1495
23607	1495
23608	1495
23609	1496
23610	1496
23611	1496
23612	1496
23613	1497
23614	1497
23615	1497
23616	1497
23617	1498
23618	1498
23619	1498
23620	1498
23621	1499
23622	1499
23623	1499
23624	1499
23625	1500
23626	1500
23627	1500
23628	1500
23629	1501
23630	1501
23631	1501
23632	1501
23633	1502
23634	1502
23635	1502
23636	1502
23637	1503
23638	1503
23639	1503
23640	1503
23641	1504
23642	1504
23643	1504
23644	1504
23645	1505
23646	1505
23647	1505
23648	1505
23649	1506
23650	1506
23651	1506
23652	1506
23653	1507
23654	1507
23655	1507
23656	1507
23657	1508
23658	1508
23659	1508
23660	1508
23661	1509
23662	1509
23663	1509
23664	1509
23665	1510
23666	1510
23667	1510
23668	1510
23669	1511
23670	1511
23671	1511
23672	1511
23673	1512
23674	1512
23675	1512
23676	1512
23677	1513
23678	1513
23679	1513
23680	1513
23681	1514
23682	1514
23683	1514
23684	1514
23685	1515
23686	1515
23687	1515
23688	1515
23689	1516
23690	1516
23691	1516
23692	1516
23693	1517
23694	1517
23695	1517
23696	1517
23697	1518
23698	1518
23699	1518
23700	1518
23701	1519
23702	1519
23703	1519
23704	1519
23705	1520
23706	1520
23707	1520
23708	1520
23709	1521
23710	1521
23711	1521
23712	1521
23713	1522
23714	1522
23715	1522
23716	1522
23717	1523
23718	1523
23719	1523
23720	1523
23721	1524
23722	1524
23723	1524
23724	1524
23725	1525
23726	1525
23727	1525
23728	1525
23729	1526
23730	1526
23731	1526
23732	1526
23733	1527
23734	1527
23735	1527
23736	1527
23737	1528
23738	1528
23739	1528
23740	1528
23741	1529
23742	1529
23743	1529
23744	1529
23745	1530
23746	1530
23747	1530
23748	1530
23749	1531
23750	1531
23751	1531
23752	1531
23753	1532
23754	1532
23755	1532
23756	1532
23757	1533
23758	1533
23759	1533
23760	1533
23761	1534
23762	1534
23763	1534
23764	1534
23765	1535
23766	1535
23767	1535
23768	1535
23769	1536
23770	1536
23771	1536
23772	1536
23773	1537
23774	1537
23775	1537
23776	1537
23777	1538
23778	1538
23779	1538
23780	1538
23781	1539
23782	1539
23783	1539
23784	1539
23785	1540
23786	1540
23787	1540
23788	1540
23789	1541
23790	1541
23791	1541
23792	1541
23793	1542
23794	1542
23795	1542
23796	1542
23797	1543
23798	1543
23799	1543
23800	1543
23801	1544
23802	1544
23803	1544
23804	1544
23805	1545
23806	1545
23807	1545
23808	1545
23809	1546
23810	1546
23811	1546
23812	1546
23813	1547
23814	1547
23815	1547
23816	1547
23817	1548
23818	1548
23819	1548
23820	1548
23821	1549
23822	1549
23823	1549
23824	1549
23825	1550
23826	1550
23827	1550
23828	1550
23829	1551
23830	1551
23831	1551
23832	1551
23833	1552
23834	1552
23835	1552
23836	1552
23837	1553
23838	1553
23839	1553
23840	1553
23841	1554
23842	1554
23843	1554
23844	1554
23845	1555
23846	1555
23847	1555
23848	1555
23849	1556
23850	1556
23851	1556
23852	1556
23853	1557
23854	1557
23855	1557
23856	1557
23857	1558
23858	1558
23859	1558
23860	1558
23861	1559
23862	1559
23863	1559
23864	1559
23865	1560
23866	1560
23867	1560
23868	1560
23869	1561
23870	1561
23871	1561
23872	1561
23873	1562
23874	1562
23875	1562
23876	1562
23877	1563
23878	1563
23879	1563
23880	1563
23881	1564
23882	1564
23883	1564
23884	1564
23885	1565
23886	1565
23887	1565
23888	1565
23889	1566
23890	1566
23891	1566
23892	1566
23893	1567
23894	1567
23895	1567
23896	1567
23897	1568
23898	1568
23899	1568
23900	1568
23901	1569
23902	1569
23903	1569
23904	1569
23905	1570
23906	1570
23907	1570
23908	1570
23909	1571
23910	1571
23911	1571
23912	1571
23913	1572
23914	1572
23915	1572
23916	1572
23917	1573
23918	1573
23919	1573
23920	1573
23921	1574
23922	1574
23923	1574
23924	1574
23925	1575
23926	1575
23927	1575
23928	1575
23929	1576
23930	1576
23931	1576
23932	1576
23933	1577
23934	1577
23935	1577
23936	1577
23937	1578
23938	1578
23939	1578
23940	1578
23941	1579
23942	1579
23943	1579
23944	1579
23945	1580
23946	1580
23947	1580
23948	1580
23949	1581
23950	1581
23951	1581
23952	1581
23953	1582
23954	1582
23955	1582
23956	1582
23957	1583
23958	1583
23959	1583
23960	1583
23961	1584
23962	1584
23963	1584
23964	1584
23965	1585
23966	1585
23967	1585
23968	1585
23969	1586
23970	1586
23971	1586
23972	1586
23973	1587
23974	1587
23975	1587
23976	1587
23977	1588
23978	1588
23979	1588
23980	1588
23981	1589
23982	1589
23983	1589
23984	1589
23985	1590
23986	1590
23987	1590
23988	1590
23989	1591
23990	1591
23991	1591
23992	1591
23993	1592
23994	1592
23995	1592
23996	1592
23997	1593
23998	1593
23999	1593
24000	1593
24001	1594
24002	1594
24003	1594
24004	1594
24005	1595
24006	1595
24007	1595
24008	1595
24009	1596
24010	1596
24011	1596
24012	1596
24013	1597
24014	1597
24015	1597
24016	1597
24017	1598
24018	1598
24019	1598
24020	1598
24021	1599
24022	1599
24023	1599
24024	1599
24025	1536
24026	1536
24027	1536
24028	1536
24029	1537
24030	1537
24031	1537
24032	1537
24033	1538
24034	1538
24035	1538
24036	1538
24037	1539
24038	1539
24039	1539
24040	1539
24041	1540
24042	1540
24043	1540
24044	1540
24045	1541
24046	1541
24047	1541
24048	1541
24049	1542
24050	1542
24051	1542
24052	1542
24053	1543
24054	1543
24055	1543
24056	1543
24057	1544
24058	1544
24059	1544
24060	1544
24061	1545
24062	1545
24063	1545
24064	1545
24065	1546
24066	1546
24067	1546
24068	1546
24069	1547
24070	1547
24071	1547
24072	1547
24073	1548
24074	1548
24075	1548
24076	1548
24077	1549
24078	1549
24079	1549
24080	1549
24081	1550
24082	1550
24083	1550
24084	1550
24085	1551
24086	1551
24087	1551
24088	1551
24089	1552
24090	1552
24091	1552
24092	1552
24093	1553
24094	1553
24095	1553
24096	1553
24097	1554
24098	1554
24099	1554
24100	1554
24101	1555
24102	1555
24103	1555
24104	1555
24105	1556
24106	1556
24107	1556
24108	1556
24109	1557
24110	1557
24111	1557
24112	1557
24113	1558
24114	1558
24115	1558
24116	1558
24117	1559
24118	1559
24119	1559
24120	1559
24121	1560
24122	1560
24123	1560
24124	1560
24125	1561
24126	1561
24127	1561
24128	1561
24129	1562
24130	1562
24131	1562
24132	1562
24133	1563
24134	1563
24135	1563
24136	1563
24137	1564
24138	1564
24139	1564
24140	1564
24141	1565
24142	1565
24143	1565
24144	1565
24145	1566
24146	1566
24147	1566
24148	1566
24149	1567
24150	1567
24151	1567
24152	1567
24153	1568
24154	1568
24155	1568
24156	1568
24157	1569
24158	1569
24159	1569
24160	1569
24161	1570
24162	1570
24163	1570
24164	1570
24165	1571
24166	1571
24167	1571
24168	1571
24169	1572
24170	1572
24171	1572
24172	1572
24173	1573
24174	1573
24175	1573
24176	1573
24177	1574
24178	1574
24179	1574
24180	1574
24181	1575
24182	1575
24183	1575
24184	1575
24185	1576
24186	1576
24187	1576
24188	1576
24189	1577
24190	1577
24191	1577
24192	1577
24193	1578
24194	1578
24195	1578
24196	1578
24197	1579
24198	1579
24199	1579
24200	1579
24201	1580
24202	1580
24203	1580
24204	1580
24205	1581
24206	1581
24207	1581
24208	1581
24209	1582
24210	1582
24211	1582
24212	1582
24213	1583
24214	1583
24215	1583
24216	1583
24217	1584
24218	1584
24219	1584
24220	1584
24221	1585
24222	1585
24223	1585
24224	1585
24225	1586
24226	1586
24227	1586
24228	1586
24229	1587
24230	1587
24231	1587
24232	1587
24233	1588
24234	1588
24235	1588
24236	1588
24237	1589
24238	1589
24239	1589
24240	1589
24241	1590
24242	1590
24243	1590
24244	1590
24245	1591
24246	1591
24247	1591
24248	1591
24249	1592
24250	1592
24251	1592
24252	1592
24253	1593
24254	1593
24255	1593
24256	1593
24257	1594
24258	1594
24259	1594
24260	1594
24261	1595
24262	1595
24263	1595
24264	1595
24265	1596
24266	1596
24267	1596
24268	1596
24269	1597
24270	1597
24271	1597
24272	1597
24273	1598
24274	1598
24275	1598
24276	1598
24277	1599
24278	1599
24279	1599
24280	1599
24281	1536
24282	1536
24283	1536
24284	1536
24285	1537
24286	1537
24287	1537
24288	1537
24289	1538
24290	1538
24291	1538
24292	1538
24293	1539
24294	1539
24295	1539
24296	1539
24297	1540
24298	1540
24299	1540
24300	1540
24301	1541
24302	1541
24303	1541
24304	1541
24305	1542
24306	1542
24307	1542
24308	1542
24309	1543
24310	1543
24311	1543
24312	1543
24313	1544
24314	1544
24315	1544
24316	1544
24317	1545
24318	1545
24319	1545
24320	1545
24321	1546
24322	1546
24323	1546
24324	1546
24325	1547
24326	1547
24327	1547
24328	1547
24329	1548
24330	1548
24331	1548
24332	1548
24333	1549
24334	1549
24335	1549
24336	1549
24337	1550
24338	1550
24339	1550
24340	1550
24341	1551
24342	1551
24343	1551
24344	1551
24345	1552
24346	1552
24347	1552
24348	1552
24349	1553
24350	1553
24351	1553
24352	1553
24353	1554
24354	1554
24355	1554
24356	1554
24357	1555
24358	1555
24359	1555
24360	1555
24361	1556
24362	1556
24363	1556
24364	1556
24365	1557
24366	1557
24367	1557
24368	1557
24369	1558
24370	1558
24371	1558
24372	1558
24373	1559
24374	1559
24375	1559
24376	1559
24377	1560
24378	1560
24379	1560
24380	1560
24381	1561
24382	1561
24383	1561
24384	1561
24385	1562
24386	1562
24387	1562
24388	1562
24389	1563
24390	1563
24391	1563
24392	1563
24393	1564
24394	1564
24395	1564
24396	1564
24397	1565
24398	1565
24399	1565
24400	1565
24401	1566
24402	1566
24403	1566
24404	1566
24405	1567
24406	1567
24407	1567
24408	1567
24409	1568
24410	1568
24411	1568
24412	1568
24413	1569
24414	1569
24415	1569
24416	1569
24417	1570
24418	1570
24419	1570
24420	1570
24421	1571
24422	1571
24423	1571
24424	1571
24425	1572
24426	1572
24427	1572
24428	1572
24429	1573
24430	1573
24431	1573
24432	1573
24433	1574
24434	1574
24435	1574
24436	1574
24437	1575
24438	1575
24439	1575
24440	1575
24441	1576
24442	1576
24443	1576
24444	1576
24445	1577
24446	1577
24447	1577
24448	1577
24449	1578
24450	1578
24451	1578
24452	1578
24453	1579
24454	1579
24455	1579
24456	1579
24457	1580
24458	1580
24459	1580
24460	1580
24461	1581
24462	1581
24463	1581
24464	1581
24465	1582
24466	1582
24467	1582
24468	1582
24469	1583
24470	1583
24471	1583
24472	1583
24473	1584
24474	1584
24475	1584
24476	1584
24477	1585
24478	1585
24479	1585
24480	1585
24481	1586
24482	1586
24483	1586
24484	1586
24485	1587
24486	1587
24487	1587
24488	1587
24489	1588
24490	1588
24491	1588
24492	1588
24493	1589
24494	1589
24495	1589
24496	1589
24497	1590
24498	1590
24499	1590
24500	1590
24501	1591
24502	1591
24503	1591
24504	1591
24505	1592
24506	1592
24507	1592
24508	1592
24509	1593
24510	1593
24511	1593
24512	1593
24513	1594
24514	1594
24515	1594
24516	1594
24517	1595
24518	1595
24519	1595
24520	1595
24521	1596
24522	1596
24523	1596
24524	1596
24525	1597
24526	1597
24527	1597
24528	1597
24529	1598
24530	1598
24531	1598
24532	1598
24533	1599
24534	1599
24535	1599
24536	1599
24537	1536
24538	1536
24539	1536
24540	1536
24541	1537
24542	1537
24543	1537
24544	1537
24545	1538
24546	1538
24547	1538
24548	1538
24549	1539
24550	1539
24551	1539
24552	1539
24553	1540
24554	1540
24555	1540
24556	1540
24557	1541
24558	1541
24559	1541
24560	1541
24561	1542
24562	1542
24563	1542
24564	1542
24565	1543
24566	1543
24567	1543
24568	1543
24569	1544
24570	1544
24571	1544
24572	1544
24573	1545
24574	1545
24575	1545
24576	1545
24577	1546
24578	1546
24579	1546
24580	1546
24581	1547
24582	1547
24583	1547
24584	1547
24585	1548
24586	1548
24587	1548
24588	1548
24589	1549
24590	1549
24591	1549
24592	1549
24593	1550
24594	1550
24595	1550
24596	1550
24597	1551
24598	1551
24599	1551
24600	1551
24601	1552
24602	1552
24603	1552
24604	1552
24605	1553
24606	1553
24607	1553
24608	1553
24609	1554
24610	1554
24611	1554
24612	1554
24613	1555
24614	1555
24615	1555
24616	1555
24617	1556
24618	1556
24619	1556
24620	1556
24621	1557
24622	1557
24623	1557
24624	1557
24625	1558
24626	1558
24627	1558
24628	1558
24629	1559
24630	1559
24631	1559
24632	1559
24633	1560
24634	1560
24635	1560
24636	1560
24637	1561
24638	1561
24639	1561
24640	1561
24641	1562
24642	1562
24643	1562
24644	1562
24645	1563
24646	1563
24647	1563
24648	1563
24649	1564
24650	1564
24651	1564
24652	1564
24653	1565
24654	1565
24655	1565
24656	1565
24657	1566
24658	1566
24659	1566
24660	1566
24661	1567
24662	1567
24663	1567
24664	1567
24665	1568
24666	1568
24667	1568
24668	1568
24669	1569
24670	1569
24671	1569
24672	1569
24673	1570
24674	1570
24675	1570
24676	1570
24677	1571
24678	1571
24679	1571
24680	1571
24681	1572
24682	1572
24683	1572
24684	1572
24685	1573
24686	1573
24687	1573
24688	1573
24689	1574
24690	1574
24691	1574
24692	1574
24693	1575
24694	1575
24695	1575
24696	1575
24697	1576
24698	1576
24699	1576
24700	1576
24701	1577
24702	1577
24703	1577
24704	1577
24705	1578
24706	1578
24707	1578
24708	1578
24709	1579
24710	1579
24711	1579
24712	1579
24713	1580
24714	1580
24715	1580
24716	1580
24717	1581
24718	1581
24719	1581
24720	1581
24721	1582
24722	1582
24723	1582
24724	1582
24725	1583
24726	1583
24727	1583
24728	1583
24729	1584
24730	1584
24731	1584
24732	1584
24733	1585
24734	1585
24735	1585
24736	1585
24737	1586
24738	1586
24739	1586
24740	1586
24741	1587
24742	1587
24743	1587
24744	1587
24745	1588
24746	1588
24747	1588
24748	1588
24749	1589
24750	1589
24751	1589
24752	1589
24753	1590
24754	1590
24755	1590
24756	1590
24757	1591
24758	1591
24759	1591
24760	1591
24761	1592
24762	1592
24763	1592
24764	1592
24765	1593
24766	1593
24767	1593
24768	1593
24769	1594
24770	1594
24771	1594
24772	1594
24773	1595
24774	1595
24775	1595
24776	1595
24777	1596
24778	1596
24779	1596
24780	1596
24781	1597
24782	1597
24783	1597
24784	1597
24785	1598
24786	1598
24787	1598
24788	1598
24789	1599
24790	1599
24791	1599
24792	1599
24793	1600
24794	1600
24795	1600
24796	1600
24797	1601
24798	1601
24799	1601
24800	1601
24801	1602
24802	1602
24803	1602
24804	1602
24805	1603
24806	1603
24807	1603
24808	1603
24809	1604
24810	1604
24811	1604
24812	1604
24813	1605
24814	1605
24815	1605
24816	1605
24817	1606
24818	1606
24819	1606
24820	1606
24821	1607
24822	1607
24823	1607
24824	1607
24825	1608
24826	1608
24827	1608
24828	1608
24829	1609
24830	1609
24831	1609
24832	1609
24833	1610
24834	1610
24835	1610
24836	1610
24837	1611
24838	1611
24839	1611
24840	1611
24841	1612
24842	1612
24843	1612
24844	1612
24845	1613
24846	1613
24847	1613
24848	1613
24849	1614
24850	1614
24851	1614
24852	1614
24853	1615
24854	1615
24855	1615
24856	1615
24857	1616
24858	1616
24859	1616
24860	1616
24861	1617
24862	1617
24863	1617
24864	1617
24865	1618
24866	1618
24867	1618
24868	1618
24869	1619
24870	1619
24871	1619
24872	1619
24873	1620
24874	1620
24875	1620
24876	1620
24877	1621
24878	1621
24879	1621
24880	1621
24881	1622
24882	1622
24883	1622
24884	1622
24885	1623
24886	1623
24887	1623
24888	1623
24889	1624
24890	1624
24891	1624
24892	1624
24893	1625
24894	1625
24895	1625
24896	1625
24897	1626
24898	1626
24899	1626
24900	1626
24901	1627
24902	1627
24903	1627
24904	1627
24905	1628
24906	1628
24907	1628
24908	1628
24909	1629
24910	1629
24911	1629
24912	1629
24913	1630
24914	1630
24915	1630
24916	1630
24917	1631
24918	1631
24919	1631
24920	1631
24921	1632
24922	1632
24923	1632
24924	1632
24925	1633
24926	1633
24927	1633
24928	1633
24929	1634
24930	1634
24931	1634
24932	1634
24933	1635
24934	1635
24935	1635
24936	1635
24937	1636
24938	1636
24939	1636
24940	1636
24941	1637
24942	1637
24943	1637
24944	1637
24945	1638
24946	1638
24947	1638
24948	1638
24949	1639
24950	1639
24951	1639
24952	1639
24953	1640
24954	1640
24955	1640
24956	1640
24957	1641
24958	1641
24959	1641
24960	1641
24961	1642
24962	1642
24963	1642
24964	1642
24965	1643
24966	1643
24967	1643
24968	1643
24969	1644
24970	1644
24971	1644
24972	1644
24973	1645
24974	1645
24975	1645
24976	1645
24977	1646
24978	1646
24979	1646
24980	1646
24981	1647
24982	1647
24983	1647
24984	1647
24985	1648
24986	1648
24987	1648
24988	1648
24989	1649
24990	1649
24991	1649
24992	1649
24993	1650
24994	1650
24995	1650
24996	1650
24997	1651
24998	1651
24999	1651
25000	1651
25001	1652
25002	1652
25003	1652
25004	1652
25005	1653
25006	1653
25007	1653
25008	1653
25009	1654
25010	1654
25011	1654
25012	1654
25013	1655
25014	1655
25015	1655
25016	1655
25017	1656
25018	1656
25019	1656
25020	1656
25021	1657
25022	1657
25023	1657
25024	1657
25025	1658
25026	1658
25027	1658
25028	1658
25029	1659
25030	1659
25031	1659
25032	1659
25033	1660
25034	1660
25035	1660
25036	1660
25037	1661
25038	1661
25039	1661
25040	1661
25041	1662
25042	1662
25043	1662
25044	1662
25045	1663
25046	1663
25047	1663
25048	1663
25049	1600
25050	1600
25051	1600
25052	1600
25053	1601
25054	1601
25055	1601
25056	1601
25057	1602
25058	1602
25059	1602
25060	1602
25061	1603
25062	1603
25063	1603
25064	1603
25065	1604
25066	1604
25067	1604
25068	1604
25069	1605
25070	1605
25071	1605
25072	1605
25073	1606
25074	1606
25075	1606
25076	1606
25077	1607
25078	1607
25079	1607
25080	1607
25081	1608
25082	1608
25083	1608
25084	1608
25085	1609
25086	1609
25087	1609
25088	1609
25089	1610
25090	1610
25091	1610
25092	1610
25093	1611
25094	1611
25095	1611
25096	1611
25097	1612
25098	1612
25099	1612
25100	1612
25101	1613
25102	1613
25103	1613
25104	1613
25105	1614
25106	1614
25107	1614
25108	1614
25109	1615
25110	1615
25111	1615
25112	1615
25113	1616
25114	1616
25115	1616
25116	1616
25117	1617
25118	1617
25119	1617
25120	1617
25121	1618
25122	1618
25123	1618
25124	1618
25125	1619
25126	1619
25127	1619
25128	1619
25129	1620
25130	1620
25131	1620
25132	1620
25133	1621
25134	1621
25135	1621
25136	1621
25137	1622
25138	1622
25139	1622
25140	1622
25141	1623
25142	1623
25143	1623
25144	1623
25145	1624
25146	1624
25147	1624
25148	1624
25149	1625
25150	1625
25151	1625
25152	1625
25153	1626
25154	1626
25155	1626
25156	1626
25157	1627
25158	1627
25159	1627
25160	1627
25161	1628
25162	1628
25163	1628
25164	1628
25165	1629
25166	1629
25167	1629
25168	1629
25169	1630
25170	1630
25171	1630
25172	1630
25173	1631
25174	1631
25175	1631
25176	1631
25177	1632
25178	1632
25179	1632
25180	1632
25181	1633
25182	1633
25183	1633
25184	1633
25185	1634
25186	1634
25187	1634
25188	1634
25189	1635
25190	1635
25191	1635
25192	1635
25193	1636
25194	1636
25195	1636
25196	1636
25197	1637
25198	1637
25199	1637
25200	1637
25201	1638
25202	1638
25203	1638
25204	1638
25205	1639
25206	1639
25207	1639
25208	1639
25209	1640
25210	1640
25211	1640
25212	1640
25213	1641
25214	1641
25215	1641
25216	1641
25217	1642
25218	1642
25219	1642
25220	1642
25221	1643
25222	1643
25223	1643
25224	1643
25225	1644
25226	1644
25227	1644
25228	1644
25229	1645
25230	1645
25231	1645
25232	1645
25233	1646
25234	1646
25235	1646
25236	1646
25237	1647
25238	1647
25239	1647
25240	1647
25241	1648
25242	1648
25243	1648
25244	1648
25245	1649
25246	1649
25247	1649
25248	1649
25249	1650
25250	1650
25251	1650
25252	1650
25253	1651
25254	1651
25255	1651
25256	1651
25257	1652
25258	1652
25259	1652
25260	1652
25261	1653
25262	1653
25263	1653
25264	1653
25265	1654
25266	1654
25267	1654
25268	1654
25269	1655
25270	1655
25271	1655
25272	1655
25273	1656
25274	1656
25275	1656
25276	1656
25277	1657
25278	1657
25279	1657
25280	1657
25281	1658
25282	1658
25283	1658
25284	1658
25285	1659
25286	1659
25287	1659
25288	1659
25289	1660
25290	1660
25291	1660
25292	1660
25293	1661
25294	1661
25295	1661
25296	1661
25297	1662
25298	1662
25299	1662
25300	1662
25301	1663
25302	1663
25303	1663
25304	1663
25305	1600
25306	1600
25307	1600
25308	1600
25309	1601
25310	1601
25311	1601
25312	1601
25313	1602
25314	1602
25315	1602
25316	1602
25317	1603
25318	1603
25319	1603
25320	1603
25321	1604
25322	1604
25323	1604
25324	1604
25325	1605
25326	1605
25327	1605
25328	1605
25329	1606
25330	1606
25331	1606
25332	1606
25333	1607
25334	1607
25335	1607
25336	1607
25337	1608
25338	1608
25339	1608
25340	1608
25341	1609
25342	1609
25343	1609
25344	1609
25345	1610
25346	1610
25347	1610
25348	1610
25349	1611
25350	1611
25351	1611
25352	1611
25353	1612
25354	1612
25355	1612
25356	1612
25357	1613
25358	1613
25359	1613
25360	1613
25361	1614
25362	1614
25363	1614
25364	1614
25365	1615
25366	1615
25367	1615
25368	1615
25369	1616
25370	1616
25371	1616
25372	1616
25373	1617
25374	1617
25375	1617
25376	1617
25377	1618
25378	1618
25379	1618
25380	1618
25381	1619
25382	1619
25383	1619
25384	1619
25385	1620
25386	1620
25387	1620
25388	1620
25389	1621
25390	1621
25391	1621
25392	1621
25393	1622
25394	1622
25395	1622
25396	1622
25397	1623
25398	1623
25399	1623
25400	1623
25401	1624
25402	1624
25403	1624
25404	1624
25405	1625
25406	1625
25407	1625
25408	1625
25409	1626
25410	1626
25411	1626
25412	1626
25413	1627
25414	1627
25415	1627
25416	1627
25417	1628
25418	1628
25419	1628
25420	1628
25421	1629
25422	1629
25423	1629
25424	1629
25425	1630
25426	1630
25427	1630
25428	1630
25429	1631
25430	1631
25431	1631
25432	1631
25433	1632
25434	1632
25435	1632
25436	1632
25437	1633
25438	1633
25439	1633
25440	1633
25441	1634
25442	1634
25443	1634
25444	1634
25445	1635
25446	1635
25447	1635
25448	1635
25449	1636
25450	1636
25451	1636
25452	1636
25453	1637
25454	1637
25455	1637
25456	1637
25457	1638
25458	1638
25459	1638
25460	1638
25461	1639
25462	1639
25463	1639
25464	1639
25465	1640
25466	1640
25467	1640
25468	1640
25469	1641
25470	1641
25471	1641
25472	1641
25473	1642
25474	1642
25475	1642
25476	1642
25477	1643
25478	1643
25479	1643
25480	1643
25481	1644
25482	1644
25483	1644
25484	1644
25485	1645
25486	1645
25487	1645
25488	1645
25489	1646
25490	1646
25491	1646
25492	1646
25493	1647
25494	1647
25495	1647
25496	1647
25497	1648
25498	1648
25499	1648
25500	1648
25501	1649
25502	1649
25503	1649
25504	1649
25505	1650
25506	1650
25507	1650
25508	1650
25509	1651
25510	1651
25511	1651
25512	1651
25513	1652
25514	1652
25515	1652
25516	1652
25517	1653
25518	1653
25519	1653
25520	1653
25521	1654
25522	1654
25523	1654
25524	1654
25525	1655
25526	1655
25527	1655
25528	1655
25529	1656
25530	1656
25531	1656
25532	1656
25533	1657
25534	1657
25535	1657
25536	1657
25537	1658
25538	1658
25539	1658
25540	1658
25541	1659
25542	1659
25543	1659
25544	1659
25545	1660
25546	1660
25547	1660
25548	1660
25549	1661
25550	1661
25551	1661
25552	1661
25553	1662
25554	1662
25555	1662
25556	1662
25557	1663
25558	1663
25559	1663
25560	1663
25561	1600
25562	1600
25563	1600
25564	1600
25565	1601
25566	1601
25567	1601
25568	1601
25569	1602
25570	1602
25571	1602
25572	1602
25573	1603
25574	1603
25575	1603
25576	1603
25577	1604
25578	1604
25579	1604
25580	1604
25581	1605
25582	1605
25583	1605
25584	1605
25585	1606
25586	1606
25587	1606
25588	1606
25589	1607
25590	1607
25591	1607
25592	1607
25593	1608
25594	1608
25595	1608
25596	1608
25597	1609
25598	1609
25599	1609
25600	1609
25601	1610
25602	1610
25603	1610
25604	1610
25605	1611
25606	1611
25607	1611
25608	1611
25609	1612
25610	1612
25611	1612
25612	1612
25613	1613
25614	1613
25615	1613
25616	1613
25617	1614
25618	1614
25619	1614
25620	1614
25621	1615
25622	1615
25623	1615
25624	1615
25625	1616
25626	1616
25627	1616
25628	1616
25629	1617
25630	1617
25631	1617
25632	1617
25633	1618
25634	1618
25635	1618
25636	1618
25637	1619
25638	1619
25639	1619
25640	1619
25641	1620
25642	1620
25643	1620
25644	1620
25645	1621
25646	1621
25647	1621
25648	1621
25649	1622
25650	1622
25651	1622
25652	1622
25653	1623
25654	1623
25655	1623
25656	1623
25657	1624
25658	1624
25659	1624
25660	1624
25661	1625
25662	1625
25663	1625
25664	1625
25665	1626
25666	1626
25667	1626
25668	1626
25669	1627
25670	1627
25671	1627
25672	1627
25673	1628
25674	1628
25675	1628
25676	1628
25677	1629
25678	1629
25679	1629
25680	1629
25681	1630
25682	1630
25683	1630
25684	1630
25685	1631
25686	1631
25687	1631
25688	1631
25689	1632
25690	1632
25691	1632
25692	1632
25693	1633
25694	1633
25695	1633
25696	1633
25697	1634
25698	1634
25699	1634
25700	1634
25701	1635
25702	1635
25703	1635
25704	1635
25705	1636
25706	1636
25707	1636
25708	1636
25709	1637
25710	1637
25711	1637
25712	1637
25713	1638
25714	1638
25715	1638
25716	1638
25717	1639
25718	1639
25719	1639
25720	1639
25721	1640
25722	1640
25723	1640
25724	1640
25725	1641
25726	1641
25727	1641
25728	1641
25729	1642
25730	1642
25731	1642
25732	1642
25733	1643
25734	1643
25735	1643
25736	1643
25737	1644
25738	1644
25739	1644
25740	1644
25741	1645
25742	1645
25743	1645
25744	1645
25745	1646
25746	1646
25747	1646
25748	1646
25749	1647
25750	1647
25751	1647
25752	1647
25753	1648
25754	1648
25755	1648
25756	1648
25757	1649
25758	1649
25759	1649
25760	1649
25761	1650
25762	1650
25763	1650
25764	1650
25765	1651
25766	1651
25767	1651
25768	1651
25769	1652
25770	1652
25771	1652
25772	1652
25773	1653
25774	1653
25775	1653
25776	1653
25777	1654
25778	1654
25779	1654
25780	1654
25781	1655
25782	1655
25783	1655
25784	1655
25785	1656
25786	1656
25787	1656
25788	1656
25789	1657
25790	1657
25791	1657
25792	1657
25793	1658
25794	1658
25795	1658
25796	1658
25797	1659
25798	1659
25799	1659
25800	1659
25801	1660
25802	1660
25803	1660
25804	1660
25805	1661
25806	1661
25807	1661
25808	1661
25809	1662
25810	1662
25811	1662
25812	1662
25813	1663
25814	1663
25815	1663
25816	1663
25817	1664
25818	1664
25819	1664
25820	1664
25821	1665
25822	1665
25823	1665
25824	1665
25825	1666
25826	1666
25827	1666
25828	1666
25829	1667
25830	1667
25831	1667
25832	1667
25833	1668
25834	1668
25835	1668
25836	1668
25837	1669
25838	1669
25839	1669
25840	1669
25841	1670
25842	1670
25843	1670
25844	1670
25845	1671
25846	1671
25847	1671
25848	1671
25849	1672
25850	1672
25851	1672
25852	1672
25853	1673
25854	1673
25855	1673
25856	1673
25857	1674
25858	1674
25859	1674
25860	1674
25861	1675
25862	1675
25863	1675
25864	1675
25865	1676
25866	1676
25867	1676
25868	1676
25869	1677
25870	1677
25871	1677
25872	1677
25873	1678
25874	1678
25875	1678
25876	1678
25877	1679
25878	1679
25879	1679
25880	1679
25881	1680
25882	1680
25883	1680
25884	1680
25885	1681
25886	1681
25887	1681
25888	1681
25889	1682
25890	1682
25891	1682
25892	1682
25893	1683
25894	1683
25895	1683
25896	1683
25897	1684
25898	1684
25899	1684
25900	1684
25901	1685
25902	1685
25903	1685
25904	1685
25905	1686
25906	1686
25907	1686
25908	1686
25909	1687
25910	1687
25911	1687
25912	1687
25913	1688
25914	1688
25915	1688
25916	1688
25917	1689
25918	1689
25919	1689
25920	1689
25921	1690
25922	1690
25923	1690
25924	1690
25925	1691
25926	1691
25927	1691
25928	1691
25929	1692
25930	1692
25931	1692
25932	1692
25933	1693
25934	1693
25935	1693
25936	1693
25937	1694
25938	1694
25939	1694
25940	1694
25941	1695
25942	1695
25943	1695
25944	1695
25945	1696
25946	1696
25947	1696
25948	1696
25949	1697
25950	1697
25951	1697
25952	1697
25953	1698
25954	1698
25955	1698
25956	1698
25957	1699
25958	1699
25959	1699
25960	1699
25961	1700
25962	1700
25963	1700
25964	1700
25965	1701
25966	1701
25967	1701
25968	1701
25969	1702
25970	1702
25971	1702
25972	1702
25973	1703
25974	1703
25975	1703
25976	1703
25977	1704
25978	1704
25979	1704
25980	1704
25981	1705
25982	1705
25983	1705
25984	1705
25985	1706
25986	1706
25987	1706
25988	1706
25989	1707
25990	1707
25991	1707
25992	1707
25993	1708
25994	1708
25995	1708
25996	1708
25997	1709
25998	1709
25999	1709
26000	1709
26001	1710
26002	1710
26003	1710
26004	1710
26005	1711
26006	1711
26007	1711
26008	1711
26009	1712
26010	1712
26011	1712
26012	1712
26013	1713
26014	1713
26015	1713
26016	1713
26017	1714
26018	1714
26019	1714
26020	1714
26021	1715
26022	1715
26023	1715
26024	1715
26025	1716
26026	1716
26027	1716
26028	1716
26029	1717
26030	1717
26031	1717
26032	1717
26033	1718
26034	1718
26035	1718
26036	1718
26037	1719
26038	1719
26039	1719
26040	1719
26041	1720
26042	1720
26043	1720
26044	1720
26045	1721
26046	1721
26047	1721
26048	1721
26049	1722
26050	1722
26051	1722
26052	1722
26053	1723
26054	1723
26055	1723
26056	1723
26057	1724
26058	1724
26059	1724
26060	1724
26061	1725
26062	1725
26063	1725
26064	1725
26065	1726
26066	1726
26067	1726
26068	1726
26069	1727
26070	1727
26071	1727
26072	1727
26073	1664
26074	1664
26075	1664
26076	1664
26077	1665
26078	1665
26079	1665
26080	1665
26081	1666
26082	1666
26083	1666
26084	1666
26085	1667
26086	1667
26087	1667
26088	1667
26089	1668
26090	1668
26091	1668
26092	1668
26093	1669
26094	1669
26095	1669
26096	1669
26097	1670
26098	1670
26099	1670
26100	1670
26101	1671
26102	1671
26103	1671
26104	1671
26105	1672
26106	1672
26107	1672
26108	1672
26109	1673
26110	1673
26111	1673
26112	1673
26113	1674
26114	1674
26115	1674
26116	1674
26117	1675
26118	1675
26119	1675
26120	1675
26121	1676
26122	1676
26123	1676
26124	1676
26125	1677
26126	1677
26127	1677
26128	1677
26129	1678
26130	1678
26131	1678
26132	1678
26133	1679
26134	1679
26135	1679
26136	1679
26137	1680
26138	1680
26139	1680
26140	1680
26141	1681
26142	1681
26143	1681
26144	1681
26145	1682
26146	1682
26147	1682
26148	1682
26149	1683
26150	1683
26151	1683
26152	1683
26153	1684
26154	1684
26155	1684
26156	1684
26157	1685
26158	1685
26159	1685
26160	1685
26161	1686
26162	1686
26163	1686
26164	1686
26165	1687
26166	1687
26167	1687
26168	1687
26169	1688
26170	1688
26171	1688
26172	1688
26173	1689
26174	1689
26175	1689
26176	1689
26177	1690
26178	1690
26179	1690
26180	1690
26181	1691
26182	1691
26183	1691
26184	1691
26185	1692
26186	1692
26187	1692
26188	1692
26189	1693
26190	1693
26191	1693
26192	1693
26193	1694
26194	1694
26195	1694
26196	1694
26197	1695
26198	1695
26199	1695
26200	1695
26201	1696
26202	1696
26203	1696
26204	1696
26205	1697
26206	1697
26207	1697
26208	1697
26209	1698
26210	1698
26211	1698
26212	1698
26213	1699
26214	1699
26215	1699
26216	1699
26217	1700
26218	1700
26219	1700
26220	1700
26221	1701
26222	1701
26223	1701
26224	1701
26225	1702
26226	1702
26227	1702
26228	1702
26229	1703
26230	1703
26231	1703
26232	1703
26233	1704
26234	1704
26235	1704
26236	1704
26237	1705
26238	1705
26239	1705
26240	1705
26241	1706
26242	1706
26243	1706
26244	1706
26245	1707
26246	1707
26247	1707
26248	1707
26249	1708
26250	1708
26251	1708
26252	1708
26253	1709
26254	1709
26255	1709
26256	1709
26257	1710
26258	1710
26259	1710
26260	1710
26261	1711
26262	1711
26263	1711
26264	1711
26265	1712
26266	1712
26267	1712
26268	1712
26269	1713
26270	1713
26271	1713
26272	1713
26273	1714
26274	1714
26275	1714
26276	1714
26277	1715
26278	1715
26279	1715
26280	1715
26281	1716
26282	1716
26283	1716
26284	1716
26285	1717
26286	1717
26287	1717
26288	1717
26289	1718
26290	1718
26291	1718
26292	1718
26293	1719
26294	1719
26295	1719
26296	1719
26297	1720
26298	1720
26299	1720
26300	1720
26301	1721
26302	1721
26303	1721
26304	1721
26305	1722
26306	1722
26307	1722
26308	1722
26309	1723
26310	1723
26311	1723
26312	1723
26313	1724
26314	1724
26315	1724
26316	1724
26317	1725
26318	1725
26319	1725
26320	1725
26321	1726
26322	1726
26323	1726
26324	1726
26325	1727
26326	1727
26327	1727
26328	1727
26329	1664
26330	1664
26331	1664
26332	1664
26333	1665
26334	1665
26335	1665
26336	1665
26337	1666
26338	1666
26339	1666
26340	1666
26341	1667
26342	1667
26343	1667
26344	1667
26345	1668
26346	1668
26347	1668
26348	1668
26349	1669
26350	1669
26351	1669
26352	1669
26353	1670
26354	1670
26355	1670
26356	1670
26357	1671
26358	1671
26359	1671
26360	1671
26361	1672
26362	1672
26363	1672
26364	1672
26365	1673
26366	1673
26367	1673
26368	1673
26369	1674
26370	1674
26371	1674
26372	1674
26373	1675
26374	1675
26375	1675
26376	1675
26377	1676
26378	1676
26379	1676
26380	1676
26381	1677
26382	1677
26383	1677
26384	1677
26385	1678
26386	1678
26387	1678
26388	1678
26389	1679
26390	1679
26391	1679
26392	1679
26393	1680
26394	1680
26395	1680
26396	1680
26397	1681
26398	1681
26399	1681
26400	1681
26401	1682
26402	1682
26403	1682
26404	1682
26405	1683
26406	1683
26407	1683
26408	1683
26409	1684
26410	1684
26411	1684
26412	1684
26413	1685
26414	1685
26415	1685
26416	1685
26417	1686
26418	1686
26419	1686
26420	1686
26421	1687
26422	1687
26423	1687
26424	1687
26425	1688
26426	1688
26427	1688
26428	1688
26429	1689
26430	1689
26431	1689
26432	1689
26433	1690
26434	1690
26435	1690
26436	1690
26437	1691
26438	1691
26439	1691
26440	1691
26441	1692
26442	1692
26443	1692
26444	1692
26445	1693
26446	1693
26447	1693
26448	1693
26449	1694
26450	1694
26451	1694
26452	1694
26453	1695
26454	1695
26455	1695
26456	1695
26457	1696
26458	1696
26459	1696
26460	1696
26461	1697
26462	1697
26463	1697
26464	1697
26465	1698
26466	1698
26467	1698
26468	1698
26469	1699
26470	1699
26471	1699
26472	1699
26473	1700
26474	1700
26475	1700
26476	1700
26477	1701
26478	1701
26479	1701
26480	1701
26481	1702
26482	1702
26483	1702
26484	1702
26485	1703
26486	1703
26487	1703
26488	1703
26489	1704
26490	1704
26491	1704
26492	1704
26493	1705
26494	1705
26495	1705
26496	1705
26497	1706
26498	1706
26499	1706
26500	1706
26501	1707
26502	1707
26503	1707
26504	1707
26505	1708
26506	1708
26507	1708
26508	1708
26509	1709
26510	1709
26511	1709
26512	1709
26513	1710
26514	1710
26515	1710
26516	1710
26517	1711
26518	1711
26519	1711
26520	1711
26521	1712
26522	1712
26523	1712
26524	1712
26525	1713
26526	1713
26527	1713
26528	1713
26529	1714
26530	1714
26531	1714
26532	1714
26533	1715
26534	1715
26535	1715
26536	1715
26537	1716
26538	1716
26539	1716
26540	1716
26541	1717
26542	1717
26543	1717
26544	1717
26545	1718
26546	1718
26547	1718
26548	1718
26549	1719
26550	1719
26551	1719
26552	1719
26553	1720
26554	1720
26555	1720
26556	1720
26557	1721
26558	1721
26559	1721
26560	1721
26561	1722
26562	1722
26563	1722
26564	1722
26565	1723
26566	1723
26567	1723
26568	1723
26569	1724
26570	1724
26571	1724
26572	1724
26573	1725
26574	1725
26575	1725
26576	1725
26577	1726
26578	1726
26579	1726
26580	1726
26581	1727
26582	1727
26583	1727
26584	1727
26585	1664
26586	1664
26587	1664
26588	1664
26589	1665
26590	1665
26591	1665
26592	1665
26593	1666
26594	1666
26595	1666
26596	1666
26597	1667
26598	1667
26599	1667
26600	1667
26601	1668
26602	1668
26603	1668
26604	1668
26605	1669
26606	1669
26607	1669
26608	1669
26609	1670
26610	1670
26611	1670
26612	1670
26613	1671
26614	1671
26615	1671
26616	1671
26617	1672
26618	1672
26619	1672
26620	1672
26621	1673
26622	1673
26623	1673
26624	1673
26625	1674
26626	1674
26627	1674
26628	1674
26629	1675
26630	1675
26631	1675
26632	1675
26633	1676
26634	1676
26635	1676
26636	1676
26637	1677
26638	1677
26639	1677
26640	1677
26641	1678
26642	1678
26643	1678
26644	1678
26645	1679
26646	1679
26647	1679
26648	1679
26649	1680
26650	1680
26651	1680
26652	1680
26653	1681
26654	1681
26655	1681
26656	1681
26657	1682
26658	1682
26659	1682
26660	1682
26661	1683
26662	1683
26663	1683
26664	1683
26665	1684
26666	1684
26667	1684
26668	1684
26669	1685
26670	1685
26671	1685
26672	1685
26673	1686
26674	1686
26675	1686
26676	1686
26677	1687
26678	1687
26679	1687
26680	1687
26681	1688
26682	1688
26683	1688
26684	1688
26685	1689
26686	1689
26687	1689
26688	1689
26689	1690
26690	1690
26691	1690
26692	1690
26693	1691
26694	1691
26695	1691
26696	1691
26697	1692
26698	1692
26699	1692
26700	1692
26701	1693
26702	1693
26703	1693
26704	1693
26705	1694
26706	1694
26707	1694
26708	1694
26709	1695
26710	1695
26711	1695
26712	1695
26713	1696
26714	1696
26715	1696
26716	1696
26717	1697
26718	1697
26719	1697
26720	1697
26721	1698
26722	1698
26723	1698
26724	1698
26725	1699
26726	1699
26727	1699
26728	1699
26729	1700
26730	1700
26731	1700
26732	1700
26733	1701
26734	1701
26735	1701
26736	1701
26737	1702
26738	1702
26739	1702
26740	1702
26741	1703
26742	1703
26743	1703
26744	1703
26745	1704
26746	1704
26747	1704
26748	1704
26749	1705
26750	1705
26751	1705
26752	1705
26753	1706
26754	1706
26755	1706
26756	1706
26757	1707
26758	1707
26759	1707
26760	1707
26761	1708
26762	1708
26763	1708
26764	1708
26765	1709
26766	1709
26767	1709
26768	1709
26769	1710
26770	1710
26771	1710
26772	1710
26773	1711
26774	1711
26775	1711
26776	1711
26777	1712
26778	1712
26779	1712
26780	1712
26781	1713
26782	1713
26783	1713
26784	1713
26785	1714
26786	1714
26787	1714
26788	1714
26789	1715
26790	1715
26791	1715
26792	1715
26793	1716
26794	1716
26795	1716
26796	1716
26797	1717
26798	1717
26799	1717
26800	1717
26801	1718
26802	1718
26803	1718
26804	1718
26805	1719
26806	1719
26807	1719
26808	1719
26809	1720
26810	1720
26811	1720
26812	1720
26813	1721
26814	1721
26815	1721
26816	1721
26817	1722
26818	1722
26819	1722
26820	1722
26821	1723
26822	1723
26823	1723
26824	1723
26825	1724
26826	1724
26827	1724
26828	1724
26829	1725
26830	1725
26831	1725
26832	1725
26833	1726
26834	1726
26835	1726
26836	1726
26837	1727
26838	1727
26839	1727
26840	1727
26841	1728
26842	1728
26843	1728
26844	1728
26845	1729
26846	1729
26847	1729
26848	1729
26849	1730
26850	1730
26851	1730
26852	1730
26853	1731
26854	1731
26855	1731
26856	1731
26857	1732
26858	1732
26859	1732
26860	1732
26861	1733
26862	1733
26863	1733
26864	1733
26865	1734
26866	1734
26867	1734
26868	1734
26869	1735
26870	1735
26871	1735
26872	1735
26873	1736
26874	1736
26875	1736
26876	1736
26877	1737
26878	1737
26879	1737
26880	1737
26881	1738
26882	1738
26883	1738
26884	1738
26885	1739
26886	1739
26887	1739
26888	1739
26889	1740
26890	1740
26891	1740
26892	1740
26893	1741
26894	1741
26895	1741
26896	1741
26897	1742
26898	1742
26899	1742
26900	1742
26901	1743
26902	1743
26903	1743
26904	1743
26905	1744
26906	1744
26907	1744
26908	1744
26909	1745
26910	1745
26911	1745
26912	1745
26913	1746
26914	1746
26915	1746
26916	1746
26917	1747
26918	1747
26919	1747
26920	1747
26921	1748
26922	1748
26923	1748
26924	1748
26925	1749
26926	1749
26927	1749
26928	1749
26929	1750
26930	1750
26931	1750
26932	1750
26933	1751
26934	1751
26935	1751
26936	1751
26937	1752
26938	1752
26939	1752
26940	1752
26941	1753
26942	1753
26943	1753
26944	1753
26945	1754
26946	1754
26947	1754
26948	1754
26949	1755
26950	1755
26951	1755
26952	1755
26953	1756
26954	1756
26955	1756
26956	1756
26957	1757
26958	1757
26959	1757
26960	1757
26961	1758
26962	1758
26963	1758
26964	1758
26965	1759
26966	1759
26967	1759
26968	1759
26969	1760
26970	1760
26971	1760
26972	1760
26973	1761
26974	1761
26975	1761
26976	1761
26977	1762
26978	1762
26979	1762
26980	1762
26981	1763
26982	1763
26983	1763
26984	1763
26985	1764
26986	1764
26987	1764
26988	1764
26989	1765
26990	1765
26991	1765
26992	1765
26993	1766
26994	1766
26995	1766
26996	1766
26997	1767
26998	1767
26999	1767
27000	1767
27001	1768
27002	1768
27003	1768
27004	1768
27005	1769
27006	1769
27007	1769
27008	1769
27009	1770
27010	1770
27011	1770
27012	1770
27013	1771
27014	1771
27015	1771
27016	1771
27017	1772
27018	1772
27019	1772
27020	1772
27021	1773
27022	1773
27023	1773
27024	1773
27025	1774
27026	1774
27027	1774
27028	1774
27029	1775
27030	1775
27031	1775
27032	1775
27033	1776
27034	1776
27035	1776
27036	1776
27037	1777
27038	1777
27039	1777
27040	1777
27041	1778
27042	1778
27043	1778
27044	1778
27045	1779
27046	1779
27047	1779
27048	1779
27049	1780
27050	1780
27051	1780
27052	1780
27053	1781
27054	1781
27055	1781
27056	1781
27057	1782
27058	1782
27059	1782
27060	1782
27061	1783
27062	1783
27063	1783
27064	1783
27065	1784
27066	1784
27067	1784
27068	1784
27069	1785
27070	1785
27071	1785
27072	1785
27073	1786
27074	1786
27075	1786
27076	1786
27077	1787
27078	1787
27079	1787
27080	1787
27081	1788
27082	1788
27083	1788
27084	1788
27085	1789
27086	1789
27087	1789
27088	1789
27089	1790
27090	1790
27091	1790
27092	1790
27093	1791
27094	1791
27095	1791
27096	1791
27097	1728
27098	1728
27099	1728
27100	1728
27101	1729
27102	1729
27103	1729
27104	1729
27105	1730
27106	1730
27107	1730
27108	1730
27109	1731
27110	1731
27111	1731
27112	1731
27113	1732
27114	1732
27115	1732
27116	1732
27117	1733
27118	1733
27119	1733
27120	1733
27121	1734
27122	1734
27123	1734
27124	1734
27125	1735
27126	1735
27127	1735
27128	1735
27129	1736
27130	1736
27131	1736
27132	1736
27133	1737
27134	1737
27135	1737
27136	1737
27137	1738
27138	1738
27139	1738
27140	1738
27141	1739
27142	1739
27143	1739
27144	1739
27145	1740
27146	1740
27147	1740
27148	1740
27149	1741
27150	1741
27151	1741
27152	1741
27153	1742
27154	1742
27155	1742
27156	1742
27157	1743
27158	1743
27159	1743
27160	1743
27161	1744
27162	1744
27163	1744
27164	1744
27165	1745
27166	1745
27167	1745
27168	1745
27169	1746
27170	1746
27171	1746
27172	1746
27173	1747
27174	1747
27175	1747
27176	1747
27177	1748
27178	1748
27179	1748
27180	1748
27181	1749
27182	1749
27183	1749
27184	1749
27185	1750
27186	1750
27187	1750
27188	1750
27189	1751
27190	1751
27191	1751
27192	1751
27193	1752
27194	1752
27195	1752
27196	1752
27197	1753
27198	1753
27199	1753
27200	1753
27201	1754
27202	1754
27203	1754
27204	1754
27205	1755
27206	1755
27207	1755
27208	1755
27209	1756
27210	1756
27211	1756
27212	1756
27213	1757
27214	1757
27215	1757
27216	1757
27217	1758
27218	1758
27219	1758
27220	1758
27221	1759
27222	1759
27223	1759
27224	1759
27225	1760
27226	1760
27227	1760
27228	1760
27229	1761
27230	1761
27231	1761
27232	1761
27233	1762
27234	1762
27235	1762
27236	1762
27237	1763
27238	1763
27239	1763
27240	1763
27241	1764
27242	1764
27243	1764
27244	1764
27245	1765
27246	1765
27247	1765
27248	1765
27249	1766
27250	1766
27251	1766
27252	1766
27253	1767
27254	1767
27255	1767
27256	1767
27257	1768
27258	1768
27259	1768
27260	1768
27261	1769
27262	1769
27263	1769
27264	1769
27265	1770
27266	1770
27267	1770
27268	1770
27269	1771
27270	1771
27271	1771
27272	1771
27273	1772
27274	1772
27275	1772
27276	1772
27277	1773
27278	1773
27279	1773
27280	1773
27281	1774
27282	1774
27283	1774
27284	1774
27285	1775
27286	1775
27287	1775
27288	1775
27289	1776
27290	1776
27291	1776
27292	1776
27293	1777
27294	1777
27295	1777
27296	1777
27297	1778
27298	1778
27299	1778
27300	1778
27301	1779
27302	1779
27303	1779
27304	1779
27305	1780
27306	1780
27307	1780
27308	1780
27309	1781
27310	1781
27311	1781
27312	1781
27313	1782
27314	1782
27315	1782
27316	1782
27317	1783
27318	1783
27319	1783
27320	1783
27321	1784
27322	1784
27323	1784
27324	1784
27325	1785
27326	1785
27327	1785
27328	1785
27329	1786
27330	1786
27331	1786
27332	1786
27333	1787
27334	1787
27335	1787
27336	1787
27337	1788
27338	1788
27339	1788
27340	1788
27341	1789
27342	1789
27343	1789
27344	1789
27345	1790
27346	1790
27347	1790
27348	1790
27349	1791
27350	1791
27351	1791
27352	1791
27353	1728
27354	1728
27355	1728
27356	1728
27357	1729
27358	1729
27359	1729
27360	1729
27361	1730
27362	1730
27363	1730
27364	1730
27365	1731
27366	1731
27367	1731
27368	1731
27369	1732
27370	1732
27371	1732
27372	1732
27373	1733
27374	1733
27375	1733
27376	1733
27377	1734
27378	1734
27379	1734
27380	1734
27381	1735
27382	1735
27383	1735
27384	1735
27385	1736
27386	1736
27387	1736
27388	1736
27389	1737
27390	1737
27391	1737
27392	1737
27393	1738
27394	1738
27395	1738
27396	1738
27397	1739
27398	1739
27399	1739
27400	1739
27401	1740
27402	1740
27403	1740
27404	1740
27405	1741
27406	1741
27407	1741
27408	1741
27409	1742
27410	1742
27411	1742
27412	1742
27413	1743
27414	1743
27415	1743
27416	1743
27417	1744
27418	1744
27419	1744
27420	1744
27421	1745
27422	1745
27423	1745
27424	1745
27425	1746
27426	1746
27427	1746
27428	1746
27429	1747
27430	1747
27431	1747
27432	1747
27433	1748
27434	1748
27435	1748
27436	1748
27437	1749
27438	1749
27439	1749
27440	1749
27441	1750
27442	1750
27443	1750
27444	1750
27445	1751
27446	1751
27447	1751
27448	1751
27449	1752
27450	1752
27451	1752
27452	1752
27453	1753
27454	1753
27455	1753
27456	1753
27457	1754
27458	1754
27459	1754
27460	1754
27461	1755
27462	1755
27463	1755
27464	1755
27465	1756
27466	1756
27467	1756
27468	1756
27469	1757
27470	1757
27471	1757
27472	1757
27473	1758
27474	1758
27475	1758
27476	1758
27477	1759
27478	1759
27479	1759
27480	1759
27481	1760
27482	1760
27483	1760
27484	1760
27485	1761
27486	1761
27487	1761
27488	1761
27489	1762
27490	1762
27491	1762
27492	1762
27493	1763
27494	1763
27495	1763
27496	1763
27497	1764
27498	1764
27499	1764
27500	1764
27501	1765
27502	1765
27503	1765
27504	1765
27505	1766
27506	1766
27507	1766
27508	1766
27509	1767
27510	1767
27511	1767
27512	1767
27513	1768
27514	1768
27515	1768
27516	1768
27517	1769
27518	1769
27519	1769
27520	1769
27521	1770
27522	1770
27523	1770
27524	1770
27525	1771
27526	1771
27527	1771
27528	1771
27529	1772
27530	1772
27531	1772
27532	1772
27533	1773
27534	1773
27535	1773
27536	1773
27537	1774
27538	1774
27539	1774
27540	1774
27541	1775
27542	1775
27543	1775
27544	1775
27545	1776
27546	1776
27547	1776
27548	1776
27549	1777
27550	1777
27551	1777
27552	1777
27553	1778
27554	1778
27555	1778
27556	1778
27557	1779
27558	1779
27559	1779
27560	1779
27561	1780
27562	1780
27563	1780
27564	1780
27565	1781
27566	1781
27567	1781
27568	1781
27569	1782
27570	1782
27571	1782
27572	1782
27573	1783
27574	1783
27575	1783
27576	1783
27577	1784
27578	1784
27579	1784
27580	1784
27581	1785
27582	1785
27583	1785
27584	1785
27585	1786
27586	1786
27587	1786
27588	1786
27589	1787
27590	1787
27591	1787
27592	1787
27593	1788
27594	1788
27595	1788
27596	1788
27597	1789
27598	1789
27599	1789
27600	1789
27601	1790
27602	1790
27603	1790
27604	1790
27605	1791
27606	1791
27607	1791
27608	1791
27609	1728
27610	1728
27611	1728
27612	1728
27613	1729
27614	1729
27615	1729
27616	1729
27617	1730
27618	1730
27619	1730
27620	1730
27621	1731
27622	1731
27623	1731
27624	1731
27625	1732
27626	1732
27627	1732
27628	1732
27629	1733
27630	1733
27631	1733
27632	1733
27633	1734
27634	1734
27635	1734
27636	1734
27637	1735
27638	1735
27639	1735
27640	1735
27641	1736
27642	1736
27643	1736
27644	1736
27645	1737
27646	1737
27647	1737
27648	1737
27649	1738
27650	1738
27651	1738
27652	1738
27653	1739
27654	1739
27655	1739
27656	1739
27657	1740
27658	1740
27659	1740
27660	1740
27661	1741
27662	1741
27663	1741
27664	1741
27665	1742
27666	1742
27667	1742
27668	1742
27669	1743
27670	1743
27671	1743
27672	1743
27673	1744
27674	1744
27675	1744
27676	1744
27677	1745
27678	1745
27679	1745
27680	1745
27681	1746
27682	1746
27683	1746
27684	1746
27685	1747
27686	1747
27687	1747
27688	1747
27689	1748
27690	1748
27691	1748
27692	1748
27693	1749
27694	1749
27695	1749
27696	1749
27697	1750
27698	1750
27699	1750
27700	1750
27701	1751
27702	1751
27703	1751
27704	1751
27705	1752
27706	1752
27707	1752
27708	1752
27709	1753
27710	1753
27711	1753
27712	1753
27713	1754
27714	1754
27715	1754
27716	1754
27717	1755
27718	1755
27719	1755
27720	1755
27721	1756
27722	1756
27723	1756
27724	1756
27725	1757
27726	1757
27727	1757
27728	1757
27729	1758
27730	1758
27731	1758
27732	1758
27733	1759
27734	1759
27735	1759
27736	1759
27737	1760
27738	1760
27739	1760
27740	1760
27741	1761
27742	1761
27743	1761
27744	1761
27745	1762
27746	1762
27747	1762
27748	1762
27749	1763
27750	1763
27751	1763
27752	1763
27753	1764
27754	1764
27755	1764
27756	1764
27757	1765
27758	1765
27759	1765
27760	1765
27761	1766
27762	1766
27763	1766
27764	1766
27765	1767
27766	1767
27767	1767
27768	1767
27769	1768
27770	1768
27771	1768
27772	1768
27773	1769
27774	1769
27775	1769
27776	1769
27777	1770
27778	1770
27779	1770
27780	1770
27781	1771
27782	1771
27783	1771
27784	1771
27785	1772
27786	1772
27787	1772
27788	1772
27789	1773
27790	1773
27791	1773
27792	1773
27793	1774
27794	1774
27795	1774
27796	1774
27797	1775
27798	1775
27799	1775
27800	1775
27801	1776
27802	1776
27803	1776
27804	1776
27805	1777
27806	1777
27807	1777
27808	1777
27809	1778
27810	1778
27811	1778
27812	1778
27813	1779
27814	1779
27815	1779
27816	1779
27817	1780
27818	1780
27819	1780
27820	1780
27821	1781
27822	1781
27823	1781
27824	1781
27825	1782
27826	1782
27827	1782
27828	1782
27829	1783
27830	1783
27831	1783
27832	1783
27833	1784
27834	1784
27835	1784
27836	1784
27837	1785
27838	1785
27839	1785
27840	1785
27841	1786
27842	1786
27843	1786
27844	1786
27845	1787
27846	1787
27847	1787
27848	1787
27849	1788
27850	1788
27851	1788
27852	1788
27853	1789
27854	1789
27855	1789
27856	1789
27857	1790
27858	1790
27859	1790
27860	1790
27861	1791
27862	1791
27863	1791
27864	1791
27865	1792
27866	1792
27867	1792
27868	1792
27869	1793
27870	1793
27871	1793
27872	1793
27873	1794
27874	1794
27875	1794
27876	1794
27877	1795
27878	1795
27879	1795
27880	1795
27881	1796
27882	1796
27883	1796
27884	1796
27885	1797
27886	1797
27887	1797
27888	1797
27889	1798
27890	1798
27891	1798
27892	1798
27893	1799
27894	1799
27895	1799
27896	1799
27897	1800
27898	1800
27899	1800
27900	1800
27901	1801
27902	1801
27903	1801
27904	1801
27905	1802
27906	1802
27907	1802
27908	1802
27909	1803
27910	1803
27911	1803
27912	1803
27913	1804
27914	1804
27915	1804
27916	1804
27917	1805
27918	1805
27919	1805
27920	1805
27921	1806
27922	1806
27923	1806
27924	1806
27925	1807
27926	1807
27927	1807
27928	1807
27929	1808
27930	1808
27931	1808
27932	1808
27933	1809
27934	1809
27935	1809
27936	1809
27937	1810
27938	1810
27939	1810
27940	1810
27941	1811
27942	1811
27943	1811
27944	1811
27945	1812
27946	1812
27947	1812
27948	1812
27949	1813
27950	1813
27951	1813
27952	1813
27953	1814
27954	1814
27955	1814
27956	1814
27957	1815
27958	1815
27959	1815
27960	1815
27961	1816
27962	1816
27963	1816
27964	1816
27965	1817
27966	1817
27967	1817
27968	1817
27969	1818
27970	1818
27971	1818
27972	1818
27973	1819
27974	1819
27975	1819
27976	1819
27977	1820
27978	1820
27979	1820
27980	1820
27981	1821
27982	1821
27983	1821
27984	1821
27985	1822
27986	1822
27987	1822
27988	1822
27989	1823
27990	1823
27991	1823
27992	1823
27993	1824
27994	1824
27995	1824
27996	1824
27997	1825
27998	1825
27999	1825
28000	1825
28001	1826
28002	1826
28003	1826
28004	1826
28005	1827
28006	1827
28007	1827
28008	1827
28009	1828
28010	1828
28011	1828
28012	1828
28013	1829
28014	1829
28015	1829
28016	1829
28017	1830
28018	1830
28019	1830
28020	1830
28021	1831
28022	1831
28023	1831
28024	1831
28025	1832
28026	1832
28027	1832
28028	1832
28029	1833
28030	1833
28031	1833
28032	1833
28033	1834
28034	1834
28035	1834
28036	1834
28037	1835
28038	1835
28039	1835
28040	1835
28041	1836
28042	1836
28043	1836
28044	1836
28045	1837
28046	1837
28047	1837
28048	1837
28049	1838
28050	1838
28051	1838
28052	1838
28053	1839
28054	1839
28055	1839
28056	1839
28057	1840
28058	1840
28059	1840
28060	1840
28061	1841
28062	1841
28063	1841
28064	1841
28065	1842
28066	1842
28067	1842
28068	1842
28069	1843
28070	1843
28071	1843
28072	1843
28073	1844
28074	1844
28075	1844
28076	1844
28077	1845
28078	1845
28079	1845
28080	1845
28081	1846
28082	1846
28083	1846
28084	1846
28085	1847
28086	1847
28087	1847
28088	1847
28089	1848
28090	1848
28091	1848
28092	1848
28093	1849
28094	1849
28095	1849
28096	1849
28097	1850
28098	1850
28099	1850
28100	1850
28101	1851
28102	1851
28103	1851
28104	1851
28105	1852
28106	1852
28107	1852
28108	1852
28109	1853
28110	1853
28111	1853
28112	1853
28113	1854
28114	1854
28115	1854
28116	1854
28117	1855
28118	1855
28119	1855
28120	1855
28121	1792
28122	1792
28123	1792
28124	1792
28125	1793
28126	1793
28127	1793
28128	1793
28129	1794
28130	1794
28131	1794
28132	1794
28133	1795
28134	1795
28135	1795
28136	1795
28137	1796
28138	1796
28139	1796
28140	1796
28141	1797
28142	1797
28143	1797
28144	1797
28145	1798
28146	1798
28147	1798
28148	1798
28149	1799
28150	1799
28151	1799
28152	1799
28153	1800
28154	1800
28155	1800
28156	1800
28157	1801
28158	1801
28159	1801
28160	1801
28161	1802
28162	1802
28163	1802
28164	1802
28165	1803
28166	1803
28167	1803
28168	1803
28169	1804
28170	1804
28171	1804
28172	1804
28173	1805
28174	1805
28175	1805
28176	1805
28177	1806
28178	1806
28179	1806
28180	1806
28181	1807
28182	1807
28183	1807
28184	1807
28185	1808
28186	1808
28187	1808
28188	1808
28189	1809
28190	1809
28191	1809
28192	1809
28193	1810
28194	1810
28195	1810
28196	1810
28197	1811
28198	1811
28199	1811
28200	1811
28201	1812
28202	1812
28203	1812
28204	1812
28205	1813
28206	1813
28207	1813
28208	1813
28209	1814
28210	1814
28211	1814
28212	1814
28213	1815
28214	1815
28215	1815
28216	1815
28217	1816
28218	1816
28219	1816
28220	1816
28221	1817
28222	1817
28223	1817
28224	1817
28225	1818
28226	1818
28227	1818
28228	1818
28229	1819
28230	1819
28231	1819
28232	1819
28233	1820
28234	1820
28235	1820
28236	1820
28237	1821
28238	1821
28239	1821
28240	1821
28241	1822
28242	1822
28243	1822
28244	1822
28245	1823
28246	1823
28247	1823
28248	1823
28249	1824
28250	1824
28251	1824
28252	1824
28253	1825
28254	1825
28255	1825
28256	1825
28257	1826
28258	1826
28259	1826
28260	1826
28261	1827
28262	1827
28263	1827
28264	1827
28265	1828
28266	1828
28267	1828
28268	1828
28269	1829
28270	1829
28271	1829
28272	1829
28273	1830
28274	1830
28275	1830
28276	1830
28277	1831
28278	1831
28279	1831
28280	1831
28281	1832
28282	1832
28283	1832
28284	1832
28285	1833
28286	1833
28287	1833
28288	1833
28289	1834
28290	1834
28291	1834
28292	1834
28293	1835
28294	1835
28295	1835
28296	1835
28297	1836
28298	1836
28299	1836
28300	1836
28301	1837
28302	1837
28303	1837
28304	1837
28305	1838
28306	1838
28307	1838
28308	1838
28309	1839
28310	1839
28311	1839
28312	1839
28313	1840
28314	1840
28315	1840
28316	1840
28317	1841
28318	1841
28319	1841
28320	1841
28321	1842
28322	1842
28323	1842
28324	1842
28325	1843
28326	1843
28327	1843
28328	1843
28329	1844
28330	1844
28331	1844
28332	1844
28333	1845
28334	1845
28335	1845
28336	1845
28337	1846
28338	1846
28339	1846
28340	1846
28341	1847
28342	1847
28343	1847
28344	1847
28345	1848
28346	1848
28347	1848
28348	1848
28349	1849
28350	1849
28351	1849
28352	1849
28353	1850
28354	1850
28355	1850
28356	1850
28357	1851
28358	1851
28359	1851
28360	1851
28361	1852
28362	1852
28363	1852
28364	1852
28365	1853
28366	1853
28367	1853
28368	1853
28369	1854
28370	1854
28371	1854
28372	1854
28373	1855
28374	1855
28375	1855
28376	1855
28377	1792
28378	1792
28379	1792
28380	1792
28381	1793
28382	1793
28383	1793
28384	1793
28385	1794
28386	1794
28387	1794
28388	1794
28389	1795
28390	1795
28391	1795
28392	1795
28393	1796
28394	1796
28395	1796
28396	1796
28397	1797
28398	1797
28399	1797
28400	1797
28401	1798
28402	1798
28403	1798
28404	1798
28405	1799
28406	1799
28407	1799
28408	1799
28409	1800
28410	1800
28411	1800
28412	1800
28413	1801
28414	1801
28415	1801
28416	1801
28417	1802
28418	1802
28419	1802
28420	1802
28421	1803
28422	1803
28423	1803
28424	1803
28425	1804
28426	1804
28427	1804
28428	1804
28429	1805
28430	1805
28431	1805
28432	1805
28433	1806
28434	1806
28435	1806
28436	1806
28437	1807
28438	1807
28439	1807
28440	1807
28441	1808
28442	1808
28443	1808
28444	1808
28445	1809
28446	1809
28447	1809
28448	1809
28449	1810
28450	1810
28451	1810
28452	1810
28453	1811
28454	1811
28455	1811
28456	1811
28457	1812
28458	1812
28459	1812
28460	1812
28461	1813
28462	1813
28463	1813
28464	1813
28465	1814
28466	1814
28467	1814
28468	1814
28469	1815
28470	1815
28471	1815
28472	1815
28473	1816
28474	1816
28475	1816
28476	1816
28477	1817
28478	1817
28479	1817
28480	1817
28481	1818
28482	1818
28483	1818
28484	1818
28485	1819
28486	1819
28487	1819
28488	1819
28489	1820
28490	1820
28491	1820
28492	1820
28493	1821
28494	1821
28495	1821
28496	1821
28497	1822
28498	1822
28499	1822
28500	1822
28501	1823
28502	1823
28503	1823
28504	1823
28505	1824
28506	1824
28507	1824
28508	1824
28509	1825
28510	1825
28511	1825
28512	1825
28513	1826
28514	1826
28515	1826
28516	1826
28517	1827
28518	1827
28519	1827
28520	1827
28521	1828
28522	1828
28523	1828
28524	1828
28525	1829
28526	1829
28527	1829
28528	1829
28529	1830
28530	1830
28531	1830
28532	1830
28533	1831
28534	1831
28535	1831
28536	1831
28537	1832
28538	1832
28539	1832
28540	1832
28541	1833
28542	1833
28543	1833
28544	1833
28545	1834
28546	1834
28547	1834
28548	1834
28549	1835
28550	1835
28551	1835
28552	1835
28553	1836
28554	1836
28555	1836
28556	1836
28557	1837
28558	1837
28559	1837
28560	1837
28561	1838
28562	1838
28563	1838
28564	1838
28565	1839
28566	1839
28567	1839
28568	1839
28569	1840
28570	1840
28571	1840
28572	1840
28573	1841
28574	1841
28575	1841
28576	1841
28577	1842
28578	1842
28579	1842
28580	1842
28581	1843
28582	1843
28583	1843
28584	1843
28585	1844
28586	1844
28587	1844
28588	1844
28589	1845
28590	1845
28591	1845
28592	1845
28593	1846
28594	1846
28595	1846
28596	1846
28597	1847
28598	1847
28599	1847
28600	1847
28601	1848
28602	1848
28603	1848
28604	1848
28605	1849
28606	1849
28607	1849
28608	1849
28609	1850
28610	1850
28611	1850
28612	1850
28613	1851
28614	1851
28615	1851
28616	1851
28617	1852
28618	1852
28619	1852
28620	1852
28621	1853
28622	1853
28623	1853
28624	1853
28625	1854
28626	1854
28627	1854
28628	1854
28629	1855
28630	1855
28631	1855
28632	1855
28633	1792
28634	1792
28635	1792
28636	1792
28637	1793
28638	1793
28639	1793
28640	1793
28641	1794
28642	1794
28643	1794
28644	1794
28645	1795
28646	1795
28647	1795
28648	1795
28649	1796
28650	1796
28651	1796
28652	1796
28653	1797
28654	1797
28655	1797
28656	1797
28657	1798
28658	1798
28659	1798
28660	1798
28661	1799
28662	1799
28663	1799
28664	1799
28665	1800
28666	1800
28667	1800
28668	1800
28669	1801
28670	1801
28671	1801
28672	1801
28673	1802
28674	1802
28675	1802
28676	1802
28677	1803
28678	1803
28679	1803
28680	1803
28681	1804
28682	1804
28683	1804
28684	1804
28685	1805
28686	1805
28687	1805
28688	1805
28689	1806
28690	1806
28691	1806
28692	1806
28693	1807
28694	1807
28695	1807
28696	1807
28697	1808
28698	1808
28699	1808
28700	1808
28701	1809
28702	1809
28703	1809
28704	1809
28705	1810
28706	1810
28707	1810
28708	1810
28709	1811
28710	1811
28711	1811
28712	1811
28713	1812
28714	1812
28715	1812
28716	1812
28717	1813
28718	1813
28719	1813
28720	1813
28721	1814
28722	1814
28723	1814
28724	1814
28725	1815
28726	1815
28727	1815
28728	1815
28729	1816
28730	1816
28731	1816
28732	1816
28733	1817
28734	1817
28735	1817
28736	1817
28737	1818
28738	1818
28739	1818
28740	1818
28741	1819
28742	1819
28743	1819
28744	1819
28745	1820
28746	1820
28747	1820
28748	1820
28749	1821
28750	1821
28751	1821
28752	1821
28753	1822
28754	1822
28755	1822
28756	1822
28757	1823
28758	1823
28759	1823
28760	1823
28761	1824
28762	1824
28763	1824
28764	1824
28765	1825
28766	1825
28767	1825
28768	1825
28769	1826
28770	1826
28771	1826
28772	1826
28773	1827
28774	1827
28775	1827
28776	1827
28777	1828
28778	1828
28779	1828
28780	1828
28781	1829
28782	1829
28783	1829
28784	1829
28785	1830
28786	1830
28787	1830
28788	1830
28789	1831
28790	1831
28791	1831
28792	1831
28793	1832
28794	1832
28795	1832
28796	1832
28797	1833
28798	1833
28799	1833
28800	1833
28801	1834
28802	1834
28803	1834
28804	1834
28805	1835
28806	1835
28807	1835
28808	1835
28809	1836
28810	1836
28811	1836
28812	1836
28813	1837
28814	1837
28815	1837
28816	1837
28817	1838
28818	1838
28819	1838
28820	1838
28821	1839
28822	1839
28823	1839
28824	1839
28825	1840
28826	1840
28827	1840
28828	1840
28829	1841
28830	1841
28831	1841
28832	1841
28833	1842
28834	1842
28835	1842
28836	1842
28837	1843
28838	1843
28839	1843
28840	1843
28841	1844
28842	1844
28843	1844
28844	1844
28845	1845
28846	1845
28847	1845
28848	1845
28849	1846
28850	1846
28851	1846
28852	1846
28853	1847
28854	1847
28855	1847
28856	1847
28857	1848
28858	1848
28859	1848
28860	1848
28861	1849
28862	1849
28863	1849
28864	1849
28865	1850
28866	1850
28867	1850
28868	1850
28869	1851
28870	1851
28871	1851
28872	1851
28873	1852
28874	1852
28875	1852
28876	1852
28877	1853
28878	1853
28879	1853
28880	1853
28881	1854
28882	1854
28883	1854
28884	1854
28885	1855
28886	1855
28887	1855
28888	1855
28889	1856
28890	1856
28891	1856
28892	1856
28893	1857
28894	1857
28895	1857
28896	1857
28897	1858
28898	1858
28899	1858
28900	1858
28901	1859
28902	1859
28903	1859
28904	1859
28905	1860
28906	1860
28907	1860
28908	1860
28909	1861
28910	1861
28911	1861
28912	1861
28913	1862
28914	1862
28915	1862
28916	1862
28917	1863
28918	1863
28919	1863
28920	1863
28921	1864
28922	1864
28923	1864
28924	1864
28925	1865
28926	1865
28927	1865
28928	1865
28929	1866
28930	1866
28931	1866
28932	1866
28933	1867
28934	1867
28935	1867
28936	1867
28937	1868
28938	1868
28939	1868
28940	1868
28941	1869
28942	1869
28943	1869
28944	1869
28945	1870
28946	1870
28947	1870
28948	1870
28949	1871
28950	1871
28951	1871
28952	1871
28953	1872
28954	1872
28955	1872
28956	1872
28957	1873
28958	1873
28959	1873
28960	1873
28961	1874
28962	1874
28963	1874
28964	1874
28965	1875
28966	1875
28967	1875
28968	1875
28969	1876
28970	1876
28971	1876
28972	1876
28973	1877
28974	1877
28975	1877
28976	1877
28977	1878
28978	1878
28979	1878
28980	1878
28981	1879
28982	1879
28983	1879
28984	1879
28985	1880
28986	1880
28987	1880
28988	1880
28989	1881
28990	1881
28991	1881
28992	1881
28993	1882
28994	1882
28995	1882
28996	1882
28997	1883
28998	1883
28999	1883
29000	1883
29001	1884
29002	1884
29003	1884
29004	1884
29005	1885
29006	1885
29007	1885
29008	1885
29009	1886
29010	1886
29011	1886
29012	1886
29013	1887
29014	1887
29015	1887
29016	1887
29017	1888
29018	1888
29019	1888
29020	1888
29021	1889
29022	1889
29023	1889
29024	1889
29025	1890
29026	1890
29027	1890
29028	1890
29029	1891
29030	1891
29031	1891
29032	1891
29033	1892
29034	1892
29035	1892
29036	1892
29037	1893
29038	1893
29039	1893
29040	1893
29041	1894
29042	1894
29043	1894
29044	1894
29045	1895
29046	1895
29047	1895
29048	1895
29049	1896
29050	1896
29051	1896
29052	1896
29053	1897
29054	1897
29055	1897
29056	1897
29057	1898
29058	1898
29059	1898
29060	1898
29061	1899
29062	1899
29063	1899
29064	1899
29065	1900
29066	1900
29067	1900
29068	1900
29069	1901
29070	1901
29071	1901
29072	1901
29073	1902
29074	1902
29075	1902
29076	1902
29077	1903
29078	1903
29079	1903
29080	1903
29081	1904
29082	1904
29083	1904
29084	1904
29085	1905
29086	1905
29087	1905
29088	1905
29089	1906
29090	1906
29091	1906
29092	1906
29093	1907
29094	1907
29095	1907
29096	1907
29097	1908
29098	1908
29099	1908
29100	1908
29101	1909
29102	1909
29103	1909
29104	1909
29105	1910
29106	1910
29107	1910
29108	1910
29109	1911
29110	1911
29111	1911
29112	1911
29113	1912
29114	1912
29115	1912
29116	1912
29117	1913
29118	1913
29119	1913
29120	1913
29121	1914
29122	1914
29123	1914
29124	1914
29125	1915
29126	1915
29127	1915
29128	1915
29129	1916
29130	1916
29131	1916
29132	1916
29133	1917
29134	1917
29135	1917
29136	1917
29137	1918
29138	1918
29139	1918
29140	1918
29141	1919
29142	1919
29143	1919
29144	1919
29145	1856
29146	1856
29147	1856
29148	1856
29149	1857
29150	1857
29151	1857
29152	1857
29153	1858
29154	1858
29155	1858
29156	1858
29157	1859
29158	1859
29159	1859
29160	1859
29161	1860
29162	1860
29163	1860
29164	1860
29165	1861
29166	1861
29167	1861
29168	1861
29169	1862
29170	1862
29171	1862
29172	1862
29173	1863
29174	1863
29175	1863
29176	1863
29177	1864
29178	1864
29179	1864
29180	1864
29181	1865
29182	1865
29183	1865
29184	1865
29185	1866
29186	1866
29187	1866
29188	1866
29189	1867
29190	1867
29191	1867
29192	1867
29193	1868
29194	1868
29195	1868
29196	1868
29197	1869
29198	1869
29199	1869
29200	1869
29201	1870
29202	1870
29203	1870
29204	1870
29205	1871
29206	1871
29207	1871
29208	1871
29209	1872
29210	1872
29211	1872
29212	1872
29213	1873
29214	1873
29215	1873
29216	1873
29217	1874
29218	1874
29219	1874
29220	1874
29221	1875
29222	1875
29223	1875
29224	1875
29225	1876
29226	1876
29227	1876
29228	1876
29229	1877
29230	1877
29231	1877
29232	1877
29233	1878
29234	1878
29235	1878
29236	1878
29237	1879
29238	1879
29239	1879
29240	1879
29241	1880
29242	1880
29243	1880
29244	1880
29245	1881
29246	1881
29247	1881
29248	1881
29249	1882
29250	1882
29251	1882
29252	1882
29253	1883
29254	1883
29255	1883
29256	1883
29257	1884
29258	1884
29259	1884
29260	1884
29261	1885
29262	1885
29263	1885
29264	1885
29265	1886
29266	1886
29267	1886
29268	1886
29269	1887
29270	1887
29271	1887
29272	1887
29273	1888
29274	1888
29275	1888
29276	1888
29277	1889
29278	1889
29279	1889
29280	1889
29281	1890
29282	1890
29283	1890
29284	1890
29285	1891
29286	1891
29287	1891
29288	1891
29289	1892
29290	1892
29291	1892
29292	1892
29293	1893
29294	1893
29295	1893
29296	1893
29297	1894
29298	1894
29299	1894
29300	1894
29301	1895
29302	1895
29303	1895
29304	1895
29305	1896
29306	1896
29307	1896
29308	1896
29309	1897
29310	1897
29311	1897
29312	1897
29313	1898
29314	1898
29315	1898
29316	1898
29317	1899
29318	1899
29319	1899
29320	1899
29321	1900
29322	1900
29323	1900
29324	1900
29325	1901
29326	1901
29327	1901
29328	1901
29329	1902
29330	1902
29331	1902
29332	1902
29333	1903
29334	1903
29335	1903
29336	1903
29337	1904
29338	1904
29339	1904
29340	1904
29341	1905
29342	1905
29343	1905
29344	1905
29345	1906
29346	1906
29347	1906
29348	1906
29349	1907
29350	1907
29351	1907
29352	1907
29353	1908
29354	1908
29355	1908
29356	1908
29357	1909
29358	1909
29359	1909
29360	1909
29361	1910
29362	1910
29363	1910
29364	1910
29365	1911
29366	1911
29367	1911
29368	1911
29369	1912
29370	1912
29371	1912
29372	1912
29373	1913
29374	1913
29375	1913
29376	1913
29377	1914
29378	1914
29379	1914
29380	1914
29381	1915
29382	1915
29383	1915
29384	1915
29385	1916
29386	1916
29387	1916
29388	1916
29389	1917
29390	1917
29391	1917
29392	1917
29393	1918
29394	1918
29395	1918
29396	1918
29397	1919
29398	1919
29399	1919
29400	1919
29401	1856
29402	1856
29403	1856
29404	1856
29405	1857
29406	1857
29407	1857
29408	1857
29409	1858
29410	1858
29411	1858
29412	1858
29413	1859
29414	1859
29415	1859
29416	1859
29417	1860
29418	1860
29419	1860
29420	1860
29421	1861
29422	1861
29423	1861
29424	1861
29425	1862
29426	1862
29427	1862
29428	1862
29429	1863
29430	1863
29431	1863
29432	1863
29433	1864
29434	1864
29435	1864
29436	1864
29437	1865
29438	1865
29439	1865
29440	1865
29441	1866
29442	1866
29443	1866
29444	1866
29445	1867
29446	1867
29447	1867
29448	1867
29449	1868
29450	1868
29451	1868
29452	1868
29453	1869
29454	1869
29455	1869
29456	1869
29457	1870
29458	1870
29459	1870
29460	1870
29461	1871
29462	1871
29463	1871
29464	1871
29465	1872
29466	1872
29467	1872
29468	1872
29469	1873
29470	1873
29471	1873
29472	1873
29473	1874
29474	1874
29475	1874
29476	1874
29477	1875
29478	1875
29479	1875
29480	1875
29481	1876
29482	1876
29483	1876
29484	1876
29485	1877
29486	1877
29487	1877
29488	1877
29489	1878
29490	1878
29491	1878
29492	1878
29493	1879
29494	1879
29495	1879
29496	1879
29497	1880
29498	1880
29499	1880
29500	1880
29501	1881
29502	1881
29503	1881
29504	1881
29505	1882
29506	1882
29507	1882
29508	1882
29509	1883
29510	1883
29511	1883
29512	1883
29513	1884
29514	1884
29515	1884
29516	1884
29517	1885
29518	1885
29519	1885
29520	1885
29521	1886
29522	1886
29523	1886
29524	1886
29525	1887
29526	1887
29527	1887
29528	1887
29529	1888
29530	1888
29531	1888
29532	1888
29533	1889
29534	1889
29535	1889
29536	1889
29537	1890
29538	1890
29539	1890
29540	1890
29541	1891
29542	1891
29543	1891
29544	1891
29545	1892
29546	1892
29547	1892
29548	1892
29549	1893
29550	1893
29551	1893
29552	1893
29553	1894
29554	1894
29555	1894
29556	1894
29557	1895
29558	1895
29559	1895
29560	1895
29561	1896
29562	1896
29563	1896
29564	1896
29565	1897
29566	1897
29567	1897
29568	1897
29569	1898
29570	1898
29571	1898
29572	1898
29573	1899
29574	1899
29575	1899
29576	1899
29577	1900
29578	1900
29579	1900
29580	1900
29581	1901
29582	1901
29583	1901
29584	1901
29585	1902
29586	1902
29587	1902
29588	1902
29589	1903
29590	1903
29591	1903
29592	1903
29593	1904
29594	1904
29595	1904
29596	1904
29597	1905
29598	1905
29599	1905
29600	1905
29601	1906
29602	1906
29603	1906
29604	1906
29605	1907
29606	1907
29607	1907
29608	1907
29609	1908
29610	1908
29611	1908
29612	1908
29613	1909
29614	1909
29615	1909
29616	1909
29617	1910
29618	1910
29619	1910
29620	1910
29621	1911
29622	1911
29623	1911
29624	1911
29625	1912
29626	1912
29627	1912
29628	1912
29629	1913
29630	1913
29631	1913
29632	1913
29633	1914
29634	1914
29635	1914
29636	1914
29637	1915
29638	1915
29639	1915
29640	1915
29641	1916
29642	1916
29643	1916
29644	1916
29645	1917
29646	1917
29647	1917
29648	1917
29649	1918
29650	1918
29651	1918
29652	1918
29653	1919
29654	1919
29655	1919
29656	1919
29657	1856
29658	1856
29659	1856
29660	1856
29661	1857
29662	1857
29663	1857
29664	1857
29665	1858
29666	1858
29667	1858
29668	1858
29669	1859
29670	1859
29671	1859
29672	1859
29673	1860
29674	1860
29675	1860
29676	1860
29677	1861
29678	1861
29679	1861
29680	1861
29681	1862
29682	1862
29683	1862
29684	1862
29685	1863
29686	1863
29687	1863
29688	1863
29689	1864
29690	1864
29691	1864
29692	1864
29693	1865
29694	1865
29695	1865
29696	1865
29697	1866
29698	1866
29699	1866
29700	1866
29701	1867
29702	1867
29703	1867
29704	1867
29705	1868
29706	1868
29707	1868
29708	1868
29709	1869
29710	1869
29711	1869
29712	1869
29713	1870
29714	1870
29715	1870
29716	1870
29717	1871
29718	1871
29719	1871
29720	1871
29721	1872
29722	1872
29723	1872
29724	1872
29725	1873
29726	1873
29727	1873
29728	1873
29729	1874
29730	1874
29731	1874
29732	1874
29733	1875
29734	1875
29735	1875
29736	1875
29737	1876
29738	1876
29739	1876
29740	1876
29741	1877
29742	1877
29743	1877
29744	1877
29745	1878
29746	1878
29747	1878
29748	1878
29749	1879
29750	1879
29751	1879
29752	1879
29753	1880
29754	1880
29755	1880
29756	1880
29757	1881
29758	1881
29759	1881
29760	1881
29761	1882
29762	1882
29763	1882
29764	1882
29765	1883
29766	1883
29767	1883
29768	1883
29769	1884
29770	1884
29771	1884
29772	1884
29773	1885
29774	1885
29775	1885
29776	1885
29777	1886
29778	1886
29779	1886
29780	1886
29781	1887
29782	1887
29783	1887
29784	1887
29785	1888
29786	1888
29787	1888
29788	1888
29789	1889
29790	1889
29791	1889
29792	1889
29793	1890
29794	1890
29795	1890
29796	1890
29797	1891
29798	1891
29799	1891
29800	1891
29801	1892
29802	1892
29803	1892
29804	1892
29805	1893
29806	1893
29807	1893
29808	1893
29809	1894
29810	1894
29811	1894
29812	1894
29813	1895
29814	1895
29815	1895
29816	1895
29817	1896
29818	1896
29819	1896
29820	1896
29821	1897
29822	1897
29823	1897
29824	1897
29825	1898
29826	1898
29827	1898
29828	1898
29829	1899
29830	1899
29831	1899
29832	1899
29833	1900
29834	1900
29835	1900
29836	1900
29837	1901
29838	1901
29839	1901
29840	1901
29841	1902
29842	1902
29843	1902
29844	1902
29845	1903
29846	1903
29847	1903
29848	1903
29849	1904
29850	1904
29851	1904
29852	1904
29853	1905
29854	1905
29855	1905
29856	1905
29857	1906
29858	1906
29859	1906
29860	1906
29861	1907
29862	1907
29863	1907
29864	1907
29865	1908
29866	1908
29867	1908
29868	1908
29869	1909
29870	1909
29871	1909
29872	1909
29873	1910
29874	1910
29875	1910
29876	1910
29877	1911
29878	1911
29879	1911
29880	1911
29881	1912
29882	1912
29883	1912
29884	1912
29885	1913
29886	1913
29887	1913
29888	1913
29889	1914
29890	1914
29891	1914
29892	1914
29893	1915
29894	1915
29895	1915
29896	1915
29897	1916
29898	1916
29899	1916
29900	1916
29901	1917
29902	1917
29903	1917
29904	1917
29905	1918
29906	1918
29907	1918
29908	1918
29909	1919
29910	1919
29911	1919
29912	1919
29913	1920
29914	1920
29915	1920
29916	1920
29917	1921
29918	1921
29919	1921
29920	1921
29921	1922
29922	1922
29923	1922
29924	1922
29925	1923
29926	1923
29927	1923
29928	1923
29929	1924
29930	1924
29931	1924
29932	1924
29933	1925
29934	1925
29935	1925
29936	1925
29937	1926
29938	1926
29939	1926
29940	1926
29941	1927
29942	1927
29943	1927
29944	1927
29945	1928
29946	1928
29947	1928
29948	1928
29949	1929
29950	1929
29951	1929
29952	1929
29953	1930
29954	1930
29955	1930
29956	1930
29957	1931
29958	1931
29959	1931
29960	1931
29961	1932
29962	1932
29963	1932
29964	1932
29965	1933
29966	1933
29967	1933
29968	1933
29969	1934
29970	1934
29971	1934
29972	1934
29973	1935
29974	1935
29975	1935
29976	1935
29977	1936
29978	1936
29979	1936
29980	1936
29981	1937
29982	1937
29983	1937
29984	1937
29985	1938
29986	1938
29987	1938
29988	1938
29989	1939
29990	1939
29991	1939
29992	1939
29993	1940
29994	1940
29995	1940
29996	1940
29997	1941
29998	1941
29999	1941
30000	1941
30001	1942
30002	1942
30003	1942
30004	1942
30005	1943
30006	1943
30007	1943
30008	1943
30009	1944
30010	1944
30011	1944
30012	1944
30013	1945
30014	1945
30015	1945
30016	1945
30017	1946
30018	1946
30019	1946
30020	1946
30021	1947
30022	1947
30023	1947
30024	1947
30025	1948
30026	1948
30027	1948
30028	1948
30029	1949
30030	1949
30031	1949
30032	1949
30033	1950
30034	1950
30035	1950
30036	1950
30037	1951
30038	1951
30039	1951
30040	1951
30041	1952
30042	1952
30043	1952
30044	1952
30045	1953
30046	1953
30047	1953
30048	1953
30049	1954
30050	1954
30051	1954
30052	1954
30053	1955
30054	1955
30055	1955
30056	1955
30057	1956
30058	1956
30059	1956
30060	1956
30061	1957
30062	1957
30063	1957
30064	1957
30065	1958
30066	1958
30067	1958
30068	1958
30069	1959
30070	1959
30071	1959
30072	1959
30073	1960
30074	1960
30075	1960
30076	1960
30077	1961
30078	1961
30079	1961
30080	1961
30081	1962
30082	1962
30083	1962
30084	1962
30085	1963
30086	1963
30087	1963
30088	1963
30089	1964
30090	1964
30091	1964
30092	1964
30093	1965
30094	1965
30095	1965
30096	1965
30097	1966
30098	1966
30099	1966
30100	1966
30101	1967
30102	1967
30103	1967
30104	1967
30105	1968
30106	1968
30107	1968
30108	1968
30109	1969
30110	1969
30111	1969
30112	1969
30113	1970
30114	1970
30115	1970
30116	1970
30117	1971
30118	1971
30119	1971
30120	1971
30121	1972
30122	1972
30123	1972
30124	1972
30125	1973
30126	1973
30127	1973
30128	1973
30129	1974
30130	1974
30131	1974
30132	1974
30133	1975
30134	1975
30135	1975
30136	1975
30137	1976
30138	1976
30139	1976
30140	1976
30141	1977
30142	1977
30143	1977
30144	1977
30145	1978
30146	1978
30147	1978
30148	1978
30149	1979
30150	1979
30151	1979
30152	1979
30153	1980
30154	1980
30155	1980
30156	1980
30157	1981
30158	1981
30159	1981
30160	1981
30161	1982
30162	1982
30163	1982
30164	1982
30165	1983
30166	1983
30167	1983
30168	1983
30169	1920
30170	1920
30171	1920
30172	1920
30173	1921
30174	1921
30175	1921
30176	1921
30177	1922
30178	1922
30179	1922
30180	1922
30181	1923
30182	1923
30183	1923
30184	1923
30185	1924
30186	1924
30187	1924
30188	1924
30189	1925
30190	1925
30191	1925
30192	1925
30193	1926
30194	1926
30195	1926
30196	1926
30197	1927
30198	1927
30199	1927
30200	1927
30201	1928
30202	1928
30203	1928
30204	1928
30205	1929
30206	1929
30207	1929
30208	1929
30209	1930
30210	1930
30211	1930
30212	1930
30213	1931
30214	1931
30215	1931
30216	1931
30217	1932
30218	1932
30219	1932
30220	1932
30221	1933
30222	1933
30223	1933
30224	1933
30225	1934
30226	1934
30227	1934
30228	1934
30229	1935
30230	1935
30231	1935
30232	1935
30233	1936
30234	1936
30235	1936
30236	1936
30237	1937
30238	1937
30239	1937
30240	1937
30241	1938
30242	1938
30243	1938
30244	1938
30245	1939
30246	1939
30247	1939
30248	1939
30249	1940
30250	1940
30251	1940
30252	1940
30253	1941
30254	1941
30255	1941
30256	1941
30257	1942
30258	1942
30259	1942
30260	1942
30261	1943
30262	1943
30263	1943
30264	1943
30265	1944
30266	1944
30267	1944
30268	1944
30269	1945
30270	1945
30271	1945
30272	1945
30273	1946
30274	1946
30275	1946
30276	1946
30277	1947
30278	1947
30279	1947
30280	1947
30281	1948
30282	1948
30283	1948
30284	1948
30285	1949
30286	1949
30287	1949
30288	1949
30289	1950
30290	1950
30291	1950
30292	1950
30293	1951
30294	1951
30295	1951
30296	1951
30297	1952
30298	1952
30299	1952
30300	1952
30301	1953
30302	1953
30303	1953
30304	1953
30305	1954
30306	1954
30307	1954
30308	1954
30309	1955
30310	1955
30311	1955
30312	1955
30313	1956
30314	1956
30315	1956
30316	1956
30317	1957
30318	1957
30319	1957
30320	1957
30321	1958
30322	1958
30323	1958
30324	1958
30325	1959
30326	1959
30327	1959
30328	1959
30329	1960
30330	1960
30331	1960
30332	1960
30333	1961
30334	1961
30335	1961
30336	1961
30337	1962
30338	1962
30339	1962
30340	1962
30341	1963
30342	1963
30343	1963
30344	1963
30345	1964
30346	1964
30347	1964
30348	1964
30349	1965
30350	1965
30351	1965
30352	1965
30353	1966
30354	1966
30355	1966
30356	1966
30357	1967
30358	1967
30359	1967
30360	1967
30361	1968
30362	1968
30363	1968
30364	1968
30365	1969
30366	1969
30367	1969
30368	1969
30369	1970
30370	1970
30371	1970
30372	1970
30373	1971
30374	1971
30375	1971
30376	1971
30377	1972
30378	1972
30379	1972
30380	1972
30381	1973
30382	1973
30383	1973
30384	1973
30385	1974
30386	1974
30387	1974
30388	1974
30389	1975
30390	1975
30391	1975
30392	1975
30393	1976
30394	1976
30395	1976
30396	1976
30397	1977
30398	1977
30399	1977
30400	1977
30401	1978
30402	1978
30403	1978
30404	1978
30405	1979
30406	1979
30407	1979
30408	1979
30409	1980
30410	1980
30411	1980
30412	1980
30413	1981
30414	1981
30415	1981
30416	1981
30417	1982
30418	1982
30419	1982
30420	1982
30421	1983
30422	1983
30423	1983
30424	1983
30425	1920
30426	1920
30427	1920
30428	1920
30429	1921
30430	1921
30431	1921
30432	1921
30433	1922
30434	1922
30435	1922
30436	1922
30437	1923
30438	1923
30439	1923
30440	1923
30441	1924
30442	1924
30443	1924
30444	1924
30445	1925
30446	1925
30447	1925
30448	1925
30449	1926
30450	1926
30451	1926
30452	1926
30453	1927
30454	1927
30455	1927
30456	1927
30457	1928
30458	1928
30459	1928
30460	1928
30461	1929
30462	1929
30463	1929
30464	1929
30465	1930
30466	1930
30467	1930
30468	1930
30469	1931
30470	1931
30471	1931
30472	1931
30473	1932
30474	1932
30475	1932
30476	1932
30477	1933
30478	1933
30479	1933
30480	1933
30481	1934
30482	1934
30483	1934
30484	1934
30485	1935
30486	1935
30487	1935
30488	1935
30489	1936
30490	1936
30491	1936
30492	1936
30493	1937
30494	1937
30495	1937
30496	1937
30497	1938
30498	1938
30499	1938
30500	1938
30501	1939
30502	1939
30503	1939
30504	1939
30505	1940
30506	1940
30507	1940
30508	1940
30509	1941
30510	1941
30511	1941
30512	1941
30513	1942
30514	1942
30515	1942
30516	1942
30517	1943
30518	1943
30519	1943
30520	1943
30521	1944
30522	1944
30523	1944
30524	1944
30525	1945
30526	1945
30527	1945
30528	1945
30529	1946
30530	1946
30531	1946
30532	1946
30533	1947
30534	1947
30535	1947
30536	1947
30537	1948
30538	1948
30539	1948
30540	1948
30541	1949
30542	1949
30543	1949
30544	1949
30545	1950
30546	1950
30547	1950
30548	1950
30549	1951
30550	1951
30551	1951
30552	1951
30553	1952
30554	1952
30555	1952
30556	1952
30557	1953
30558	1953
30559	1953
30560	1953
30561	1954
30562	1954
30563	1954
30564	1954
30565	1955
30566	1955
30567	1955
30568	1955
30569	1956
30570	1956
30571	1956
30572	1956
30573	1957
30574	1957
30575	1957
30576	1957
30577	1958
30578	1958
30579	1958
30580	1958
30581	1959
30582	1959
30583	1959
30584	1959
30585	1960
30586	1960
30587	1960
30588	1960
30589	1961
30590	1961
30591	1961
30592	1961
30593	1962
30594	1962
30595	1962
30596	1962
30597	1963
30598	1963
30599	1963
30600	1963
30601	1964
30602	1964
30603	1964
30604	1964
30605	1965
30606	1965
30607	1965
30608	1965
30609	1966
30610	1966
30611	1966
30612	1966
30613	1967
30614	1967
30615	1967
30616	1967
30617	1968
30618	1968
30619	1968
30620	1968
30621	1969
30622	1969
30623	1969
30624	1969
30625	1970
30626	1970
30627	1970
30628	1970
30629	1971
30630	1971
30631	1971
30632	1971
30633	1972
30634	1972
30635	1972
30636	1972
30637	1973
30638	1973
30639	1973
30640	1973
30641	1974
30642	1974
30643	1974
30644	1974
30645	1975
30646	1975
30647	1975
30648	1975
30649	1976
30650	1976
30651	1976
30652	1976
30653	1977
30654	1977
30655	1977
30656	1977
30657	1978
30658	1978
30659	1978
30660	1978
30661	1979
30662	1979
30663	1979
30664	1979
30665	1980
30666	1980
30667	1980
30668	1980
30669	1981
30670	1981
30671	1981
30672	1981
30673	1982
30674	1982
30675	1982
30676	1982
30677	1983
30678	1983
30679	1983
30680	1983
30681	1920
30682	1920
30683	1920
30684	1920
30685	1921
30686	1921
30687	1921
30688	1921
30689	1922
30690	1922
30691	1922
30692	1922
30693	1923
30694	1923
30695	1923
30696	1923
30697	1924
30698	1924
30699	1924
30700	1924
30701	1925
30702	1925
30703	1925
30704	1925
30705	1926
30706	1926
30707	1926
30708	1926
30709	1927
30710	1927
30711	1927
30712	1927
30713	1928
30714	1928
30715	1928
30716	1928
30717	1929
30718	1929
30719	1929
30720	1929
30721	1930
30722	1930
30723	1930
30724	1930
30725	1931
30726	1931
30727	1931
30728	1931
30729	1932
30730	1932
30731	1932
30732	1932
30733	1933
30734	1933
30735	1933
30736	1933
30737	1934
30738	1934
30739	1934
30740	1934
30741	1935
30742	1935
30743	1935
30744	1935
30745	1936
30746	1936
30747	1936
30748	1936
30749	1937
30750	1937
30751	1937
30752	1937
30753	1938
30754	1938
30755	1938
30756	1938
30757	1939
30758	1939
30759	1939
30760	1939
30761	1940
30762	1940
30763	1940
30764	1940
30765	1941
30766	1941
30767	1941
30768	1941
30769	1942
30770	1942
30771	1942
30772	1942
30773	1943
30774	1943
30775	1943
30776	1943
30777	1944
30778	1944
30779	1944
30780	1944
30781	1945
30782	1945
30783	1945
30784	1945
30785	1946
30786	1946
30787	1946
30788	1946
30789	1947
30790	1947
30791	1947
30792	1947
30793	1948
30794	1948
30795	1948
30796	1948
30797	1949
30798	1949
30799	1949
30800	1949
30801	1950
30802	1950
30803	1950
30804	1950
30805	1951
30806	1951
30807	1951
30808	1951
30809	1952
30810	1952
30811	1952
30812	1952
30813	1953
30814	1953
30815	1953
30816	1953
30817	1954
30818	1954
30819	1954
30820	1954
30821	1955
30822	1955
30823	1955
30824	1955
30825	1956
30826	1956
30827	1956
30828	1956
30829	1957
30830	1957
30831	1957
30832	1957
30833	1958
30834	1958
30835	1958
30836	1958
30837	1959
30838	1959
30839	1959
30840	1959
30841	1960
30842	1960
30843	1960
30844	1960
30845	1961
30846	1961
30847	1961
30848	1961
30849	1962
30850	1962
30851	1962
30852	1962
30853	1963
30854	1963
30855	1963
30856	1963
30857	1964
30858	1964
30859	1964
30860	1964
30861	1965
30862	1965
30863	1965
30864	1965
30865	1966
30866	1966
30867	1966
30868	1966
30869	1967
30870	1967
30871	1967
30872	1967
30873	1968
30874	1968
30875	1968
30876	1968
30877	1969
30878	1969
30879	1969
30880	1969
30881	1970
30882	1970
30883	1970
30884	1970
30885	1971
30886	1971
30887	1971
30888	1971
30889	1972
30890	1972
30891	1972
30892	1972
30893	1973
30894	1973
30895	1973
30896	1973
30897	1974
30898	1974
30899	1974
30900	1974
30901	1975
30902	1975
30903	1975
30904	1975
30905	1976
30906	1976
30907	1976
30908	1976
30909	1977
30910	1977
30911	1977
30912	1977
30913	1978
30914	1978
30915	1978
30916	1978
30917	1979
30918	1979
30919	1979
30920	1979
30921	1980
30922	1980
30923	1980
30924	1980
30925	1981
30926	1981
30927	1981
30928	1981
30929	1982
30930	1982
30931	1982
30932	1982
30933	1983
30934	1983
30935	1983
30936	1983
30937	1984
30938	1984
30939	1984
30940	1984
30941	1985
30942	1985
30943	1985
30944	1985
30945	1986
30946	1986
30947	1986
30948	1986
30949	1987
30950	1987
30951	1987
30952	1987
30953	1988
30954	1988
30955	1988
30956	1988
30957	1989
30958	1989
30959	1989
30960	1989
30961	1990
30962	1990
30963	1990
30964	1990
30965	1991
30966	1991
30967	1991
30968	1991
30969	1992
30970	1992
30971	1992
30972	1992
30973	1993
30974	1993
30975	1993
30976	1993
30977	1994
30978	1994
30979	1994
30980	1994
30981	1995
30982	1995
30983	1995
30984	1995
30985	1996
30986	1996
30987	1996
30988	1996
30989	1997
30990	1997
30991	1997
30992	1997
30993	1998
30994	1998
30995	1998
30996	1998
30997	1999
30998	1999
30999	1999
31000	1999
31001	2000
31002	2000
31003	2000
31004	2000
31005	2001
31006	2001
31007	2001
31008	2001
31009	2002
31010	2002
31011	2002
31012	2002
31013	2003
31014	2003
31015	2003
31016	2003
31017	2004
31018	2004
31019	2004
31020	2004
31021	2005
31022	2005
31023	2005
31024	2005
31025	2006
31026	2006
31027	2006
31028	2006
31029	2007
31030	2007
31031	2007
31032	2007
31033	2008
31034	2008
31035	2008
31036	2008
31037	2009
31038	2009
31039	2009
31040	2009
31041	2010
31042	2010
31043	2010
31044	2010
31045	2011
31046	2011
31047	2011
31048	2011
31049	2012
31050	2012
31051	2012
31052	2012
31053	2013
31054	2013
31055	2013
31056	2013
31057	2014
31058	2014
31059	2014
31060	2014
31061	2015
31062	2015
31063	2015
31064	2015
31065	2016
31066	2016
31067	2016
31068	2016
31069	2017
31070	2017
31071	2017
31072	2017
31073	2018
31074	2018
31075	2018
31076	2018
31077	2019
31078	2019
31079	2019
31080	2019
31081	2020
31082	2020
31083	2020
31084	2020
31085	2021
31086	2021
31087	2021
31088	2021
31089	2022
31090	2022
31091	2022
31092	2022
31093	2023
31094	2023
31095	2023
31096	2023
31097	2024
31098	2024
31099	2024
31100	2024
31101	2025
31102	2025
31103	2025
31104	2025
31105	2026
31106	2026
31107	2026
31108	2026
31109	2027
31110	2027
31111	2027
31112	2027
31113	2028
31114	2028
31115	2028
31116	2028
31117	2029
31118	2029
31119	2029
31120	2029
31121	2030
31122	2030
31123	2030
31124	2030
31125	2031
31126	2031
31127	2031
31128	2031
31129	2032
31130	2032
31131	2032
31132	2032
31133	2033
31134	2033
31135	2033
31136	2033
31137	2034
31138	2034
31139	2034
31140	2034
31141	2035
31142	2035
31143	2035
31144	2035
31145	2036
31146	2036
31147	2036
31148	2036
31149	2037
31150	2037
31151	2037
31152	2037
31153	2038
31154	2038
31155	2038
31156	2038
31157	2039
31158	2039
31159	2039
31160	2039
31161	2040
31162	2040
31163	2040
31164	2040
31165	2041
31166	2041
31167	2041
31168	2041
31169	2042
31170	2042
31171	2042
31172	2042
31173	2043
31174	2043
31175	2043
31176	2043
31177	2044
31178	2044
31179	2044
31180	2044
31181	2045
31182	2045
31183	2045
31184	2045
31185	2046
31186	2046
31187	2046
31188	2046
31189	2047
31190	2047
31191	2047
31192	2047
31193	1984
31194	1984
31195	1984
31196	1984
31197	1985
31198	1985
31199	1985
31200	1985
31201	1986
31202	1986
31203	1986
31204	1986
31205	1987
31206	1987
31207	1987
31208	1987
31209	1988
31210	1988
31211	1988
31212	1988
31213	1989
31214	1989
31215	1989
31216	1989
31217	1990
31218	1990
31219	1990
31220	1990
31221	1991
31222	1991
31223	1991
31224	1991
31225	1992
31226	1992
31227	1992
31228	1992
31229	1993
31230	1993
31231	1993
31232	1993
31233	1994
31234	1994
31235	1994
31236	1994
31237	1995
31238	1995
31239	1995
31240	1995
31241	1996
31242	1996
31243	1996
31244	1996
31245	1997
31246	1997
31247	1997
31248	1997
31249	1998
31250	1998
31251	1998
31252	1998
31253	1999
31254	1999
31255	1999
31256	1999
31257	2000
31258	2000
31259	2000
31260	2000
31261	2001
31262	2001
31263	2001
31264	2001
31265	2002
31266	2002
31267	2002
31268	2002
31269	2003
31270	2003
31271	2003
31272	2003
31273	2004
31274	2004
31275	2004
31276	2004
31277	2005
31278	2005
31279	2005
31280	2005
31281	2006
31282	2006
31283	2006
31284	2006
31285	2007
31286	2007
31287	2007
31288	2007
31289	2008
31290	2008
31291	2008
31292	2008
31293	2009
31294	2009
31295	2009
31296	2009
31297	2010
31298	2010
31299	2010
31300	2010
31301	2011
31302	2011
31303	2011
31304	2011
31305	2012
31306	2012
31307	2012
31308	2012
31309	2013
31310	2013
31311	2013
31312	2013
31313	2014
31314	2014
31315	2014
31316	2014
31317	2015
31318	2015
31319	2015
31320	2015
31321	2016
31322	2016
31323	2016
31324	2016
31325	2017
31326	2017
31327	2017
31328	2017
31329	2018
31330	2018
31331	2018
31332	2018
31333	2019
31334	2019
31335	2019
31336	2019
31337	2020
31338	2020
31339	2020
31340	2020
31341	2021
31342	2021
31343	2021
31344	2021
31345	2022
31346	2022
31347	2022
31348	2022
31349	2023
31350	2023
31351	2023
31352	2023
31353	2024
31354	2024
31355	2024
31356	2024
31357	2025
31358	2025
31359	2025
31360	2025
31361	2026
31362	2026
31363	2026
31364	2026
31365	2027
31366	2027
31367	2027
31368	2027
31369	2028
31370	2028
31371	2028
31372	2028
31373	2029
31374	2029
31375	2029
31376	2029
31377	2030
31378	2030
31379	2030
31380	2030
31381	2031
31382	2031
31383	2031
31384	2031
31385	2032
31386	2032
31387	2032
31388	2032
31389	2033
31390	2033
31391	2033
31392	2033
31393	2034
31394	2034
31395	2034
31396	2034
31397	2035
31398	2035
31399	2035
31400	2035
31401	2036
31402	2036
31403	2036
31404	2036
31405	2037
31406	2037
31407	2037
31408	2037
31409	2038
31410	2038
31411	2038
31412	2038
31413	2039
31414	2039
31415	2039
31416	2039
31417	2040
31418	2040
31419	2040
31420	2040
31421	2041
31422	2041
31423	2041
31424	2041
31425	2042
31426	2042
31427	2042
31428	2042
31429	2043
31430	2043
31431	2043
31432	2043
31433	2044
31434	2044
31435	2044
31436	2044
31437	2045
31438	2045
31439	2045
31440	2045
31441	2046
31442	2046
31443	2046
31444	2046
31445	2047
31446	2047
31447	2047
31448	2047
31449	1984
31450	1984
31451	1984
31452	1984
31453	1985
31454	1985
31455	1985
31456	1985
31457	1986
31458	1986
31459	1986
31460	1986
31461	1987
31462	1987
31463	1987
31464	1987
31465	1988
31466	1988
31467	1988
31468	1988
31469	1989
31470	1989
31471	1989
31472	1989
31473	1990
31474	1990
31475	1990
31476	1990
31477	1991
31478	1991
31479	1991
31480	1991
31481	1992
31482	1992
31483	1992
31484	1992
31485	1993
31486	1993
31487	1993
31488	1993
31489	1994
31490	1994
31491	1994
31492	1994
31493	1995
31494	1995
31495	1995
31496	1995
31497	1996
31498	1996
31499	1996
31500	1996
31501	1997
31502	1997
31503	1997
31504	1997
31505	1998
31506	1998
31507	1998
31508	1998
31509	1999
31510	1999
31511	1999
31512	1999
31513	2000
31514	2000
31515	2000
31516	2000
31517	2001
31518	2001
31519	2001
31520	2001
31521	2002
31522	2002
31523	2002
31524	2002
31525	2003
31526	2003
31527	2003
31528	2003
31529	2004
31530	2004
31531	2004
31532	2004
31533	2005
31534	2005
31535	2005
31536	2005
31537	2006
31538	2006
31539	2006
31540	2006
31541	2007
31542	2007
31543	2007
31544	2007
31545	2008
31546	2008
31547	2008
31548	2008
31549	2009
31550	2009
31551	2009
31552	2009
31553	2010
31554	2010
31555	2010
31556	2010
31557	2011
31558	2011
31559	2011
31560	2011
31561	2012
31562	2012
31563	2012
31564	2012
31565	2013
31566	2013
31567	2013
31568	2013
31569	2014
31570	2014
31571	2014
31572	2014
31573	2015
31574	2015
31575	2015
31576	2015
31577	2016
31578	2016
31579	2016
31580	2016
31581	2017
31582	2017
31583	2017
31584	2017
31585	2018
31586	2018
31587	2018
31588	2018
31589	2019
31590	2019
31591	2019
31592	2019
31593	2020
31594	2020
31595	2020
31596	2020
31597	2021
31598	2021
31599	2021
31600	2021
31601	2022
31602	2022
31603	2022
31604	2022
31605	2023
31606	2023
31607	2023
31608	2023
31609	2024
31610	2024
31611	2024
31612	2024
31613	2025
31614	2025
31615	2025
31616	2025
31617	2026
31618	2026
31619	2026
31620	2026
31621	2027
31622	2027
31623	2027
31624	2027
31625	2028
31626	2028
31627	2028
31628	2028
31629	2029
31630	2029
31631	2029
31632	2029
31633	2030
31634	2030
31635	2030
31636	2030
31637	2031
31638	2031
31639	2031
31640	2031
31641	2032
31642	2032
31643	2032
31644	2032
31645	2033
31646	2033
31647	2033
31648	2033
31649	2034
31650	2034
31651	2034
31652	2034
31653	2035
31654	2035
31655	2035
31656	2035
31657	2036
31658	2036
31659	2036
31660	2036
31661	2037
31662	2037
31663	2037
31664	2037
31665	2038
31666	2038
31667	2038
31668	2038
31669	2039
31670	2039
31671	2039
31672	2039
31673	2040
31674	2040
31675	2040
31676	2040
31677	2041
31678	2041
31679	2041
31680	2041
31681	2042
31682	2042
31683	2042
31684	2042
31685	2043
31686	2043
31687	2043
31688	2043
31689	2044
31690	2044
31691	2044
31692	2044
31693	2045
31694	2045
31695	2045
31696	2045
31697	2046
31698	2046
31699	2046
31700	2046
31701	2047
31702	2047
31703	2047
31704	2047
31705	1984
31706	1984
31707	1984
31708	1984
31709	1985
31710	1985
31711	1985
31712	1985
31713	1986
31714	1986
31715	1986
31716	1986
31717	1987
31718	1987
31719	1987
31720	1987
31721	1988
31722	1988
31723	1988
31724	1988
31725	1989
31726	1989
31727	1989
31728	1989
31729	1990
31730	1990
31731	1990
31732	1990
31733	1991
31734	1991
31735	1991
31736	1991
31737	1992
31738	1992
31739	1992
31740	1992
31741	1993
31742	1993
31743	1993
31744	1993
31745	1994
31746	1994
31747	1994
31748	1994
31749	1995
31750	1995
31751	1995
31752	1995
31753	1996
31754	1996
31755	1996
31756	1996
31757	1997
31758	1997
31759	1997
31760	1997
31761	1998
31762	1998
31763	1998
31764	1998
31765	1999
31766	1999
31767	1999
31768	1999
31769	2000
31770	2000
31771	2000
31772	2000
31773	2001
31774	2001
31775	2001
31776	2001
31777	2002
31778	2002
31779	2002
31780	2002
31781	2003
31782	2003
31783	2003
31784	2003
31785	2004
31786	2004
31787	2004
31788	2004
31789	2005
31790	2005
31791	2005
31792	2005
31793	2006
31794	2006
31795	2006
31796	2006
31797	2007
31798	2007
31799	2007
31800	2007
31801	2008
31802	2008
31803	2008
31804	2008
31805	2009
31806	2009
31807	2009
31808	2009
31809	2010
31810	2010
31811	2010
31812	2010
31813	2011
31814	2011
31815	2011
31816	2011
31817	2012
31818	2012
31819	2012
31820	2012
31821	2013
31822	2013
31823	2013
31824	2013
31825	2014
31826	2014
31827	2014
31828	2014
31829	2015
31830	2015
31831	2015
31832	2015
31833	2016
31834	2016
31835	2016
31836	2016
31837	2017
31838	2017
31839	2017
31840	2017
31841	2018
31842	2018
31843	2018
31844	2018
31845	2019
31846	2019
31847	2019
31848	2019
31849	2020
31850	2020
31851	2020
31852	2020
31853	2021
31854	2021
31855	2021
31856	2021
31857	2022
31858	2022
31859	2022
31860	2022
31861	2023
31862	2023
31863	2023
31864	2023
31865	2024
31866	2024
31867	2024
31868	2024
31869	2025
31870	2025
31871	2025
31872	2025
31873	2026
31874	2026
31875	2026
31876	2026
31877	2027
31878	2027
31879	2027
31880	2027
31881	2028
31882	2028
31883	2028
31884	2028
31885	2029
31886	2029
31887	2029
31888	2029
31889	2030
31890	2030
31891	2030
31892	2030
31893	2031
31894	2031
31895	2031
31896	2031
31897	2032
31898	2032
31899	2032
31900	2032
31901	2033
31902	2033
31903	2033
31904	2033
31905	2034
31906	2034
31907	2034
31908	2034
31909	2035
31910	2035
31911	2035
31912	2035
31913	2036
31914	2036
31915	2036
31916	2036
31917	2037
31918	2037
31919	2037
31920	2037
31921	2038
31922	2038
31923	2038
31924	2038
31925	2039
31926	2039
31927	2039
31928	2039
31929	2040
31930	2040
31931	2040
31932	2040
31933	2041
31934	2041
31935	2041
31936	2041
31937	2042
31938	2042
31939	2042
31940	2042
31941	2043
31942	2043
31943	2043
31944	2043
31945	2044
31946	2044
31947	2044
31948	2044
31949	2045
31950	2045
31951	2045
31952	2045
31953	2046
31954	2046
31955	2046
31956	2046
31957	2047
31958	2047
31959	2047
31960	2047
31961	2048
31962	2048
31963	2048
31964	2048
31965	2049
31966	2049
31967	2049
31968	2049
31969	2050
31970	2050
31971	2050
31972	2050
31973	2051
31974	2051
31975	2051
31976	2051
31977	2052
31978	2052
31979	2052
31980	2052
31981	2053
31982	2053
31983	2053
31984	2053
31985	2054
31986	2054
31987	2054
31988	2054
31989	2055
31990	2055
31991	2055
31992	2055
31993	2056
31994	2056
31995	2056
31996	2056
31997	2057
31998	2057
31999	2057
32000	2057
32001	2058
32002	2058
32003	2058
32004	2058
32005	2059
32006	2059
32007	2059
32008	2059
32009	2060
32010	2060
32011	2060
32012	2060
32013	2061
32014	2061
32015	2061
32016	2061
32017	2062
32018	2062
32019	2062
32020	2062
32021	2063
32022	2063
32023	2063
32024	2063
32025	2064
32026	2064
32027	2064
32028	2064
32029	2065
32030	2065
32031	2065
32032	2065
32033	2066
32034	2066
32035	2066
32036	2066
32037	2067
32038	2067
32039	2067
32040	2067
32041	2068
32042	2068
32043	2068
32044	2068
32045	2069
32046	2069
32047	2069
32048	2069
32049	2070
32050	2070
32051	2070
32052	2070
32053	2071
32054	2071
32055	2071
32056	2071
32057	2072
32058	2072
32059	2072
32060	2072
32061	2073
32062	2073
32063	2073
32064	2073
32065	2074
32066	2074
32067	2074
32068	2074
32069	2075
32070	2075
32071	2075
32072	2075
32073	2076
32074	2076
32075	2076
32076	2076
32077	2077
32078	2077
32079	2077
32080	2077
32081	2078
32082	2078
32083	2078
32084	2078
32085	2079
32086	2079
32087	2079
32088	2079
32089	2080
32090	2080
32091	2080
32092	2080
32093	2081
32094	2081
32095	2081
32096	2081
32097	2082
32098	2082
32099	2082
32100	2082
32101	2083
32102	2083
32103	2083
32104	2083
32105	2084
32106	2084
32107	2084
32108	2084
32109	2085
32110	2085
32111	2085
32112	2085
32113	2086
32114	2086
32115	2086
32116	2086
32117	2087
32118	2087
32119	2087
32120	2087
32121	2088
32122	2088
32123	2088
32124	2088
32125	2089
32126	2089
32127	2089
32128	2089
32129	2090
32130	2090
32131	2090
32132	2090
32133	2091
32134	2091
32135	2091
32136	2091
32137	2092
32138	2092
32139	2092
32140	2092
32141	2093
32142	2093
32143	2093
32144	2093
32145	2094
32146	2094
32147	2094
32148	2094
32149	2095
32150	2095
32151	2095
32152	2095
32153	2096
32154	2096
32155	2096
32156	2096
32157	2097
32158	2097
32159	2097
32160	2097
32161	2098
32162	2098
32163	2098
32164	2098
32165	2099
32166	2099
32167	2099
32168	2099
32169	2100
32170	2100
32171	2100
32172	2100
32173	2101
32174	2101
32175	2101
32176	2101
32177	2102
32178	2102
32179	2102
32180	2102
32181	2103
32182	2103
32183	2103
32184	2103
32185	2104
32186	2104
32187	2104
32188	2104
32189	2105
32190	2105
32191	2105
32192	2105
32193	2106
32194	2106
32195	2106
32196	2106
32197	2107
32198	2107
32199	2107
32200	2107
32201	2108
32202	2108
32203	2108
32204	2108
32205	2109
32206	2109
32207	2109
32208	2109
32209	2110
32210	2110
32211	2110
32212	2110
32213	2111
32214	2111
32215	2111
32216	2111
32217	2048
32218	2048
32219	2048
32220	2048
32221	2049
32222	2049
32223	2049
32224	2049
32225	2050
32226	2050
32227	2050
32228	2050
32229	2051
32230	2051
32231	2051
32232	2051
32233	2052
32234	2052
32235	2052
32236	2052
32237	2053
32238	2053
32239	2053
32240	2053
32241	2054
32242	2054
32243	2054
32244	2054
32245	2055
32246	2055
32247	2055
32248	2055
32249	2056
32250	2056
32251	2056
32252	2056
32253	2057
32254	2057
32255	2057
32256	2057
32257	2058
32258	2058
32259	2058
32260	2058
32261	2059
32262	2059
32263	2059
32264	2059
32265	2060
32266	2060
32267	2060
32268	2060
32269	2061
32270	2061
32271	2061
32272	2061
32273	2062
32274	2062
32275	2062
32276	2062
32277	2063
32278	2063
32279	2063
32280	2063
32281	2064
32282	2064
32283	2064
32284	2064
32285	2065
32286	2065
32287	2065
32288	2065
32289	2066
32290	2066
32291	2066
32292	2066
32293	2067
32294	2067
32295	2067
32296	2067
32297	2068
32298	2068
32299	2068
32300	2068
32301	2069
32302	2069
32303	2069
32304	2069
32305	2070
32306	2070
32307	2070
32308	2070
32309	2071
32310	2071
32311	2071
32312	2071
32313	2072
32314	2072
32315	2072
32316	2072
32317	2073
32318	2073
32319	2073
32320	2073
32321	2074
32322	2074
32323	2074
32324	2074
32325	2075
32326	2075
32327	2075
32328	2075
32329	2076
32330	2076
32331	2076
32332	2076
32333	2077
32334	2077
32335	2077
32336	2077
32337	2078
32338	2078
32339	2078
32340	2078
32341	2079
32342	2079
32343	2079
32344	2079
32345	2080
32346	2080
32347	2080
32348	2080
32349	2081
32350	2081
32351	2081
32352	2081
32353	2082
32354	2082
32355	2082
32356	2082
32357	2083
32358	2083
32359	2083
32360	2083
32361	2084
32362	2084
32363	2084
32364	2084
32365	2085
32366	2085
32367	2085
32368	2085
32369	2086
32370	2086
32371	2086
32372	2086
32373	2087
32374	2087
32375	2087
32376	2087
32377	2088
32378	2088
32379	2088
32380	2088
32381	2089
32382	2089
32383	2089
32384	2089
32385	2090
32386	2090
32387	2090
32388	2090
32389	2091
32390	2091
32391	2091
32392	2091
32393	2092
32394	2092
32395	2092
32396	2092
32397	2093
32398	2093
32399	2093
32400	2093
32401	2094
32402	2094
32403	2094
32404	2094
32405	2095
32406	2095
32407	2095
32408	2095
32409	2096
32410	2096
32411	2096
32412	2096
32413	2097
32414	2097
32415	2097
32416	2097
32417	2098
32418	2098
32419	2098
32420	2098
32421	2099
32422	2099
32423	2099
32424	2099
32425	2100
32426	2100
32427	2100
32428	2100
32429	2101
32430	2101
32431	2101
32432	2101
32433	2102
32434	2102
32435	2102
32436	2102
32437	2103
32438	2103
32439	2103
32440	2103
32441	2104
32442	2104
32443	2104
32444	2104
32445	2105
32446	2105
32447	2105
32448	2105
32449	2106
32450	2106
32451	2106
32452	2106
32453	2107
32454	2107
32455	2107
32456	2107
32457	2108
32458	2108
32459	2108
32460	2108
32461	2109
32462	2109
32463	2109
32464	2109
32465	2110
32466	2110
32467	2110
32468	2110
32469	2111
32470	2111
32471	2111
32472	2111
32473	2048
32474	2048
32475	2048
32476	2048
32477	2049
32478	2049
32479	2049
32480	2049
32481	2050
32482	2050
32483	2050
32484	2050
32485	2051
32486	2051
32487	2051
32488	2051
32489	2052
32490	2052
32491	2052
32492	2052
32493	2053
32494	2053
32495	2053
32496	2053
32497	2054
32498	2054
32499	2054
32500	2054
32501	2055
32502	2055
32503	2055
32504	2055
32505	2056
32506	2056
32507	2056
32508	2056
32509	2057
32510	2057
32511	2057
32512	2057
32513	2058
32514	2058
32515	2058
32516	2058
32517	2059
32518	2059
32519	2059
32520	2059
32521	2060
32522	2060
32523	2060
32524	2060
32525	2061
32526	2061
32527	2061
32528	2061
32529	2062
32530	2062
32531	2062
32532	2062
32533	2063
32534	2063
32535	2063
32536	2063
32537	2064
32538	2064
32539	2064
32540	2064
32541	2065
32542	2065
32543	2065
32544	2065
32545	2066
32546	2066
32547	2066
32548	2066
32549	2067
32550	2067
32551	2067
32552	2067
32553	2068
32554	2068
32555	2068
32556	2068
32557	2069
32558	2069
32559	2069
32560	2069
32561	2070
32562	2070
32563	2070
32564	2070
32565	2071
32566	2071
32567	2071
32568	2071
32569	2072
32570	2072
32571	2072
32572	2072
32573	2073
32574	2073
32575	2073
32576	2073
32577	2074
32578	2074
32579	2074
32580	2074
32581	2075
32582	2075
32583	2075
32584	2075
32585	2076
32586	2076
32587	2076
32588	2076
32589	2077
32590	2077
32591	2077
32592	2077
32593	2078
32594	2078
32595	2078
32596	2078
32597	2079
32598	2079
32599	2079
32600	2079
32601	2080
32602	2080
32603	2080
32604	2080
32605	2081
32606	2081
32607	2081
32608	2081
32609	2082
32610	2082
32611	2082
32612	2082
32613	2083
32614	2083
32615	2083
32616	2083
32617	2084
32618	2084
32619	2084
32620	2084
32621	2085
32622	2085
32623	2085
32624	2085
32625	2086
32626	2086
32627	2086
32628	2086
32629	2087
32630	2087
32631	2087
32632	2087
32633	2088
32634	2088
32635	2088
32636	2088
32637	2089
32638	2089
32639	2089
32640	2089
32641	2090
32642	2090
32643	2090
32644	2090
32645	2091
32646	2091
32647	2091
32648	2091
32649	2092
32650	2092
32651	2092
32652	2092
32653	2093
32654	2093
32655	2093
32656	2093
32657	2094
32658	2094
32659	2094
32660	2094
32661	2095
32662	2095
32663	2095
32664	2095
32665	2096
32666	2096
32667	2096
32668	2096
32669	2097
32670	2097
32671	2097
32672	2097
32673	2098
32674	2098
32675	2098
32676	2098
32677	2099
32678	2099
32679	2099
32680	2099
32681	2100
32682	2100
32683	2100
32684	2100
32685	2101
32686	2101
32687	2101
32688	2101
32689	2102
32690	2102
32691	2102
32692	2102
32693	2103
32694	2103
32695	2103
32696	2103
32697	2104
32698	2104
32699	2104
32700	2104
32701	2105
32702	2105
32703	2105
32704	2105
32705	2106
32706	2106
32707	2106
32708	2106
32709	2107
32710	2107
32711	2107
32712	2107
32713	2108
32714	2108
32715	2108
32716	2108
32717	2109
32718	2109
32719	2109
32720	2109
32721	2110
32722	2110
32723	2110
32724	2110
32725	2111
32726	2111
32727	2111
32728	2111
32729	2048
32730	2048
32731	2048
32732	2048
32733	2049
32734	2049
32735	2049
32736	2049
32737	2050
32738	2050
32739	2050
32740	2050
32741	2051
32742	2051
32743	2051
32744	2051
32745	2052
32746	2052
32747	2052
32748	2052
32749	2053
32750	2053
32751	2053
32752	2053
32753	2054
32754	2054
32755	2054
32756	2054
32757	2055
32758	2055
32759	2055
32760	2055
32761	2056
32762	2056
32763	2056
32764	2056
32765	2057
32766	2057
32767	2057
32768	2057
32769	2058
32770	2058
32771	2058
32772	2058
32773	2059
32774	2059
32775	2059
32776	2059
32777	2060
32778	2060
32779	2060
32780	2060
32781	2061
32782	2061
32783	2061
32784	2061
32785	2062
32786	2062
32787	2062
32788	2062
32789	2063
32790	2063
32791	2063
32792	2063
32793	2064
32794	2064
32795	2064
32796	2064
32797	2065
32798	2065
32799	2065
32800	2065
32801	2066
32802	2066
32803	2066
32804	2066
32805	2067
32806	2067
32807	2067
32808	2067
32809	2068
32810	2068
32811	2068
32812	2068
32813	2069
32814	2069
32815	2069
32816	2069
32817	2070
32818	2070
32819	2070
32820	2070
32821	2071
32822	2071
32823	2071
32824	2071
32825	2072
32826	2072
32827	2072
32828	2072
32829	2073
32830	2073
32831	2073
32832	2073
32833	2074
32834	2074
32835	2074
32836	2074
32837	2075
32838	2075
32839	2075
32840	2075
32841	2076
32842	2076
32843	2076
32844	2076
32845	2077
32846	2077
32847	2077
32848	2077
32849	2078
32850	2078
32851	2078
32852	2078
32853	2079
32854	2079
32855	2079
32856	2079
32857	2080
32858	2080
32859	2080
32860	2080
32861	2081
32862	2081
32863	2081
32864	2081
32865	2082
32866	2082
32867	2082
32868	2082
32869	2083
32870	2083
32871	2083
32872	2083
32873	2084
32874	2084
32875	2084
32876	2084
32877	2085
32878	2085
32879	2085
32880	2085
32881	2086
32882	2086
32883	2086
32884	2086
32885	2087
32886	2087
32887	2087
32888	2087
32889	2088
32890	2088
32891	2088
32892	2088
32893	2089
32894	2089
32895	2089
32896	2089
32897	2090
32898	2090
32899	2090
32900	2090
32901	2091
32902	2091
32903	2091
32904	2091
32905	2092
32906	2092
32907	2092
32908	2092
32909	2093
32910	2093
32911	2093
32912	2093
32913	2094
32914	2094
32915	2094
32916	2094
32917	2095
32918	2095
32919	2095
32920	2095
32921	2096
32922	2096
32923	2096
32924	2096
32925	2097
32926	2097
32927	2097
32928	2097
32929	2098
32930	2098
32931	2098
32932	2098
32933	2099
32934	2099
32935	2099
32936	2099
32937	2100
32938	2100
32939	2100
32940	2100
32941	2101
32942	2101
32943	2101
32944	2101
32945	2102
32946	2102
32947	2102
32948	2102
32949	2103
32950	2103
32951	2103
32952	2103
32953	2104
32954	2104
32955	2104
32956	2104
32957	2105
32958	2105
32959	2105
32960	2105
32961	2106
32962	2106
32963	2106
32964	2106
32965	2107
32966	2107
32967	2107
32968	2107
32969	2108
32970	2108
32971	2108
32972	2108
32973	2109
32974	2109
32975	2109
32976	2109
32977	2110
32978	2110
32979	2110
32980	2110
32981	2111
32982	2111
32983	2111
32984	2111
32985	2112
32986	2112
32987	2112
32988	2112
32989	2113
32990	2113
32991	2113
32992	2113
32993	2114
32994	2114
32995	2114
32996	2114
32997	2115
32998	2115
32999	2115
33000	2115
33001	2116
33002	2116
33003	2116
33004	2116
33005	2117
33006	2117
33007	2117
33008	2117
33009	2118
33010	2118
33011	2118
33012	2118
33013	2119
33014	2119
33015	2119
33016	2119
33017	2120
33018	2120
33019	2120
33020	2120
33021	2121
33022	2121
33023	2121
33024	2121
33025	2122
33026	2122
33027	2122
33028	2122
33029	2123
33030	2123
33031	2123
33032	2123
33033	2124
33034	2124
33035	2124
33036	2124
33037	2125
33038	2125
33039	2125
33040	2125
33041	2126
33042	2126
33043	2126
33044	2126
33045	2127
33046	2127
33047	2127
33048	2127
33049	2128
33050	2128
33051	2128
33052	2128
33053	2129
33054	2129
33055	2129
33056	2129
33057	2130
33058	2130
33059	2130
33060	2130
33061	2131
33062	2131
33063	2131
33064	2131
33065	2132
33066	2132
33067	2132
33068	2132
33069	2133
33070	2133
33071	2133
33072	2133
33073	2134
33074	2134
33075	2134
33076	2134
33077	2135
33078	2135
33079	2135
33080	2135
33081	2136
33082	2136
33083	2136
33084	2136
33085	2137
33086	2137
33087	2137
33088	2137
33089	2138
33090	2138
33091	2138
33092	2138
33093	2139
33094	2139
33095	2139
33096	2139
33097	2140
33098	2140
33099	2140
33100	2140
33101	2141
33102	2141
33103	2141
33104	2141
33105	2142
33106	2142
33107	2142
33108	2142
33109	2143
33110	2143
33111	2143
33112	2143
33113	2144
33114	2144
33115	2144
33116	2144
33117	2145
33118	2145
33119	2145
33120	2145
33121	2146
33122	2146
33123	2146
33124	2146
33125	2147
33126	2147
33127	2147
33128	2147
33129	2148
33130	2148
33131	2148
33132	2148
33133	2149
33134	2149
33135	2149
33136	2149
33137	2150
33138	2150
33139	2150
33140	2150
33141	2151
33142	2151
33143	2151
33144	2151
33145	2152
33146	2152
33147	2152
33148	2152
33149	2153
33150	2153
33151	2153
33152	2153
33153	2154
33154	2154
33155	2154
33156	2154
33157	2155
33158	2155
33159	2155
33160	2155
33161	2156
33162	2156
33163	2156
33164	2156
33165	2157
33166	2157
33167	2157
33168	2157
33169	2158
33170	2158
33171	2158
33172	2158
33173	2159
33174	2159
33175	2159
33176	2159
33177	2160
33178	2160
33179	2160
33180	2160
33181	2161
33182	2161
33183	2161
33184	2161
33185	2162
33186	2162
33187	2162
33188	2162
33189	2163
33190	2163
33191	2163
33192	2163
33193	2164
33194	2164
33195	2164
33196	2164
33197	2165
33198	2165
33199	2165
33200	2165
33201	2166
33202	2166
33203	2166
33204	2166
33205	2167
33206	2167
33207	2167
33208	2167
33209	2168
33210	2168
33211	2168
33212	2168
33213	2169
33214	2169
33215	2169
33216	2169
33217	2170
33218	2170
33219	2170
33220	2170
33221	2171
33222	2171
33223	2171
33224	2171
33225	2172
33226	2172
33227	2172
33228	2172
33229	2173
33230	2173
33231	2173
33232	2173
33233	2174
33234	2174
33235	2174
33236	2174
33237	2175
33238	2175
33239	2175
33240	2175
33241	2112
33242	2112
33243	2112
33244	2112
33245	2113
33246	2113
33247	2113
33248	2113
33249	2114
33250	2114
33251	2114
33252	2114
33253	2115
33254	2115
33255	2115
33256	2115
33257	2116
33258	2116
33259	2116
33260	2116
33261	2117
33262	2117
33263	2117
33264	2117
33265	2118
33266	2118
33267	2118
33268	2118
33269	2119
33270	2119
33271	2119
33272	2119
33273	2120
33274	2120
33275	2120
33276	2120
33277	2121
33278	2121
33279	2121
33280	2121
33281	2122
33282	2122
33283	2122
33284	2122
33285	2123
33286	2123
33287	2123
33288	2123
33289	2124
33290	2124
33291	2124
33292	2124
33293	2125
33294	2125
33295	2125
33296	2125
33297	2126
33298	2126
33299	2126
33300	2126
33301	2127
33302	2127
33303	2127
33304	2127
33305	2128
33306	2128
33307	2128
33308	2128
33309	2129
33310	2129
33311	2129
33312	2129
33313	2130
33314	2130
33315	2130
33316	2130
33317	2131
33318	2131
33319	2131
33320	2131
33321	2132
33322	2132
33323	2132
33324	2132
33325	2133
33326	2133
33327	2133
33328	2133
33329	2134
33330	2134
33331	2134
33332	2134
33333	2135
33334	2135
33335	2135
33336	2135
33337	2136
33338	2136
33339	2136
33340	2136
33341	2137
33342	2137
33343	2137
33344	2137
33345	2138
33346	2138
33347	2138
33348	2138
33349	2139
33350	2139
33351	2139
33352	2139
33353	2140
33354	2140
33355	2140
33356	2140
33357	2141
33358	2141
33359	2141
33360	2141
33361	2142
33362	2142
33363	2142
33364	2142
33365	2143
33366	2143
33367	2143
33368	2143
33369	2144
33370	2144
33371	2144
33372	2144
33373	2145
33374	2145
33375	2145
33376	2145
33377	2146
33378	2146
33379	2146
33380	2146
33381	2147
33382	2147
33383	2147
33384	2147
33385	2148
33386	2148
33387	2148
33388	2148
33389	2149
33390	2149
33391	2149
33392	2149
33393	2150
33394	2150
33395	2150
33396	2150
33397	2151
33398	2151
33399	2151
33400	2151
33401	2152
33402	2152
33403	2152
33404	2152
33405	2153
33406	2153
33407	2153
33408	2153
33409	2154
33410	2154
33411	2154
33412	2154
33413	2155
33414	2155
33415	2155
33416	2155
33417	2156
33418	2156
33419	2156
33420	2156
33421	2157
33422	2157
33423	2157
33424	2157
33425	2158
33426	2158
33427	2158
33428	2158
33429	2159
33430	2159
33431	2159
33432	2159
33433	2160
33434	2160
33435	2160
33436	2160
33437	2161
33438	2161
33439	2161
33440	2161
33441	2162
33442	2162
33443	2162
33444	2162
33445	2163
33446	2163
33447	2163
33448	2163
33449	2164
33450	2164
33451	2164
33452	2164
33453	2165
33454	2165
33455	2165
33456	2165
33457	2166
33458	2166
33459	2166
33460	2166
33461	2167
33462	2167
33463	2167
33464	2167
33465	2168
33466	2168
33467	2168
33468	2168
33469	2169
33470	2169
33471	2169
33472	2169
33473	2170
33474	2170
33475	2170
33476	2170
33477	2171
33478	2171
33479	2171
33480	2171
33481	2172
33482	2172
33483	2172
33484	2172
33485	2173
33486	2173
33487	2173
33488	2173
33489	2174
33490	2174
33491	2174
33492	2174
33493	2175
33494	2175
33495	2175
33496	2175
33497	2112
33498	2112
33499	2112
33500	2112
33501	2113
33502	2113
33503	2113
33504	2113
33505	2114
33506	2114
33507	2114
33508	2114
33509	2115
33510	2115
33511	2115
33512	2115
33513	2116
33514	2116
33515	2116
33516	2116
33517	2117
33518	2117
33519	2117
33520	2117
33521	2118
33522	2118
33523	2118
33524	2118
33525	2119
33526	2119
33527	2119
33528	2119
33529	2120
33530	2120
33531	2120
33532	2120
33533	2121
33534	2121
33535	2121
33536	2121
33537	2122
33538	2122
33539	2122
33540	2122
33541	2123
33542	2123
33543	2123
33544	2123
33545	2124
33546	2124
33547	2124
33548	2124
33549	2125
33550	2125
33551	2125
33552	2125
33553	2126
33554	2126
33555	2126
33556	2126
33557	2127
33558	2127
33559	2127
33560	2127
33561	2128
33562	2128
33563	2128
33564	2128
33565	2129
33566	2129
33567	2129
33568	2129
33569	2130
33570	2130
33571	2130
33572	2130
33573	2131
33574	2131
33575	2131
33576	2131
33577	2132
33578	2132
33579	2132
33580	2132
33581	2133
33582	2133
33583	2133
33584	2133
33585	2134
33586	2134
33587	2134
33588	2134
33589	2135
33590	2135
33591	2135
33592	2135
33593	2136
33594	2136
33595	2136
33596	2136
33597	2137
33598	2137
33599	2137
33600	2137
33601	2138
33602	2138
33603	2138
33604	2138
33605	2139
33606	2139
33607	2139
33608	2139
33609	2140
33610	2140
33611	2140
33612	2140
33613	2141
33614	2141
33615	2141
33616	2141
33617	2142
33618	2142
33619	2142
33620	2142
33621	2143
33622	2143
33623	2143
33624	2143
33625	2144
33626	2144
33627	2144
33628	2144
33629	2145
33630	2145
33631	2145
33632	2145
33633	2146
33634	2146
33635	2146
33636	2146
33637	2147
33638	2147
33639	2147
33640	2147
33641	2148
33642	2148
33643	2148
33644	2148
33645	2149
33646	2149
33647	2149
33648	2149
33649	2150
33650	2150
33651	2150
33652	2150
33653	2151
33654	2151
33655	2151
33656	2151
33657	2152
33658	2152
33659	2152
33660	2152
33661	2153
33662	2153
33663	2153
33664	2153
33665	2154
33666	2154
33667	2154
33668	2154
33669	2155
33670	2155
33671	2155
33672	2155
33673	2156
33674	2156
33675	2156
33676	2156
33677	2157
33678	2157
33679	2157
33680	2157
33681	2158
33682	2158
33683	2158
33684	2158
33685	2159
33686	2159
33687	2159
33688	2159
33689	2160
33690	2160
33691	2160
33692	2160
33693	2161
33694	2161
33695	2161
33696	2161
33697	2162
33698	2162
33699	2162
33700	2162
33701	2163
33702	2163
33703	2163
33704	2163
33705	2164
33706	2164
33707	2164
33708	2164
33709	2165
33710	2165
33711	2165
33712	2165
33713	2166
33714	2166
33715	2166
33716	2166
33717	2167
33718	2167
33719	2167
33720	2167
33721	2168
33722	2168
33723	2168
33724	2168
33725	2169
33726	2169
33727	2169
33728	2169
33729	2170
33730	2170
33731	2170
33732	2170
33733	2171
33734	2171
33735	2171
33736	2171
33737	2172
33738	2172
33739	2172
33740	2172
33741	2173
33742	2173
33743	2173
33744	2173
33745	2174
33746	2174
33747	2174
33748	2174
33749	2175
33750	2175
33751	2175
33752	2175
33753	2112
33754	2112
33755	2112
33756	2112
33757	2113
33758	2113
33759	2113
33760	2113
33761	2114
33762	2114
33763	2114
33764	2114
33765	2115
33766	2115
33767	2115
33768	2115
33769	2116
33770	2116
33771	2116
33772	2116
33773	2117
33774	2117
33775	2117
33776	2117
33777	2118
33778	2118
33779	2118
33780	2118
33781	2119
33782	2119
33783	2119
33784	2119
33785	2120
33786	2120
33787	2120
33788	2120
33789	2121
33790	2121
33791	2121
33792	2121
33793	2122
33794	2122
33795	2122
33796	2122
33797	2123
33798	2123
33799	2123
33800	2123
33801	2124
33802	2124
33803	2124
33804	2124
33805	2125
33806	2125
33807	2125
33808	2125
33809	2126
33810	2126
33811	2126
33812	2126
33813	2127
33814	2127
33815	2127
33816	2127
33817	2128
33818	2128
33819	2128
33820	2128
33821	2129
33822	2129
33823	2129
33824	2129
33825	2130
33826	2130
33827	2130
33828	2130
33829	2131
33830	2131
33831	2131
33832	2131
33833	2132
33834	2132
33835	2132
33836	2132
33837	2133
33838	2133
33839	2133
33840	2133
33841	2134
33842	2134
33843	2134
33844	2134
33845	2135
33846	2135
33847	2135
33848	2135
33849	2136
33850	2136
33851	2136
33852	2136
33853	2137
33854	2137
33855	2137
33856	2137
33857	2138
33858	2138
33859	2138
33860	2138
33861	2139
33862	2139
33863	2139
33864	2139
33865	2140
33866	2140
33867	2140
33868	2140
33869	2141
33870	2141
33871	2141
33872	2141
33873	2142
33874	2142
33875	2142
33876	2142
33877	2143
33878	2143
33879	2143
33880	2143
33881	2144
33882	2144
33883	2144
33884	2144
33885	2145
33886	2145
33887	2145
33888	2145
33889	2146
33890	2146
33891	2146
33892	2146
33893	2147
33894	2147
33895	2147
33896	2147
33897	2148
33898	2148
33899	2148
33900	2148
33901	2149
33902	2149
33903	2149
33904	2149
33905	2150
33906	2150
33907	2150
33908	2150
33909	2151
33910	2151
33911	2151
33912	2151
33913	2152
33914	2152
33915	2152
33916	2152
33917	2153
33918	2153
33919	2153
33920	2153
33921	2154
33922	2154
33923	2154
33924	2154
33925	2155
33926	2155
33927	2155
33928	2155
33929	2156
33930	2156
33931	2156
33932	2156
33933	2157
33934	2157
33935	2157
33936	2157
33937	2158
33938	2158
33939	2158
33940	2158
33941	2159
33942	2159
33943	2159
33944	2159
33945	2160
33946	2160
33947	2160
33948	2160
33949	2161
33950	2161
33951	2161
33952	2161
33953	2162
33954	2162
33955	2162
33956	2162
33957	2163
33958	2163
33959	2163
33960	2163
33961	2164
33962	2164
33963	2164
33964	2164
33965	2165
33966	2165
33967	2165
33968	2165
33969	2166
33970	2166
33971	2166
33972	2166
33973	2167
33974	2167
33975	2167
33976	2167
33977	2168
33978	2168
33979	2168
33980	2168
33981	2169
33982	2169
33983	2169
33984	2169
33985	2170
33986	2170
33987	2170
33988	2170
33989	2171
33990	2171
33991	2171
33992	2171
33993	2172
33994	2172
33995	2172
33996	2172
33997	2173
33998	2173
33999	2173
34000	2173
34001	2174
34002	2174
34003	2174
34004	2174
34005	2175
34006	2175
34007	2175
34008	2175
34009	2176
34010	2176
34011	2176
34012	2176
34013	2177
34014	2177
34015	2177
34016	2177
34017	2178
34018	2178
34019	2178
34020	2178
34021	2179
34022	2179
34023	2179
34024	2179
34025	2180
34026	2180
34027	2180
34028	2180
34029	2181
34030	2181
34031	2181
34032	2181
34033	2182
34034	2182
34035	2182
34036	2182
34037	2183
34038	2183
34039	2183
34040	2183
34041	2184
34042	2184
34043	2184
34044	2184
34045	2185
34046	2185
34047	2185
34048	2185
34049	2186
34050	2186
34051	2186
34052	2186
34053	2187
34054	2187
34055	2187
34056	2187
34057	2188
34058	2188
34059	2188
34060	2188
34061	2189
34062	2189
34063	2189
34064	2189
34065	2190
34066	2190
34067	2190
34068	2190
34069	2191
34070	2191
34071	2191
34072	2191
34073	2192
34074	2192
34075	2192
34076	2192
34077	2193
34078	2193
34079	2193
34080	2193
34081	2194
34082	2194
34083	2194
34084	2194
34085	2195
34086	2195
34087	2195
34088	2195
34089	2196
34090	2196
34091	2196
34092	2196
34093	2197
34094	2197
34095	2197
34096	2197
34097	2198
34098	2198
34099	2198
34100	2198
34101	2199
34102	2199
34103	2199
34104	2199
34105	2200
34106	2200
34107	2200
34108	2200
34109	2201
34110	2201
34111	2201
34112	2201
34113	2202
34114	2202
34115	2202
34116	2202
34117	2203
34118	2203
34119	2203
34120	2203
34121	2204
34122	2204
34123	2204
34124	2204
34125	2205
34126	2205
34127	2205
34128	2205
34129	2206
34130	2206
34131	2206
34132	2206
34133	2207
34134	2207
34135	2207
34136	2207
34137	2208
34138	2208
34139	2208
34140	2208
34141	2209
34142	2209
34143	2209
34144	2209
34145	2210
34146	2210
34147	2210
34148	2210
34149	2211
34150	2211
34151	2211
34152	2211
34153	2212
34154	2212
34155	2212
34156	2212
34157	2213
34158	2213
34159	2213
34160	2213
34161	2214
34162	2214
34163	2214
34164	2214
34165	2215
34166	2215
34167	2215
34168	2215
34169	2216
34170	2216
34171	2216
34172	2216
34173	2217
34174	2217
34175	2217
34176	2217
34177	2218
34178	2218
34179	2218
34180	2218
34181	2219
34182	2219
34183	2219
34184	2219
34185	2220
34186	2220
34187	2220
34188	2220
34189	2221
34190	2221
34191	2221
34192	2221
34193	2222
34194	2222
34195	2222
34196	2222
34197	2223
34198	2223
34199	2223
34200	2223
34201	2224
34202	2224
34203	2224
34204	2224
34205	2225
34206	2225
34207	2225
34208	2225
34209	2226
34210	2226
34211	2226
34212	2226
34213	2227
34214	2227
34215	2227
34216	2227
34217	2228
34218	2228
34219	2228
34220	2228
34221	2229
34222	2229
34223	2229
34224	2229
34225	2230
34226	2230
34227	2230
34228	2230
34229	2231
34230	2231
34231	2231
34232	2231
34233	2232
34234	2232
34235	2232
34236	2232
34237	2233
34238	2233
34239	2233
34240	2233
34241	2234
34242	2234
34243	2234
34244	2234
34245	2235
34246	2235
34247	2235
34248	2235
34249	2236
34250	2236
34251	2236
34252	2236
34253	2237
34254	2237
34255	2237
34256	2237
34257	2238
34258	2238
34259	2238
34260	2238
34261	2239
34262	2239
34263	2239
34264	2239
34265	2176
34266	2176
34267	2176
34268	2176
34269	2177
34270	2177
34271	2177
34272	2177
34273	2178
34274	2178
34275	2178
34276	2178
34277	2179
34278	2179
34279	2179
34280	2179
34281	2180
34282	2180
34283	2180
34284	2180
34285	2181
34286	2181
34287	2181
34288	2181
34289	2182
34290	2182
34291	2182
34292	2182
34293	2183
34294	2183
34295	2183
34296	2183
34297	2184
34298	2184
34299	2184
34300	2184
34301	2185
34302	2185
34303	2185
34304	2185
34305	2186
34306	2186
34307	2186
34308	2186
34309	2187
34310	2187
34311	2187
34312	2187
34313	2188
34314	2188
34315	2188
34316	2188
34317	2189
34318	2189
34319	2189
34320	2189
34321	2190
34322	2190
34323	2190
34324	2190
34325	2191
34326	2191
34327	2191
34328	2191
34329	2192
34330	2192
34331	2192
34332	2192
34333	2193
34334	2193
34335	2193
34336	2193
34337	2194
34338	2194
34339	2194
34340	2194
34341	2195
34342	2195
34343	2195
34344	2195
34345	2196
34346	2196
34347	2196
34348	2196
34349	2197
34350	2197
34351	2197
34352	2197
34353	2198
34354	2198
34355	2198
34356	2198
34357	2199
34358	2199
34359	2199
34360	2199
34361	2200
34362	2200
34363	2200
34364	2200
34365	2201
34366	2201
34367	2201
34368	2201
34369	2202
34370	2202
34371	2202
34372	2202
34373	2203
34374	2203
34375	2203
34376	2203
34377	2204
34378	2204
34379	2204
34380	2204
34381	2205
34382	2205
34383	2205
34384	2205
34385	2206
34386	2206
34387	2206
34388	2206
34389	2207
34390	2207
34391	2207
34392	2207
34393	2208
34394	2208
34395	2208
34396	2208
34397	2209
34398	2209
34399	2209
34400	2209
34401	2210
34402	2210
34403	2210
34404	2210
34405	2211
34406	2211
34407	2211
34408	2211
34409	2212
34410	2212
34411	2212
34412	2212
34413	2213
34414	2213
34415	2213
34416	2213
34417	2214
34418	2214
34419	2214
34420	2214
34421	2215
34422	2215
34423	2215
34424	2215
34425	2216
34426	2216
34427	2216
34428	2216
34429	2217
34430	2217
34431	2217
34432	2217
34433	2218
34434	2218
34435	2218
34436	2218
34437	2219
34438	2219
34439	2219
34440	2219
34441	2220
34442	2220
34443	2220
34444	2220
34445	2221
34446	2221
34447	2221
34448	2221
34449	2222
34450	2222
34451	2222
34452	2222
34453	2223
34454	2223
34455	2223
34456	2223
34457	2224
34458	2224
34459	2224
34460	2224
34461	2225
34462	2225
34463	2225
34464	2225
34465	2226
34466	2226
34467	2226
34468	2226
34469	2227
34470	2227
34471	2227
34472	2227
34473	2228
34474	2228
34475	2228
34476	2228
34477	2229
34478	2229
34479	2229
34480	2229
34481	2230
34482	2230
34483	2230
34484	2230
34485	2231
34486	2231
34487	2231
34488	2231
34489	2232
34490	2232
34491	2232
34492	2232
34493	2233
34494	2233
34495	2233
34496	2233
34497	2234
34498	2234
34499	2234
34500	2234
34501	2235
34502	2235
34503	2235
34504	2235
34505	2236
34506	2236
34507	2236
34508	2236
34509	2237
34510	2237
34511	2237
34512	2237
34513	2238
34514	2238
34515	2238
34516	2238
34517	2239
34518	2239
34519	2239
34520	2239
34521	2176
34522	2176
34523	2176
34524	2176
34525	2177
34526	2177
34527	2177
34528	2177
34529	2178
34530	2178
34531	2178
34532	2178
34533	2179
34534	2179
34535	2179
34536	2179
34537	2180
34538	2180
34539	2180
34540	2180
34541	2181
34542	2181
34543	2181
34544	2181
34545	2182
34546	2182
34547	2182
34548	2182
34549	2183
34550	2183
34551	2183
34552	2183
34553	2184
34554	2184
34555	2184
34556	2184
34557	2185
34558	2185
34559	2185
34560	2185
34561	2186
34562	2186
34563	2186
34564	2186
34565	2187
34566	2187
34567	2187
34568	2187
34569	2188
34570	2188
34571	2188
34572	2188
34573	2189
34574	2189
34575	2189
34576	2189
34577	2190
34578	2190
34579	2190
34580	2190
34581	2191
34582	2191
34583	2191
34584	2191
34585	2192
34586	2192
34587	2192
34588	2192
34589	2193
34590	2193
34591	2193
34592	2193
34593	2194
34594	2194
34595	2194
34596	2194
34597	2195
34598	2195
34599	2195
34600	2195
34601	2196
34602	2196
34603	2196
34604	2196
34605	2197
34606	2197
34607	2197
34608	2197
34609	2198
34610	2198
34611	2198
34612	2198
34613	2199
34614	2199
34615	2199
34616	2199
34617	2200
34618	2200
34619	2200
34620	2200
34621	2201
34622	2201
34623	2201
34624	2201
34625	2202
34626	2202
34627	2202
34628	2202
34629	2203
34630	2203
34631	2203
34632	2203
34633	2204
34634	2204
34635	2204
34636	2204
34637	2205
34638	2205
34639	2205
34640	2205
34641	2206
34642	2206
34643	2206
34644	2206
34645	2207
34646	2207
34647	2207
34648	2207
34649	2208
34650	2208
34651	2208
34652	2208
34653	2209
34654	2209
34655	2209
34656	2209
34657	2210
34658	2210
34659	2210
34660	2210
34661	2211
34662	2211
34663	2211
34664	2211
34665	2212
34666	2212
34667	2212
34668	2212
34669	2213
34670	2213
34671	2213
34672	2213
34673	2214
34674	2214
34675	2214
34676	2214
34677	2215
34678	2215
34679	2215
34680	2215
34681	2216
34682	2216
34683	2216
34684	2216
34685	2217
34686	2217
34687	2217
34688	2217
34689	2218
34690	2218
34691	2218
34692	2218
34693	2219
34694	2219
34695	2219
34696	2219
34697	2220
34698	2220
34699	2220
34700	2220
34701	2221
34702	2221
34703	2221
34704	2221
34705	2222
34706	2222
34707	2222
34708	2222
34709	2223
34710	2223
34711	2223
34712	2223
34713	2224
34714	2224
34715	2224
34716	2224
34717	2225
34718	2225
34719	2225
34720	2225
34721	2226
34722	2226
34723	2226
34724	2226
34725	2227
34726	2227
34727	2227
34728	2227
34729	2228
34730	2228
34731	2228
34732	2228
34733	2229
34734	2229
34735	2229
34736	2229
34737	2230
34738	2230
34739	2230
34740	2230
34741	2231
34742	2231
34743	2231
34744	2231
34745	2232
34746	2232
34747	2232
34748	2232
34749	2233
34750	2233
34751	2233
34752	2233
34753	2234
34754	2234
34755	2234
34756	2234
34757	2235
34758	2235
34759	2235
34760	2235
34761	2236
34762	2236
34763	2236
34764	2236
34765	2237
34766	2237
34767	2237
34768	2237
34769	2238
34770	2238
34771	2238
34772	2238
34773	2239
34774	2239
34775	2239
34776	2239
34777	2176
34778	2176
34779	2176
34780	2176
34781	2177
34782	2177
34783	2177
34784	2177
34785	2178
34786	2178
34787	2178
34788	2178
34789	2179
34790	2179
34791	2179
34792	2179
34793	2180
34794	2180
34795	2180
34796	2180
34797	2181
34798	2181
34799	2181
34800	2181
34801	2182
34802	2182
34803	2182
34804	2182
34805	2183
34806	2183
34807	2183
34808	2183
34809	2184
34810	2184
34811	2184
34812	2184
34813	2185
34814	2185
34815	2185
34816	2185
34817	2186
34818	2186
34819	2186
34820	2186
34821	2187
34822	2187
34823	2187
34824	2187
34825	2188
34826	2188
34827	2188
34828	2188
34829	2189
34830	2189
34831	2189
34832	2189
34833	2190
34834	2190
34835	2190
34836	2190
34837	2191
34838	2191
34839	2191
34840	2191
34841	2192
34842	2192
34843	2192
34844	2192
34845	2193
34846	2193
34847	2193
34848	2193
34849	2194
34850	2194
34851	2194
34852	2194
34853	2195
34854	2195
34855	2195
34856	2195
34857	2196
34858	2196
34859	2196
34860	2196
34861	2197
34862	2197
34863	2197
34864	2197
34865	2198
34866	2198
34867	2198
34868	2198
34869	2199
34870	2199
34871	2199
34872	2199
34873	2200
34874	2200
34875	2200
34876	2200
34877	2201
34878	2201
34879	2201
34880	2201
34881	2202
34882	2202
34883	2202
34884	2202
34885	2203
34886	2203
34887	2203
34888	2203
34889	2204
34890	2204
34891	2204
34892	2204
34893	2205
34894	2205
34895	2205
34896	2205
34897	2206
34898	2206
34899	2206
34900	2206
34901	2207
34902	2207
34903	2207
34904	2207
34905	2208
34906	2208
34907	2208
34908	2208
34909	2209
34910	2209
34911	2209
34912	2209
34913	2210
34914	2210
34915	2210
34916	2210
34917	2211
34918	2211
34919	2211
34920	2211
34921	2212
34922	2212
34923	2212
34924	2212
34925	2213
34926	2213
34927	2213
34928	2213
34929	2214
34930	2214
34931	2214
34932	2214
34933	2215
34934	2215
34935	2215
34936	2215
34937	2216
34938	2216
34939	2216
34940	2216
34941	2217
34942	2217
34943	2217
34944	2217
34945	2218
34946	2218
34947	2218
34948	2218
34949	2219
34950	2219
34951	2219
34952	2219
34953	2220
34954	2220
34955	2220
34956	2220
34957	2221
34958	2221
34959	2221
34960	2221
34961	2222
34962	2222
34963	2222
34964	2222
34965	2223
34966	2223
34967	2223
34968	2223
34969	2224
34970	2224
34971	2224
34972	2224
34973	2225
34974	2225
34975	2225
34976	2225
34977	2226
34978	2226
34979	2226
34980	2226
34981	2227
34982	2227
34983	2227
34984	2227
34985	2228
34986	2228
34987	2228
34988	2228
34989	2229
34990	2229
34991	2229
34992	2229
34993	2230
34994	2230
34995	2230
34996	2230
34997	2231
34998	2231
34999	2231
35000	2231
35001	2232
35002	2232
35003	2232
35004	2232
35005	2233
35006	2233
35007	2233
35008	2233
35009	2234
35010	2234
35011	2234
35012	2234
35013	2235
35014	2235
35015	2235
35016	2235
35017	2236
35018	2236
35019	2236
35020	2236
35021	2237
35022	2237
35023	2237
35024	2237
35025	2238
35026	2238
35027	2238
35028	2238
35029	2239
35030	2239
35031	2239
35032	2239
35033	2240
35034	2240
35035	2240
35036	2240
35037	2241
35038	2241
35039	2241
35040	2241
35041	2242
35042	2242
35043	2242
35044	2242
35045	2243
35046	2243
35047	2243
35048	2243
35049	2244
35050	2244
35051	2244
35052	2244
35053	2245
35054	2245
35055	2245
35056	2245
35057	2246
35058	2246
35059	2246
35060	2246
35061	2247
35062	2247
35063	2247
35064	2247
35065	2248
35066	2248
35067	2248
35068	2248
35069	2249
35070	2249
35071	2249
35072	2249
35073	2250
35074	2250
35075	2250
35076	2250
35077	2251
35078	2251
35079	2251
35080	2251
35081	2252
35082	2252
35083	2252
35084	2252
35085	2253
35086	2253
35087	2253
35088	2253
35089	2254
35090	2254
35091	2254
35092	2254
35093	2255
35094	2255
35095	2255
35096	2255
35097	2256
35098	2256
35099	2256
35100	2256
35101	2257
35102	2257
35103	2257
35104	2257
35105	2258
35106	2258
35107	2258
35108	2258
35109	2259
35110	2259
35111	2259
35112	2259
35113	2260
35114	2260
35115	2260
35116	2260
35117	2261
35118	2261
35119	2261
35120	2261
35121	2262
35122	2262
35123	2262
35124	2262
35125	2263
35126	2263
35127	2263
35128	2263
35129	2264
35130	2264
35131	2264
35132	2264
35133	2265
35134	2265
35135	2265
35136	2265
35137	2266
35138	2266
35139	2266
35140	2266
35141	2267
35142	2267
35143	2267
35144	2267
35145	2268
35146	2268
35147	2268
35148	2268
35149	2269
35150	2269
35151	2269
35152	2269
35153	2270
35154	2270
35155	2270
35156	2270
35157	2271
35158	2271
35159	2271
35160	2271
35161	2272
35162	2272
35163	2272
35164	2272
35165	2273
35166	2273
35167	2273
35168	2273
35169	2274
35170	2274
35171	2274
35172	2274
35173	2275
35174	2275
35175	2275
35176	2275
35177	2276
35178	2276
35179	2276
35180	2276
35181	2277
35182	2277
35183	2277
35184	2277
35185	2278
35186	2278
35187	2278
35188	2278
35189	2279
35190	2279
35191	2279
35192	2279
35193	2280
35194	2280
35195	2280
35196	2280
35197	2281
35198	2281
35199	2281
35200	2281
35201	2282
35202	2282
35203	2282
35204	2282
35205	2283
35206	2283
35207	2283
35208	2283
35209	2284
35210	2284
35211	2284
35212	2284
35213	2285
35214	2285
35215	2285
35216	2285
35217	2286
35218	2286
35219	2286
35220	2286
35221	2287
35222	2287
35223	2287
35224	2287
35225	2288
35226	2288
35227	2288
35228	2288
35229	2289
35230	2289
35231	2289
35232	2289
35233	2290
35234	2290
35235	2290
35236	2290
35237	2291
35238	2291
35239	2291
35240	2291
35241	2292
35242	2292
35243	2292
35244	2292
35245	2293
35246	2293
35247	2293
35248	2293
35249	2294
35250	2294
35251	2294
35252	2294
35253	2295
35254	2295
35255	2295
35256	2295
35257	2296
35258	2296
35259	2296
35260	2296
35261	2297
35262	2297
35263	2297
35264	2297
35265	2298
35266	2298
35267	2298
35268	2298
35269	2299
35270	2299
35271	2299
35272	2299
35273	2300
35274	2300
35275	2300
35276	2300
35277	2301
35278	2301
35279	2301
35280	2301
35281	2302
35282	2302
35283	2302
35284	2302
35285	2303
35286	2303
35287	2303
35288	2303
35289	2240
35290	2240
35291	2240
35292	2240
35293	2241
35294	2241
35295	2241
35296	2241
35297	2242
35298	2242
35299	2242
35300	2242
35301	2243
35302	2243
35303	2243
35304	2243
35305	2244
35306	2244
35307	2244
35308	2244
35309	2245
35310	2245
35311	2245
35312	2245
35313	2246
35314	2246
35315	2246
35316	2246
35317	2247
35318	2247
35319	2247
35320	2247
35321	2248
35322	2248
35323	2248
35324	2248
35325	2249
35326	2249
35327	2249
35328	2249
35329	2250
35330	2250
35331	2250
35332	2250
35333	2251
35334	2251
35335	2251
35336	2251
35337	2252
35338	2252
35339	2252
35340	2252
35341	2253
35342	2253
35343	2253
35344	2253
35345	2254
35346	2254
35347	2254
35348	2254
35349	2255
35350	2255
35351	2255
35352	2255
35353	2256
35354	2256
35355	2256
35356	2256
35357	2257
35358	2257
35359	2257
35360	2257
35361	2258
35362	2258
35363	2258
35364	2258
35365	2259
35366	2259
35367	2259
35368	2259
35369	2260
35370	2260
35371	2260
35372	2260
35373	2261
35374	2261
35375	2261
35376	2261
35377	2262
35378	2262
35379	2262
35380	2262
35381	2263
35382	2263
35383	2263
35384	2263
35385	2264
35386	2264
35387	2264
35388	2264
35389	2265
35390	2265
35391	2265
35392	2265
35393	2266
35394	2266
35395	2266
35396	2266
35397	2267
35398	2267
35399	2267
35400	2267
35401	2268
35402	2268
35403	2268
35404	2268
35405	2269
35406	2269
35407	2269
35408	2269
35409	2270
35410	2270
35411	2270
35412	2270
35413	2271
35414	2271
35415	2271
35416	2271
35417	2272
35418	2272
35419	2272
35420	2272
35421	2273
35422	2273
35423	2273
35424	2273
35425	2274
35426	2274
35427	2274
35428	2274
35429	2275
35430	2275
35431	2275
35432	2275
35433	2276
35434	2276
35435	2276
35436	2276
35437	2277
35438	2277
35439	2277
35440	2277
35441	2278
35442	2278
35443	2278
35444	2278
35445	2279
35446	2279
35447	2279
35448	2279
35449	2280
35450	2280
35451	2280
35452	2280
35453	2281
35454	2281
35455	2281
35456	2281
35457	2282
35458	2282
35459	2282
35460	2282
35461	2283
35462	2283
35463	2283
35464	2283
35465	2284
35466	2284
35467	2284
35468	2284
35469	2285
35470	2285
35471	2285
35472	2285
35473	2286
35474	2286
35475	2286
35476	2286
35477	2287
35478	2287
35479	2287
35480	2287
35481	2288
35482	2288
35483	2288
35484	2288
35485	2289
35486	2289
35487	2289
35488	2289
35489	2290
35490	2290
35491	2290
35492	2290
35493	2291
35494	2291
35495	2291
35496	2291
35497	2292
35498	2292
35499	2292
35500	2292
35501	2293
35502	2293
35503	2293
35504	2293
35505	2294
35506	2294
35507	2294
35508	2294
35509	2295
35510	2295
35511	2295
35512	2295
35513	2296
35514	2296
35515	2296
35516	2296
35517	2297
35518	2297
35519	2297
35520	2297
35521	2298
35522	2298
35523	2298
35524	2298
35525	2299
35526	2299
35527	2299
35528	2299
35529	2300
35530	2300
35531	2300
35532	2300
35533	2301
35534	2301
35535	2301
35536	2301
35537	2302
35538	2302
35539	2302
35540	2302
35541	2303
35542	2303
35543	2303
35544	2303
35545	2240
35546	2240
35547	2240
35548	2240
35549	2241
35550	2241
35551	2241
35552	2241
35553	2242
35554	2242
35555	2242
35556	2242
35557	2243
35558	2243
35559	2243
35560	2243
35561	2244
35562	2244
35563	2244
35564	2244
35565	2245
35566	2245
35567	2245
35568	2245
35569	2246
35570	2246
35571	2246
35572	2246
35573	2247
35574	2247
35575	2247
35576	2247
35577	2248
35578	2248
35579	2248
35580	2248
35581	2249
35582	2249
35583	2249
35584	2249
35585	2250
35586	2250
35587	2250
35588	2250
35589	2251
35590	2251
35591	2251
35592	2251
35593	2252
35594	2252
35595	2252
35596	2252
35597	2253
35598	2253
35599	2253
35600	2253
35601	2254
35602	2254
35603	2254
35604	2254
35605	2255
35606	2255
35607	2255
35608	2255
35609	2256
35610	2256
35611	2256
35612	2256
35613	2257
35614	2257
35615	2257
35616	2257
35617	2258
35618	2258
35619	2258
35620	2258
35621	2259
35622	2259
35623	2259
35624	2259
35625	2260
35626	2260
35627	2260
35628	2260
35629	2261
35630	2261
35631	2261
35632	2261
35633	2262
35634	2262
35635	2262
35636	2262
35637	2263
35638	2263
35639	2263
35640	2263
35641	2264
35642	2264
35643	2264
35644	2264
35645	2265
35646	2265
35647	2265
35648	2265
35649	2266
35650	2266
35651	2266
35652	2266
35653	2267
35654	2267
35655	2267
35656	2267
35657	2268
35658	2268
35659	2268
35660	2268
35661	2269
35662	2269
35663	2269
35664	2269
35665	2270
35666	2270
35667	2270
35668	2270
35669	2271
35670	2271
35671	2271
35672	2271
35673	2272
35674	2272
35675	2272
35676	2272
35677	2273
35678	2273
35679	2273
35680	2273
35681	2274
35682	2274
35683	2274
35684	2274
35685	2275
35686	2275
35687	2275
35688	2275
35689	2276
35690	2276
35691	2276
35692	2276
35693	2277
35694	2277
35695	2277
35696	2277
35697	2278
35698	2278
35699	2278
35700	2278
35701	2279
35702	2279
35703	2279
35704	2279
35705	2280
35706	2280
35707	2280
35708	2280
35709	2281
35710	2281
35711	2281
35712	2281
35713	2282
35714	2282
35715	2282
35716	2282
35717	2283
35718	2283
35719	2283
35720	2283
35721	2284
35722	2284
35723	2284
35724	2284
35725	2285
35726	2285
35727	2285
35728	2285
35729	2286
35730	2286
35731	2286
35732	2286
35733	2287
35734	2287
35735	2287
35736	2287
35737	2288
35738	2288
35739	2288
35740	2288
35741	2289
35742	2289
35743	2289
35744	2289
35745	2290
35746	2290
35747	2290
35748	2290
35749	2291
35750	2291
35751	2291
35752	2291
35753	2292
35754	2292
35755	2292
35756	2292
35757	2293
35758	2293
35759	2293
35760	2293
35761	2294
35762	2294
35763	2294
35764	2294
35765	2295
35766	2295
35767	2295
35768	2295
35769	2296
35770	2296
35771	2296
35772	2296
35773	2297
35774	2297
35775	2297
35776	2297
35777	2298
35778	2298
35779	2298
35780	2298
35781	2299
35782	2299
35783	2299
35784	2299
35785	2300
35786	2300
35787	2300
35788	2300
35789	2301
35790	2301
35791	2301
35792	2301
35793	2302
35794	2302
35795	2302
35796	2302
35797	2303
35798	2303
35799	2303
35800	2303
35801	2240
35802	2240
35803	2240
35804	2240
35805	2241
35806	2241
35807	2241
35808	2241
35809	2242
35810	2242
35811	2242
35812	2242
35813	2243
35814	2243
35815	2243
35816	2243
35817	2244
35818	2244
35819	2244
35820	2244
35821	2245
35822	2245
35823	2245
35824	2245
35825	2246
35826	2246
35827	2246
35828	2246
35829	2247
35830	2247
35831	2247
35832	2247
35833	2248
35834	2248
35835	2248
35836	2248
35837	2249
35838	2249
35839	2249
35840	2249
35841	2250
35842	2250
35843	2250
35844	2250
35845	2251
35846	2251
35847	2251
35848	2251
35849	2252
35850	2252
35851	2252
35852	2252
35853	2253
35854	2253
35855	2253
35856	2253
35857	2254
35858	2254
35859	2254
35860	2254
35861	2255
35862	2255
35863	2255
35864	2255
35865	2256
35866	2256
35867	2256
35868	2256
35869	2257
35870	2257
35871	2257
35872	2257
35873	2258
35874	2258
35875	2258
35876	2258
35877	2259
35878	2259
35879	2259
35880	2259
35881	2260
35882	2260
35883	2260
35884	2260
35885	2261
35886	2261
35887	2261
35888	2261
35889	2262
35890	2262
35891	2262
35892	2262
35893	2263
35894	2263
35895	2263
35896	2263
35897	2264
35898	2264
35899	2264
35900	2264
35901	2265
35902	2265
35903	2265
35904	2265
35905	2266
35906	2266
35907	2266
35908	2266
35909	2267
35910	2267
35911	2267
35912	2267
35913	2268
35914	2268
35915	2268
35916	2268
35917	2269
35918	2269
35919	2269
35920	2269
35921	2270
35922	2270
35923	2270
35924	2270
35925	2271
35926	2271
35927	2271
35928	2271
35929	2272
35930	2272
35931	2272
35932	2272
35933	2273
35934	2273
35935	2273
35936	2273
35937	2274
35938	2274
35939	2274
35940	2274
35941	2275
35942	2275
35943	2275
35944	2275
35945	2276
35946	2276
35947	2276
35948	2276
35949	2277
35950	2277
35951	2277
35952	2277
35953	2278
35954	2278
35955	2278
35956	2278
35957	2279
35958	2279
35959	2279
35960	2279
35961	2280
35962	2280
35963	2280
35964	2280
35965	2281
35966	2281
35967	2281
35968	2281
35969	2282
35970	2282
35971	2282
35972	2282
35973	2283
35974	2283
35975	2283
35976	2283
35977	2284
35978	2284
35979	2284
35980	2284
35981	2285
35982	2285
35983	2285
35984	2285
35985	2286
35986	2286
35987	2286
35988	2286
35989	2287
35990	2287
35991	2287
35992	2287
35993	2288
35994	2288
35995	2288
35996	2288
35997	2289
35998	2289
35999	2289
36000	2289
36001	2290
36002	2290
36003	2290
36004	2290
36005	2291
36006	2291
36007	2291
36008	2291
36009	2292
36010	2292
36011	2292
36012	2292
36013	2293
36014	2293
36015	2293
36016	2293
36017	2294
36018	2294
36019	2294
36020	2294
36021	2295
36022	2295
36023	2295
36024	2295
36025	2296
36026	2296
36027	2296
36028	2296
36029	2297
36030	2297
36031	2297
36032	2297
36033	2298
36034	2298
36035	2298
36036	2298
36037	2299
36038	2299
36039	2299
36040	2299
36041	2300
36042	2300
36043	2300
36044	2300
36045	2301
36046	2301
36047	2301
36048	2301
36049	2302
36050	2302
36051	2302
36052	2302
36053	2303
36054	2303
36055	2303
36056	2303
36057	2304
36058	2304
36059	2304
36060	2304
36061	2305
36062	2305
36063	2305
36064	2305
36065	2306
36066	2306
36067	2306
36068	2306
36069	2307
36070	2307
36071	2307
36072	2307
36073	2308
36074	2308
36075	2308
36076	2308
36077	2309
36078	2309
36079	2309
36080	2309
36081	2310
36082	2310
36083	2310
36084	2310
36085	2311
36086	2311
36087	2311
36088	2311
36089	2312
36090	2312
36091	2312
36092	2312
36093	2313
36094	2313
36095	2313
36096	2313
36097	2314
36098	2314
36099	2314
36100	2314
36101	2315
36102	2315
36103	2315
36104	2315
36105	2316
36106	2316
36107	2316
36108	2316
36109	2317
36110	2317
36111	2317
36112	2317
36113	2318
36114	2318
36115	2318
36116	2318
36117	2319
36118	2319
36119	2319
36120	2319
36121	2320
36122	2320
36123	2320
36124	2320
36125	2321
36126	2321
36127	2321
36128	2321
36129	2322
36130	2322
36131	2322
36132	2322
36133	2323
36134	2323
36135	2323
36136	2323
36137	2324
36138	2324
36139	2324
36140	2324
36141	2325
36142	2325
36143	2325
36144	2325
36145	2326
36146	2326
36147	2326
36148	2326
36149	2327
36150	2327
36151	2327
36152	2327
36153	2328
36154	2328
36155	2328
36156	2328
36157	2329
36158	2329
36159	2329
36160	2329
36161	2330
36162	2330
36163	2330
36164	2330
36165	2331
36166	2331
36167	2331
36168	2331
36169	2332
36170	2332
36171	2332
36172	2332
36173	2333
36174	2333
36175	2333
36176	2333
36177	2334
36178	2334
36179	2334
36180	2334
36181	2335
36182	2335
36183	2335
36184	2335
36185	2336
36186	2336
36187	2336
36188	2336
36189	2337
36190	2337
36191	2337
36192	2337
36193	2338
36194	2338
36195	2338
36196	2338
36197	2339
36198	2339
36199	2339
36200	2339
36201	2340
36202	2340
36203	2340
36204	2340
36205	2341
36206	2341
36207	2341
36208	2341
36209	2342
36210	2342
36211	2342
36212	2342
36213	2343
36214	2343
36215	2343
36216	2343
36217	2344
36218	2344
36219	2344
36220	2344
36221	2345
36222	2345
36223	2345
36224	2345
36225	2346
36226	2346
36227	2346
36228	2346
36229	2347
36230	2347
36231	2347
36232	2347
36233	2348
36234	2348
36235	2348
36236	2348
36237	2349
36238	2349
36239	2349
36240	2349
36241	2350
36242	2350
36243	2350
36244	2350
36245	2351
36246	2351
36247	2351
36248	2351
36249	2352
36250	2352
36251	2352
36252	2352
36253	2353
36254	2353
36255	2353
36256	2353
36257	2354
36258	2354
36259	2354
36260	2354
36261	2355
36262	2355
36263	2355
36264	2355
36265	2356
36266	2356
36267	2356
36268	2356
36269	2357
36270	2357
36271	2357
36272	2357
36273	2358
36274	2358
36275	2358
36276	2358
36277	2359
36278	2359
36279	2359
36280	2359
36281	2360
36282	2360
36283	2360
36284	2360
36285	2361
36286	2361
36287	2361
36288	2361
36289	2362
36290	2362
36291	2362
36292	2362
36293	2363
36294	2363
36295	2363
36296	2363
36297	2364
36298	2364
36299	2364
36300	2364
36301	2365
36302	2365
36303	2365
36304	2365
36305	2366
36306	2366
36307	2366
36308	2366
36309	2367
36310	2367
36311	2367
36312	2367
36313	2304
36314	2304
36315	2304
36316	2304
36317	2305
36318	2305
36319	2305
36320	2305
36321	2306
36322	2306
36323	2306
36324	2306
36325	2307
36326	2307
36327	2307
36328	2307
36329	2308
36330	2308
36331	2308
36332	2308
36333	2309
36334	2309
36335	2309
36336	2309
36337	2310
36338	2310
36339	2310
36340	2310
36341	2311
36342	2311
36343	2311
36344	2311
36345	2312
36346	2312
36347	2312
36348	2312
36349	2313
36350	2313
36351	2313
36352	2313
36353	2314
36354	2314
36355	2314
36356	2314
36357	2315
36358	2315
36359	2315
36360	2315
36361	2316
36362	2316
36363	2316
36364	2316
36365	2317
36366	2317
36367	2317
36368	2317
36369	2318
36370	2318
36371	2318
36372	2318
36373	2319
36374	2319
36375	2319
36376	2319
36377	2320
36378	2320
36379	2320
36380	2320
36381	2321
36382	2321
36383	2321
36384	2321
36385	2322
36386	2322
36387	2322
36388	2322
36389	2323
36390	2323
36391	2323
36392	2323
36393	2324
36394	2324
36395	2324
36396	2324
36397	2325
36398	2325
36399	2325
36400	2325
36401	2326
36402	2326
36403	2326
36404	2326
36405	2327
36406	2327
36407	2327
36408	2327
36409	2328
36410	2328
36411	2328
36412	2328
36413	2329
36414	2329
36415	2329
36416	2329
36417	2330
36418	2330
36419	2330
36420	2330
36421	2331
36422	2331
36423	2331
36424	2331
36425	2332
36426	2332
36427	2332
36428	2332
36429	2333
36430	2333
36431	2333
36432	2333
36433	2334
36434	2334
36435	2334
36436	2334
36437	2335
36438	2335
36439	2335
36440	2335
36441	2336
36442	2336
36443	2336
36444	2336
36445	2337
36446	2337
36447	2337
36448	2337
36449	2338
36450	2338
36451	2338
36452	2338
36453	2339
36454	2339
36455	2339
36456	2339
36457	2340
36458	2340
36459	2340
36460	2340
36461	2341
36462	2341
36463	2341
36464	2341
36465	2342
36466	2342
36467	2342
36468	2342
36469	2343
36470	2343
36471	2343
36472	2343
36473	2344
36474	2344
36475	2344
36476	2344
36477	2345
36478	2345
36479	2345
36480	2345
36481	2346
36482	2346
36483	2346
36484	2346
36485	2347
36486	2347
36487	2347
36488	2347
36489	2348
36490	2348
36491	2348
36492	2348
36493	2349
36494	2349
36495	2349
36496	2349
36497	2350
36498	2350
36499	2350
36500	2350
36501	2351
36502	2351
36503	2351
36504	2351
36505	2352
36506	2352
36507	2352
36508	2352
36509	2353
36510	2353
36511	2353
36512	2353
36513	2354
36514	2354
36515	2354
36516	2354
36517	2355
36518	2355
36519	2355
36520	2355
36521	2356
36522	2356
36523	2356
36524	2356
36525	2357
36526	2357
36527	2357
36528	2357
36529	2358
36530	2358
36531	2358
36532	2358
36533	2359
36534	2359
36535	2359
36536	2359
36537	2360
36538	2360
36539	2360
36540	2360
36541	2361
36542	2361
36543	2361
36544	2361
36545	2362
36546	2362
36547	2362
36548	2362
36549	2363
36550	2363
36551	2363
36552	2363
36553	2364
36554	2364
36555	2364
36556	2364
36557	2365
36558	2365
36559	2365
36560	2365
36561	2366
36562	2366
36563	2366
36564	2366
36565	2367
36566	2367
36567	2367
36568	2367
36569	2304
36570	2304
36571	2304
36572	2304
36573	2305
36574	2305
36575	2305
36576	2305
36577	2306
36578	2306
36579	2306
36580	2306
36581	2307
36582	2307
36583	2307
36584	2307
36585	2308
36586	2308
36587	2308
36588	2308
36589	2309
36590	2309
36591	2309
36592	2309
36593	2310
36594	2310
36595	2310
36596	2310
36597	2311
36598	2311
36599	2311
36600	2311
36601	2312
36602	2312
36603	2312
36604	2312
36605	2313
36606	2313
36607	2313
36608	2313
36609	2314
36610	2314
36611	2314
36612	2314
36613	2315
36614	2315
36615	2315
36616	2315
36617	2316
36618	2316
36619	2316
36620	2316
36621	2317
36622	2317
36623	2317
36624	2317
36625	2318
36626	2318
36627	2318
36628	2318
36629	2319
36630	2319
36631	2319
36632	2319
36633	2320
36634	2320
36635	2320
36636	2320
36637	2321
36638	2321
36639	2321
36640	2321
36641	2322
36642	2322
36643	2322
36644	2322
36645	2323
36646	2323
36647	2323
36648	2323
36649	2324
36650	2324
36651	2324
36652	2324
36653	2325
36654	2325
36655	2325
36656	2325
36657	2326
36658	2326
36659	2326
36660	2326
36661	2327
36662	2327
36663	2327
36664	2327
36665	2328
36666	2328
36667	2328
36668	2328
36669	2329
36670	2329
36671	2329
36672	2329
36673	2330
36674	2330
36675	2330
36676	2330
36677	2331
36678	2331
36679	2331
36680	2331
36681	2332
36682	2332
36683	2332
36684	2332
36685	2333
36686	2333
36687	2333
36688	2333
36689	2334
36690	2334
36691	2334
36692	2334
36693	2335
36694	2335
36695	2335
36696	2335
36697	2336
36698	2336
36699	2336
36700	2336
36701	2337
36702	2337
36703	2337
36704	2337
36705	2338
36706	2338
36707	2338
36708	2338
36709	2339
36710	2339
36711	2339
36712	2339
36713	2340
36714	2340
36715	2340
36716	2340
36717	2341
36718	2341
36719	2341
36720	2341
36721	2342
36722	2342
36723	2342
36724	2342
36725	2343
36726	2343
36727	2343
36728	2343
36729	2344
36730	2344
36731	2344
36732	2344
36733	2345
36734	2345
36735	2345
36736	2345
36737	2346
36738	2346
36739	2346
36740	2346
36741	2347
36742	2347
36743	2347
36744	2347
36745	2348
36746	2348
36747	2348
36748	2348
36749	2349
36750	2349
36751	2349
36752	2349
36753	2350
36754	2350
36755	2350
36756	2350
36757	2351
36758	2351
36759	2351
36760	2351
36761	2352
36762	2352
36763	2352
36764	2352
36765	2353
36766	2353
36767	2353
36768	2353
36769	2354
36770	2354
36771	2354
36772	2354
36773	2355
36774	2355
36775	2355
36776	2355
36777	2356
36778	2356
36779	2356
36780	2356
36781	2357
36782	2357
36783	2357
36784	2357
36785	2358
36786	2358
36787	2358
36788	2358
36789	2359
36790	2359
36791	2359
36792	2359
36793	2360
36794	2360
36795	2360
36796	2360
36797	2361
36798	2361
36799	2361
36800	2361
36801	2362
36802	2362
36803	2362
36804	2362
36805	2363
36806	2363
36807	2363
36808	2363
36809	2364
36810	2364
36811	2364
36812	2364
36813	2365
36814	2365
36815	2365
36816	2365
36817	2366
36818	2366
36819	2366
36820	2366
36821	2367
36822	2367
36823	2367
36824	2367
36825	2304
36826	2304
36827	2304
36828	2304
36829	2305
36830	2305
36831	2305
36832	2305
36833	2306
36834	2306
36835	2306
36836	2306
36837	2307
36838	2307
36839	2307
36840	2307
36841	2308
36842	2308
36843	2308
36844	2308
36845	2309
36846	2309
36847	2309
36848	2309
36849	2310
36850	2310
36851	2310
36852	2310
36853	2311
36854	2311
36855	2311
36856	2311
36857	2312
36858	2312
36859	2312
36860	2312
36861	2313
36862	2313
36863	2313
36864	2313
36865	2314
36866	2314
36867	2314
36868	2314
36869	2315
36870	2315
36871	2315
36872	2315
36873	2316
36874	2316
36875	2316
36876	2316
36877	2317
36878	2317
36879	2317
36880	2317
36881	2318
36882	2318
36883	2318
36884	2318
36885	2319
36886	2319
36887	2319
36888	2319
36889	2320
36890	2320
36891	2320
36892	2320
36893	2321
36894	2321
36895	2321
36896	2321
36897	2322
36898	2322
36899	2322
36900	2322
36901	2323
36902	2323
36903	2323
36904	2323
36905	2324
36906	2324
36907	2324
36908	2324
36909	2325
36910	2325
36911	2325
36912	2325
36913	2326
36914	2326
36915	2326
36916	2326
36917	2327
36918	2327
36919	2327
36920	2327
36921	2328
36922	2328
36923	2328
36924	2328
36925	2329
36926	2329
36927	2329
36928	2329
36929	2330
36930	2330
36931	2330
36932	2330
36933	2331
36934	2331
36935	2331
36936	2331
36937	2332
36938	2332
36939	2332
36940	2332
36941	2333
36942	2333
36943	2333
36944	2333
36945	2334
36946	2334
36947	2334
36948	2334
36949	2335
36950	2335
36951	2335
36952	2335
36953	2336
36954	2336
36955	2336
36956	2336
36957	2337
36958	2337
36959	2337
36960	2337
36961	2338
36962	2338
36963	2338
36964	2338
36965	2339
36966	2339
36967	2339
36968	2339
36969	2340
36970	2340
36971	2340
36972	2340
36973	2341
36974	2341
36975	2341
36976	2341
36977	2342
36978	2342
36979	2342
36980	2342
36981	2343
36982	2343
36983	2343
36984	2343
36985	2344
36986	2344
36987	2344
36988	2344
36989	2345
36990	2345
36991	2345
36992	2345
36993	2346
36994	2346
36995	2346
36996	2346
36997	2347
36998	2347
36999	2347
37000	2347
37001	2348
37002	2348
37003	2348
37004	2348
37005	2349
37006	2349
37007	2349
37008	2349
37009	2350
37010	2350
37011	2350
37012	2350
37013	2351
37014	2351
37015	2351
37016	2351
37017	2352
37018	2352
37019	2352
37020	2352
37021	2353
37022	2353
37023	2353
37024	2353
37025	2354
37026	2354
37027	2354
37028	2354
37029	2355
37030	2355
37031	2355
37032	2355
37033	2356
37034	2356
37035	2356
37036	2356
37037	2357
37038	2357
37039	2357
37040	2357
37041	2358
37042	2358
37043	2358
37044	2358
37045	2359
37046	2359
37047	2359
37048	2359
37049	2360
37050	2360
37051	2360
37052	2360
37053	2361
37054	2361
37055	2361
37056	2361
37057	2362
37058	2362
37059	2362
37060	2362
37061	2363
37062	2363
37063	2363
37064	2363
37065	2364
37066	2364
37067	2364
37068	2364
37069	2365
37070	2365
37071	2365
37072	2365
37073	2366
37074	2366
37075	2366
37076	2366
37077	2367
37078	2367
37079	2367
37080	2367
37081	2368
37082	2368
37083	2368
37084	2368
37085	2369
37086	2369
37087	2369
37088	2369
37089	2370
37090	2370
37091	2370
37092	2370
37093	2371
37094	2371
37095	2371
37096	2371
37097	2372
37098	2372
37099	2372
37100	2372
37101	2373
37102	2373
37103	2373
37104	2373
37105	2374
37106	2374
37107	2374
37108	2374
37109	2375
37110	2375
37111	2375
37112	2375
37113	2376
37114	2376
37115	2376
37116	2376
37117	2377
37118	2377
37119	2377
37120	2377
37121	2378
37122	2378
37123	2378
37124	2378
37125	2379
37126	2379
37127	2379
37128	2379
37129	2380
37130	2380
37131	2380
37132	2380
37133	2381
37134	2381
37135	2381
37136	2381
37137	2382
37138	2382
37139	2382
37140	2382
37141	2383
37142	2383
37143	2383
37144	2383
37145	2384
37146	2384
37147	2384
37148	2384
37149	2385
37150	2385
37151	2385
37152	2385
37153	2386
37154	2386
37155	2386
37156	2386
37157	2387
37158	2387
37159	2387
37160	2387
37161	2388
37162	2388
37163	2388
37164	2388
37165	2389
37166	2389
37167	2389
37168	2389
37169	2390
37170	2390
37171	2390
37172	2390
37173	2391
37174	2391
37175	2391
37176	2391
37177	2392
37178	2392
37179	2392
37180	2392
37181	2393
37182	2393
37183	2393
37184	2393
37185	2394
37186	2394
37187	2394
37188	2394
37189	2395
37190	2395
37191	2395
37192	2395
37193	2396
37194	2396
37195	2396
37196	2396
37197	2397
37198	2397
37199	2397
37200	2397
37201	2398
37202	2398
37203	2398
37204	2398
37205	2399
37206	2399
37207	2399
37208	2399
37209	2400
37210	2400
37211	2400
37212	2400
37213	2401
37214	2401
37215	2401
37216	2401
37217	2402
37218	2402
37219	2402
37220	2402
37221	2403
37222	2403
37223	2403
37224	2403
37225	2404
37226	2404
37227	2404
37228	2404
37229	2405
37230	2405
37231	2405
37232	2405
37233	2406
37234	2406
37235	2406
37236	2406
37237	2407
37238	2407
37239	2407
37240	2407
37241	2408
37242	2408
37243	2408
37244	2408
37245	2409
37246	2409
37247	2409
37248	2409
37249	2410
37250	2410
37251	2410
37252	2410
37253	2411
37254	2411
37255	2411
37256	2411
37257	2412
37258	2412
37259	2412
37260	2412
37261	2413
37262	2413
37263	2413
37264	2413
37265	2414
37266	2414
37267	2414
37268	2414
37269	2415
37270	2415
37271	2415
37272	2415
37273	2416
37274	2416
37275	2416
37276	2416
37277	2417
37278	2417
37279	2417
37280	2417
37281	2418
37282	2418
37283	2418
37284	2418
37285	2419
37286	2419
37287	2419
37288	2419
37289	2420
37290	2420
37291	2420
37292	2420
37293	2421
37294	2421
37295	2421
37296	2421
37297	2422
37298	2422
37299	2422
37300	2422
37301	2423
37302	2423
37303	2423
37304	2423
37305	2424
37306	2424
37307	2424
37308	2424
37309	2425
37310	2425
37311	2425
37312	2425
37313	2426
37314	2426
37315	2426
37316	2426
37317	2427
37318	2427
37319	2427
37320	2427
37321	2428
37322	2428
37323	2428
37324	2428
37325	2429
37326	2429
37327	2429
37328	2429
37329	2430
37330	2430
37331	2430
37332	2430
37333	2431
37334	2431
37335	2431
37336	2431
37337	2368
37338	2368
37339	2368
37340	2368
37341	2369
37342	2369
37343	2369
37344	2369
37345	2370
37346	2370
37347	2370
37348	2370
37349	2371
37350	2371
37351	2371
37352	2371
37353	2372
37354	2372
37355	2372
37356	2372
37357	2373
37358	2373
37359	2373
37360	2373
37361	2374
37362	2374
37363	2374
37364	2374
37365	2375
37366	2375
37367	2375
37368	2375
37369	2376
37370	2376
37371	2376
37372	2376
37373	2377
37374	2377
37375	2377
37376	2377
37377	2378
37378	2378
37379	2378
37380	2378
37381	2379
37382	2379
37383	2379
37384	2379
37385	2380
37386	2380
37387	2380
37388	2380
37389	2381
37390	2381
37391	2381
37392	2381
37393	2382
37394	2382
37395	2382
37396	2382
37397	2383
37398	2383
37399	2383
37400	2383
37401	2384
37402	2384
37403	2384
37404	2384
37405	2385
37406	2385
37407	2385
37408	2385
37409	2386
37410	2386
37411	2386
37412	2386
37413	2387
37414	2387
37415	2387
37416	2387
37417	2388
37418	2388
37419	2388
37420	2388
37421	2389
37422	2389
37423	2389
37424	2389
37425	2390
37426	2390
37427	2390
37428	2390
37429	2391
37430	2391
37431	2391
37432	2391
37433	2392
37434	2392
37435	2392
37436	2392
37437	2393
37438	2393
37439	2393
37440	2393
37441	2394
37442	2394
37443	2394
37444	2394
37445	2395
37446	2395
37447	2395
37448	2395
37449	2396
37450	2396
37451	2396
37452	2396
37453	2397
37454	2397
37455	2397
37456	2397
37457	2398
37458	2398
37459	2398
37460	2398
37461	2399
37462	2399
37463	2399
37464	2399
37465	2400
37466	2400
37467	2400
37468	2400
37469	2401
37470	2401
37471	2401
37472	2401
37473	2402
37474	2402
37475	2402
37476	2402
37477	2403
37478	2403
37479	2403
37480	2403
37481	2404
37482	2404
37483	2404
37484	2404
37485	2405
37486	2405
37487	2405
37488	2405
37489	2406
37490	2406
37491	2406
37492	2406
37493	2407
37494	2407
37495	2407
37496	2407
37497	2408
37498	2408
37499	2408
37500	2408
37501	2409
37502	2409
37503	2409
37504	2409
37505	2410
37506	2410
37507	2410
37508	2410
37509	2411
37510	2411
37511	2411
37512	2411
37513	2412
37514	2412
37515	2412
37516	2412
37517	2413
37518	2413
37519	2413
37520	2413
37521	2414
37522	2414
37523	2414
37524	2414
37525	2415
37526	2415
37527	2415
37528	2415
37529	2416
37530	2416
37531	2416
37532	2416
37533	2417
37534	2417
37535	2417
37536	2417
37537	2418
37538	2418
37539	2418
37540	2418
37541	2419
37542	2419
37543	2419
37544	2419
37545	2420
37546	2420
37547	2420
37548	2420
37549	2421
37550	2421
37551	2421
37552	2421
37553	2422
37554	2422
37555	2422
37556	2422
37557	2423
37558	2423
37559	2423
37560	2423
37561	2424
37562	2424
37563	2424
37564	2424
37565	2425
37566	2425
37567	2425
37568	2425
37569	2426
37570	2426
37571	2426
37572	2426
37573	2427
37574	2427
37575	2427
37576	2427
37577	2428
37578	2428
37579	2428
37580	2428
37581	2429
37582	2429
37583	2429
37584	2429
37585	2430
37586	2430
37587	2430
37588	2430
37589	2431
37590	2431
37591	2431
37592	2431
37593	2368
37594	2368
37595	2368
37596	2368
37597	2369
37598	2369
37599	2369
37600	2369
37601	2370
37602	2370
37603	2370
37604	2370
37605	2371
37606	2371
37607	2371
37608	2371
37609	2372
37610	2372
37611	2372
37612	2372
37613	2373
37614	2373
37615	2373
37616	2373
37617	2374
37618	2374
37619	2374
37620	2374
37621	2375
37622	2375
37623	2375
37624	2375
37625	2376
37626	2376
37627	2376
37628	2376
37629	2377
37630	2377
37631	2377
37632	2377
37633	2378
37634	2378
37635	2378
37636	2378
37637	2379
37638	2379
37639	2379
37640	2379
37641	2380
37642	2380
37643	2380
37644	2380
37645	2381
37646	2381
37647	2381
37648	2381
37649	2382
37650	2382
37651	2382
37652	2382
37653	2383
37654	2383
37655	2383
37656	2383
37657	2384
37658	2384
37659	2384
37660	2384
37661	2385
37662	2385
37663	2385
37664	2385
37665	2386
37666	2386
37667	2386
37668	2386
37669	2387
37670	2387
37671	2387
37672	2387
37673	2388
37674	2388
37675	2388
37676	2388
37677	2389
37678	2389
37679	2389
37680	2389
37681	2390
37682	2390
37683	2390
37684	2390
37685	2391
37686	2391
37687	2391
37688	2391
37689	2392
37690	2392
37691	2392
37692	2392
37693	2393
37694	2393
37695	2393
37696	2393
37697	2394
37698	2394
37699	2394
37700	2394
37701	2395
37702	2395
37703	2395
37704	2395
37705	2396
37706	2396
37707	2396
37708	2396
37709	2397
37710	2397
37711	2397
37712	2397
37713	2398
37714	2398
37715	2398
37716	2398
37717	2399
37718	2399
37719	2399
37720	2399
37721	2400
37722	2400
37723	2400
37724	2400
37725	2401
37726	2401
37727	2401
37728	2401
37729	2402
37730	2402
37731	2402
37732	2402
37733	2403
37734	2403
37735	2403
37736	2403
37737	2404
37738	2404
37739	2404
37740	2404
37741	2405
37742	2405
37743	2405
37744	2405
37745	2406
37746	2406
37747	2406
37748	2406
37749	2407
37750	2407
37751	2407
37752	2407
37753	2408
37754	2408
37755	2408
37756	2408
37757	2409
37758	2409
37759	2409
37760	2409
37761	2410
37762	2410
37763	2410
37764	2410
37765	2411
37766	2411
37767	2411
37768	2411
37769	2412
37770	2412
37771	2412
37772	2412
37773	2413
37774	2413
37775	2413
37776	2413
37777	2414
37778	2414
37779	2414
37780	2414
37781	2415
37782	2415
37783	2415
37784	2415
37785	2416
37786	2416
37787	2416
37788	2416
37789	2417
37790	2417
37791	2417
37792	2417
37793	2418
37794	2418
37795	2418
37796	2418
37797	2419
37798	2419
37799	2419
37800	2419
37801	2420
37802	2420
37803	2420
37804	2420
37805	2421
37806	2421
37807	2421
37808	2421
37809	2422
37810	2422
37811	2422
37812	2422
37813	2423
37814	2423
37815	2423
37816	2423
37817	2424
37818	2424
37819	2424
37820	2424
37821	2425
37822	2425
37823	2425
37824	2425
37825	2426
37826	2426
37827	2426
37828	2426
37829	2427
37830	2427
37831	2427
37832	2427
37833	2428
37834	2428
37835	2428
37836	2428
37837	2429
37838	2429
37839	2429
37840	2429
37841	2430
37842	2430
37843	2430
37844	2430
37845	2431
37846	2431
37847	2431
37848	2431
37849	2368
37850	2368
37851	2368
37852	2368
37853	2369
37854	2369
37855	2369
37856	2369
37857	2370
37858	2370
37859	2370
37860	2370
37861	2371
37862	2371
37863	2371
37864	2371
37865	2372
37866	2372
37867	2372
37868	2372
37869	2373
37870	2373
37871	2373
37872	2373
37873	2374
37874	2374
37875	2374
37876	2374
37877	2375
37878	2375
37879	2375
37880	2375
37881	2376
37882	2376
37883	2376
37884	2376
37885	2377
37886	2377
37887	2377
37888	2377
37889	2378
37890	2378
37891	2378
37892	2378
37893	2379
37894	2379
37895	2379
37896	2379
37897	2380
37898	2380
37899	2380
37900	2380
37901	2381
37902	2381
37903	2381
37904	2381
37905	2382
37906	2382
37907	2382
37908	2382
37909	2383
37910	2383
37911	2383
37912	2383
37913	2384
37914	2384
37915	2384
37916	2384
37917	2385
37918	2385
37919	2385
37920	2385
37921	2386
37922	2386
37923	2386
37924	2386
37925	2387
37926	2387
37927	2387
37928	2387
37929	2388
37930	2388
37931	2388
37932	2388
37933	2389
37934	2389
37935	2389
37936	2389
37937	2390
37938	2390
37939	2390
37940	2390
37941	2391
37942	2391
37943	2391
37944	2391
37945	2392
37946	2392
37947	2392
37948	2392
37949	2393
37950	2393
37951	2393
37952	2393
37953	2394
37954	2394
37955	2394
37956	2394
37957	2395
37958	2395
37959	2395
37960	2395
37961	2396
37962	2396
37963	2396
37964	2396
37965	2397
37966	2397
37967	2397
37968	2397
37969	2398
37970	2398
37971	2398
37972	2398
37973	2399
37974	2399
37975	2399
37976	2399
37977	2400
37978	2400
37979	2400
37980	2400
37981	2401
37982	2401
37983	2401
37984	2401
37985	2402
37986	2402
37987	2402
37988	2402
37989	2403
37990	2403
37991	2403
37992	2403
37993	2404
37994	2404
37995	2404
37996	2404
37997	2405
37998	2405
37999	2405
38000	2405
38001	2406
38002	2406
38003	2406
38004	2406
38005	2407
38006	2407
38007	2407
38008	2407
38009	2408
38010	2408
38011	2408
38012	2408
38013	2409
38014	2409
38015	2409
38016	2409
38017	2410
38018	2410
38019	2410
38020	2410
38021	2411
38022	2411
38023	2411
38024	2411
38025	2412
38026	2412
38027	2412
38028	2412
38029	2413
38030	2413
38031	2413
38032	2413
38033	2414
38034	2414
38035	2414
38036	2414
38037	2415
38038	2415
38039	2415
38040	2415
38041	2416
38042	2416
38043	2416
38044	2416
38045	2417
38046	2417
38047	2417
38048	2417
38049	2418
38050	2418
38051	2418
38052	2418
38053	2419
38054	2419
38055	2419
38056	2419
38057	2420
38058	2420
38059	2420
38060	2420
38061	2421
38062	2421
38063	2421
38064	2421
38065	2422
38066	2422
38067	2422
38068	2422
38069	2423
38070	2423
38071	2423
38072	2423
38073	2424
38074	2424
38075	2424
38076	2424
38077	2425
38078	2425
38079	2425
38080	2425
38081	2426
38082	2426
38083	2426
38084	2426
38085	2427
38086	2427
38087	2427
38088	2427
38089	2428
38090	2428
38091	2428
38092	2428
38093	2429
38094	2429
38095	2429
38096	2429
38097	2430
38098	2430
38099	2430
38100	2430
38101	2431
38102	2431
38103	2431
38104	2431
38105	2432
38106	2432
38107	2432
38108	2432
38109	2433
38110	2433
38111	2433
38112	2433
38113	2434
38114	2434
38115	2434
38116	2434
38117	2435
38118	2435
38119	2435
38120	2435
38121	2436
38122	2436
38123	2436
38124	2436
38125	2437
38126	2437
38127	2437
38128	2437
38129	2438
38130	2438
38131	2438
38132	2438
38133	2439
38134	2439
38135	2439
38136	2439
38137	2440
38138	2440
38139	2440
38140	2440
38141	2441
38142	2441
38143	2441
38144	2441
38145	2442
38146	2442
38147	2442
38148	2442
38149	2443
38150	2443
38151	2443
38152	2443
38153	2444
38154	2444
38155	2444
38156	2444
38157	2445
38158	2445
38159	2445
38160	2445
38161	2446
38162	2446
38163	2446
38164	2446
38165	2447
38166	2447
38167	2447
38168	2447
38169	2448
38170	2448
38171	2448
38172	2448
38173	2449
38174	2449
38175	2449
38176	2449
38177	2450
38178	2450
38179	2450
38180	2450
38181	2451
38182	2451
38183	2451
38184	2451
38185	2452
38186	2452
38187	2452
38188	2452
38189	2453
38190	2453
38191	2453
38192	2453
38193	2454
38194	2454
38195	2454
38196	2454
38197	2455
38198	2455
38199	2455
38200	2455
38201	2456
38202	2456
38203	2456
38204	2456
38205	2457
38206	2457
38207	2457
38208	2457
38209	2458
38210	2458
38211	2458
38212	2458
38213	2459
38214	2459
38215	2459
38216	2459
38217	2460
38218	2460
38219	2460
38220	2460
38221	2461
38222	2461
38223	2461
38224	2461
38225	2462
38226	2462
38227	2462
38228	2462
38229	2463
38230	2463
38231	2463
38232	2463
38233	2464
38234	2464
38235	2464
38236	2464
38237	2465
38238	2465
38239	2465
38240	2465
38241	2466
38242	2466
38243	2466
38244	2466
38245	2467
38246	2467
38247	2467
38248	2467
38249	2468
38250	2468
38251	2468
38252	2468
38253	2469
38254	2469
38255	2469
38256	2469
38257	2470
38258	2470
38259	2470
38260	2470
38261	2471
38262	2471
38263	2471
38264	2471
38265	2472
38266	2472
38267	2472
38268	2472
38269	2473
38270	2473
38271	2473
38272	2473
38273	2474
38274	2474
38275	2474
38276	2474
38277	2475
38278	2475
38279	2475
38280	2475
38281	2476
38282	2476
38283	2476
38284	2476
38285	2477
38286	2477
38287	2477
38288	2477
38289	2478
38290	2478
38291	2478
38292	2478
38293	2479
38294	2479
38295	2479
38296	2479
38297	2480
38298	2480
38299	2480
38300	2480
38301	2481
38302	2481
38303	2481
38304	2481
38305	2482
38306	2482
38307	2482
38308	2482
38309	2483
38310	2483
38311	2483
38312	2483
38313	2484
38314	2484
38315	2484
38316	2484
38317	2485
38318	2485
38319	2485
38320	2485
38321	2486
38322	2486
38323	2486
38324	2486
38325	2487
38326	2487
38327	2487
38328	2487
38329	2488
38330	2488
38331	2488
38332	2488
38333	2489
38334	2489
38335	2489
38336	2489
38337	2490
38338	2490
38339	2490
38340	2490
38341	2491
38342	2491
38343	2491
38344	2491
38345	2492
38346	2492
38347	2492
38348	2492
38349	2493
38350	2493
38351	2493
38352	2493
38353	2494
38354	2494
38355	2494
38356	2494
38357	2495
38358	2495
38359	2495
38360	2495
38361	2432
38362	2432
38363	2432
38364	2432
38365	2433
38366	2433
38367	2433
38368	2433
38369	2434
38370	2434
38371	2434
38372	2434
38373	2435
38374	2435
38375	2435
38376	2435
38377	2436
38378	2436
38379	2436
38380	2436
38381	2437
38382	2437
38383	2437
38384	2437
38385	2438
38386	2438
38387	2438
38388	2438
38389	2439
38390	2439
38391	2439
38392	2439
38393	2440
38394	2440
38395	2440
38396	2440
38397	2441
38398	2441
38399	2441
38400	2441
38401	2442
38402	2442
38403	2442
38404	2442
38405	2443
38406	2443
38407	2443
38408	2443
38409	2444
38410	2444
38411	2444
38412	2444
38413	2445
38414	2445
38415	2445
38416	2445
38417	2446
38418	2446
38419	2446
38420	2446
38421	2447
38422	2447
38423	2447
38424	2447
38425	2448
38426	2448
38427	2448
38428	2448
38429	2449
38430	2449
38431	2449
38432	2449
38433	2450
38434	2450
38435	2450
38436	2450
38437	2451
38438	2451
38439	2451
38440	2451
38441	2452
38442	2452
38443	2452
38444	2452
38445	2453
38446	2453
38447	2453
38448	2453
38449	2454
38450	2454
38451	2454
38452	2454
38453	2455
38454	2455
38455	2455
38456	2455
38457	2456
38458	2456
38459	2456
38460	2456
38461	2457
38462	2457
38463	2457
38464	2457
38465	2458
38466	2458
38467	2458
38468	2458
38469	2459
38470	2459
38471	2459
38472	2459
38473	2460
38474	2460
38475	2460
38476	2460
38477	2461
38478	2461
38479	2461
38480	2461
38481	2462
38482	2462
38483	2462
38484	2462
38485	2463
38486	2463
38487	2463
38488	2463
38489	2464
38490	2464
38491	2464
38492	2464
38493	2465
38494	2465
38495	2465
38496	2465
38497	2466
38498	2466
38499	2466
38500	2466
38501	2467
38502	2467
38503	2467
38504	2467
38505	2468
38506	2468
38507	2468
38508	2468
38509	2469
38510	2469
38511	2469
38512	2469
38513	2470
38514	2470
38515	2470
38516	2470
38517	2471
38518	2471
38519	2471
38520	2471
38521	2472
38522	2472
38523	2472
38524	2472
38525	2473
38526	2473
38527	2473
38528	2473
38529	2474
38530	2474
38531	2474
38532	2474
38533	2475
38534	2475
38535	2475
38536	2475
38537	2476
38538	2476
38539	2476
38540	2476
38541	2477
38542	2477
38543	2477
38544	2477
38545	2478
38546	2478
38547	2478
38548	2478
38549	2479
38550	2479
38551	2479
38552	2479
38553	2480
38554	2480
38555	2480
38556	2480
38557	2481
38558	2481
38559	2481
38560	2481
38561	2482
38562	2482
38563	2482
38564	2482
38565	2483
38566	2483
38567	2483
38568	2483
38569	2484
38570	2484
38571	2484
38572	2484
38573	2485
38574	2485
38575	2485
38576	2485
38577	2486
38578	2486
38579	2486
38580	2486
38581	2487
38582	2487
38583	2487
38584	2487
38585	2488
38586	2488
38587	2488
38588	2488
38589	2489
38590	2489
38591	2489
38592	2489
38593	2490
38594	2490
38595	2490
38596	2490
38597	2491
38598	2491
38599	2491
38600	2491
38601	2492
38602	2492
38603	2492
38604	2492
38605	2493
38606	2493
38607	2493
38608	2493
38609	2494
38610	2494
38611	2494
38612	2494
38613	2495
38614	2495
38615	2495
38616	2495
38617	2432
38618	2432
38619	2432
38620	2432
38621	2433
38622	2433
38623	2433
38624	2433
38625	2434
38626	2434
38627	2434
38628	2434
38629	2435
38630	2435
38631	2435
38632	2435
38633	2436
38634	2436
38635	2436
38636	2436
38637	2437
38638	2437
38639	2437
38640	2437
38641	2438
38642	2438
38643	2438
38644	2438
38645	2439
38646	2439
38647	2439
38648	2439
38649	2440
38650	2440
38651	2440
38652	2440
38653	2441
38654	2441
38655	2441
38656	2441
38657	2442
38658	2442
38659	2442
38660	2442
38661	2443
38662	2443
38663	2443
38664	2443
38665	2444
38666	2444
38667	2444
38668	2444
38669	2445
38670	2445
38671	2445
38672	2445
38673	2446
38674	2446
38675	2446
38676	2446
38677	2447
38678	2447
38679	2447
38680	2447
38681	2448
38682	2448
38683	2448
38684	2448
38685	2449
38686	2449
38687	2449
38688	2449
38689	2450
38690	2450
38691	2450
38692	2450
38693	2451
38694	2451
38695	2451
38696	2451
38697	2452
38698	2452
38699	2452
38700	2452
38701	2453
38702	2453
38703	2453
38704	2453
38705	2454
38706	2454
38707	2454
38708	2454
38709	2455
38710	2455
38711	2455
38712	2455
38713	2456
38714	2456
38715	2456
38716	2456
38717	2457
38718	2457
38719	2457
38720	2457
38721	2458
38722	2458
38723	2458
38724	2458
38725	2459
38726	2459
38727	2459
38728	2459
38729	2460
38730	2460
38731	2460
38732	2460
38733	2461
38734	2461
38735	2461
38736	2461
38737	2462
38738	2462
38739	2462
38740	2462
38741	2463
38742	2463
38743	2463
38744	2463
38745	2464
38746	2464
38747	2464
38748	2464
38749	2465
38750	2465
38751	2465
38752	2465
38753	2466
38754	2466
38755	2466
38756	2466
38757	2467
38758	2467
38759	2467
38760	2467
38761	2468
38762	2468
38763	2468
38764	2468
38765	2469
38766	2469
38767	2469
38768	2469
38769	2470
38770	2470
38771	2470
38772	2470
38773	2471
38774	2471
38775	2471
38776	2471
38777	2472
38778	2472
38779	2472
38780	2472
38781	2473
38782	2473
38783	2473
38784	2473
38785	2474
38786	2474
38787	2474
38788	2474
38789	2475
38790	2475
38791	2475
38792	2475
38793	2476
38794	2476
38795	2476
38796	2476
38797	2477
38798	2477
38799	2477
38800	2477
38801	2478
38802	2478
38803	2478
38804	2478
38805	2479
38806	2479
38807	2479
38808	2479
38809	2480
38810	2480
38811	2480
38812	2480
38813	2481
38814	2481
38815	2481
38816	2481
38817	2482
38818	2482
38819	2482
38820	2482
38821	2483
38822	2483
38823	2483
38824	2483
38825	2484
38826	2484
38827	2484
38828	2484
38829	2485
38830	2485
38831	2485
38832	2485
38833	2486
38834	2486
38835	2486
38836	2486
38837	2487
38838	2487
38839	2487
38840	2487
38841	2488
38842	2488
38843	2488
38844	2488
38845	2489
38846	2489
38847	2489
38848	2489
38849	2490
38850	2490
38851	2490
38852	2490
38853	2491
38854	2491
38855	2491
38856	2491
38857	2492
38858	2492
38859	2492
38860	2492
38861	2493
38862	2493
38863	2493
38864	2493
38865	2494
38866	2494
38867	2494
38868	2494
38869	2495
38870	2495
38871	2495
38872	2495
38873	2432
38874	2432
38875	2432
38876	2432
38877	2433
38878	2433
38879	2433
38880	2433
38881	2434
38882	2434
38883	2434
38884	2434
38885	2435
38886	2435
38887	2435
38888	2435
38889	2436
38890	2436
38891	2436
38892	2436
38893	2437
38894	2437
38895	2437
38896	2437
38897	2438
38898	2438
38899	2438
38900	2438
38901	2439
38902	2439
38903	2439
38904	2439
38905	2440
38906	2440
38907	2440
38908	2440
38909	2441
38910	2441
38911	2441
38912	2441
38913	2442
38914	2442
38915	2442
38916	2442
38917	2443
38918	2443
38919	2443
38920	2443
38921	2444
38922	2444
38923	2444
38924	2444
38925	2445
38926	2445
38927	2445
38928	2445
38929	2446
38930	2446
38931	2446
38932	2446
38933	2447
38934	2447
38935	2447
38936	2447
38937	2448
38938	2448
38939	2448
38940	2448
38941	2449
38942	2449
38943	2449
38944	2449
38945	2450
38946	2450
38947	2450
38948	2450
38949	2451
38950	2451
38951	2451
38952	2451
38953	2452
38954	2452
38955	2452
38956	2452
38957	2453
38958	2453
38959	2453
38960	2453
38961	2454
38962	2454
38963	2454
38964	2454
38965	2455
38966	2455
38967	2455
38968	2455
38969	2456
38970	2456
38971	2456
38972	2456
38973	2457
38974	2457
38975	2457
38976	2457
38977	2458
38978	2458
38979	2458
38980	2458
38981	2459
38982	2459
38983	2459
38984	2459
38985	2460
38986	2460
38987	2460
38988	2460
38989	2461
38990	2461
38991	2461
38992	2461
38993	2462
38994	2462
38995	2462
38996	2462
38997	2463
38998	2463
38999	2463
39000	2463
39001	2464
39002	2464
39003	2464
39004	2464
39005	2465
39006	2465
39007	2465
39008	2465
39009	2466
39010	2466
39011	2466
39012	2466
39013	2467
39014	2467
39015	2467
39016	2467
39017	2468
39018	2468
39019	2468
39020	2468
39021	2469
39022	2469
39023	2469
39024	2469
39025	2470
39026	2470
39027	2470
39028	2470
39029	2471
39030	2471
39031	2471
39032	2471
39033	2472
39034	2472
39035	2472
39036	2472
39037	2473
39038	2473
39039	2473
39040	2473
39041	2474
39042	2474
39043	2474
39044	2474
39045	2475
39046	2475
39047	2475
39048	2475
39049	2476
39050	2476
39051	2476
39052	2476
39053	2477
39054	2477
39055	2477
39056	2477
39057	2478
39058	2478
39059	2478
39060	2478
39061	2479
39062	2479
39063	2479
39064	2479
39065	2480
39066	2480
39067	2480
39068	2480
39069	2481
39070	2481
39071	2481
39072	2481
39073	2482
39074	2482
39075	2482
39076	2482
39077	2483
39078	2483
39079	2483
39080	2483
39081	2484
39082	2484
39083	2484
39084	2484
39085	2485
39086	2485
39087	2485
39088	2485
39089	2486
39090	2486
39091	2486
39092	2486
39093	2487
39094	2487
39095	2487
39096	2487
39097	2488
39098	2488
39099	2488
39100	2488
39101	2489
39102	2489
39103	2489
39104	2489
39105	2490
39106	2490
39107	2490
39108	2490
39109	2491
39110	2491
39111	2491
39112	2491
39113	2492
39114	2492
39115	2492
39116	2492
39117	2493
39118	2493
39119	2493
39120	2493
39121	2494
39122	2494
39123	2494
39124	2494
39125	2495
39126	2495
39127	2495
39128	2495
39129	2496
39130	2496
39131	2496
39132	2496
39133	2497
39134	2497
39135	2497
39136	2497
39137	2498
39138	2498
39139	2498
39140	2498
39141	2499
39142	2499
39143	2499
39144	2499
39145	2500
39146	2500
39147	2500
39148	2500
39149	2501
39150	2501
39151	2501
39152	2501
39153	2502
39154	2502
39155	2502
39156	2502
39157	2503
39158	2503
39159	2503
39160	2503
39161	2504
39162	2504
39163	2504
39164	2504
39165	2505
39166	2505
39167	2505
39168	2505
39169	2506
39170	2506
39171	2506
39172	2506
39173	2507
39174	2507
39175	2507
39176	2507
39177	2508
39178	2508
39179	2508
39180	2508
39181	2509
39182	2509
39183	2509
39184	2509
39185	2510
39186	2510
39187	2510
39188	2510
39189	2511
39190	2511
39191	2511
39192	2511
39193	2512
39194	2512
39195	2512
39196	2512
39197	2513
39198	2513
39199	2513
39200	2513
39201	2514
39202	2514
39203	2514
39204	2514
39205	2515
39206	2515
39207	2515
39208	2515
39209	2516
39210	2516
39211	2516
39212	2516
39213	2517
39214	2517
39215	2517
39216	2517
39217	2518
39218	2518
39219	2518
39220	2518
39221	2519
39222	2519
39223	2519
39224	2519
39225	2520
39226	2520
39227	2520
39228	2520
39229	2521
39230	2521
39231	2521
39232	2521
39233	2522
39234	2522
39235	2522
39236	2522
39237	2523
39238	2523
39239	2523
39240	2523
39241	2524
39242	2524
39243	2524
39244	2524
39245	2525
39246	2525
39247	2525
39248	2525
39249	2526
39250	2526
39251	2526
39252	2526
39253	2527
39254	2527
39255	2527
39256	2527
39257	2528
39258	2528
39259	2528
39260	2528
39261	2529
39262	2529
39263	2529
39264	2529
39265	2530
39266	2530
39267	2530
39268	2530
39269	2531
39270	2531
39271	2531
39272	2531
39273	2532
39274	2532
39275	2532
39276	2532
39277	2533
39278	2533
39279	2533
39280	2533
39281	2534
39282	2534
39283	2534
39284	2534
39285	2535
39286	2535
39287	2535
39288	2535
39289	2536
39290	2536
39291	2536
39292	2536
39293	2537
39294	2537
39295	2537
39296	2537
39297	2538
39298	2538
39299	2538
39300	2538
39301	2539
39302	2539
39303	2539
39304	2539
39305	2540
39306	2540
39307	2540
39308	2540
39309	2541
39310	2541
39311	2541
39312	2541
39313	2542
39314	2542
39315	2542
39316	2542
39317	2543
39318	2543
39319	2543
39320	2543
39321	2544
39322	2544
39323	2544
39324	2544
39325	2545
39326	2545
39327	2545
39328	2545
39329	2546
39330	2546
39331	2546
39332	2546
39333	2547
39334	2547
39335	2547
39336	2547
39337	2548
39338	2548
39339	2548
39340	2548
39341	2549
39342	2549
39343	2549
39344	2549
39345	2550
39346	2550
39347	2550
39348	2550
39349	2551
39350	2551
39351	2551
39352	2551
39353	2552
39354	2552
39355	2552
39356	2552
39357	2553
39358	2553
39359	2553
39360	2553
39361	2554
39362	2554
39363	2554
39364	2554
39365	2555
39366	2555
39367	2555
39368	2555
39369	2556
39370	2556
39371	2556
39372	2556
39373	2557
39374	2557
39375	2557
39376	2557
39377	2558
39378	2558
39379	2558
39380	2558
39381	2559
39382	2559
39383	2559
39384	2559
39385	2496
39386	2496
39387	2496
39388	2496
39389	2497
39390	2497
39391	2497
39392	2497
39393	2498
39394	2498
39395	2498
39396	2498
39397	2499
39398	2499
39399	2499
39400	2499
39401	2500
39402	2500
39403	2500
39404	2500
39405	2501
39406	2501
39407	2501
39408	2501
39409	2502
39410	2502
39411	2502
39412	2502
39413	2503
39414	2503
39415	2503
39416	2503
39417	2504
39418	2504
39419	2504
39420	2504
39421	2505
39422	2505
39423	2505
39424	2505
39425	2506
39426	2506
39427	2506
39428	2506
39429	2507
39430	2507
39431	2507
39432	2507
39433	2508
39434	2508
39435	2508
39436	2508
39437	2509
39438	2509
39439	2509
39440	2509
39441	2510
39442	2510
39443	2510
39444	2510
39445	2511
39446	2511
39447	2511
39448	2511
39449	2512
39450	2512
39451	2512
39452	2512
39453	2513
39454	2513
39455	2513
39456	2513
39457	2514
39458	2514
39459	2514
39460	2514
39461	2515
39462	2515
39463	2515
39464	2515
39465	2516
39466	2516
39467	2516
39468	2516
39469	2517
39470	2517
39471	2517
39472	2517
39473	2518
39474	2518
39475	2518
39476	2518
39477	2519
39478	2519
39479	2519
39480	2519
39481	2520
39482	2520
39483	2520
39484	2520
39485	2521
39486	2521
39487	2521
39488	2521
39489	2522
39490	2522
39491	2522
39492	2522
39493	2523
39494	2523
39495	2523
39496	2523
39497	2524
39498	2524
39499	2524
39500	2524
39501	2525
39502	2525
39503	2525
39504	2525
39505	2526
39506	2526
39507	2526
39508	2526
39509	2527
39510	2527
39511	2527
39512	2527
39513	2528
39514	2528
39515	2528
39516	2528
39517	2529
39518	2529
39519	2529
39520	2529
39521	2530
39522	2530
39523	2530
39524	2530
39525	2531
39526	2531
39527	2531
39528	2531
39529	2532
39530	2532
39531	2532
39532	2532
39533	2533
39534	2533
39535	2533
39536	2533
39537	2534
39538	2534
39539	2534
39540	2534
39541	2535
39542	2535
39543	2535
39544	2535
39545	2536
39546	2536
39547	2536
39548	2536
39549	2537
39550	2537
39551	2537
39552	2537
39553	2538
39554	2538
39555	2538
39556	2538
39557	2539
39558	2539
39559	2539
39560	2539
39561	2540
39562	2540
39563	2540
39564	2540
39565	2541
39566	2541
39567	2541
39568	2541
39569	2542
39570	2542
39571	2542
39572	2542
39573	2543
39574	2543
39575	2543
39576	2543
39577	2544
39578	2544
39579	2544
39580	2544
39581	2545
39582	2545
39583	2545
39584	2545
39585	2546
39586	2546
39587	2546
39588	2546
39589	2547
39590	2547
39591	2547
39592	2547
39593	2548
39594	2548
39595	2548
39596	2548
39597	2549
39598	2549
39599	2549
39600	2549
39601	2550
39602	2550
39603	2550
39604	2550
39605	2551
39606	2551
39607	2551
39608	2551
39609	2552
39610	2552
39611	2552
39612	2552
39613	2553
39614	2553
39615	2553
39616	2553
39617	2554
39618	2554
39619	2554
39620	2554
39621	2555
39622	2555
39623	2555
39624	2555
39625	2556
39626	2556
39627	2556
39628	2556
39629	2557
39630	2557
39631	2557
39632	2557
39633	2558
39634	2558
39635	2558
39636	2558
39637	2559
39638	2559
39639	2559
39640	2559
39641	2496
39642	2496
39643	2496
39644	2496
39645	2497
39646	2497
39647	2497
39648	2497
39649	2498
39650	2498
39651	2498
39652	2498
39653	2499
39654	2499
39655	2499
39656	2499
39657	2500
39658	2500
39659	2500
39660	2500
39661	2501
39662	2501
39663	2501
39664	2501
39665	2502
39666	2502
39667	2502
39668	2502
39669	2503
39670	2503
39671	2503
39672	2503
39673	2504
39674	2504
39675	2504
39676	2504
39677	2505
39678	2505
39679	2505
39680	2505
39681	2506
39682	2506
39683	2506
39684	2506
39685	2507
39686	2507
39687	2507
39688	2507
39689	2508
39690	2508
39691	2508
39692	2508
39693	2509
39694	2509
39695	2509
39696	2509
39697	2510
39698	2510
39699	2510
39700	2510
39701	2511
39702	2511
39703	2511
39704	2511
39705	2512
39706	2512
39707	2512
39708	2512
39709	2513
39710	2513
39711	2513
39712	2513
39713	2514
39714	2514
39715	2514
39716	2514
39717	2515
39718	2515
39719	2515
39720	2515
39721	2516
39722	2516
39723	2516
39724	2516
39725	2517
39726	2517
39727	2517
39728	2517
39729	2518
39730	2518
39731	2518
39732	2518
39733	2519
39734	2519
39735	2519
39736	2519
39737	2520
39738	2520
39739	2520
39740	2520
39741	2521
39742	2521
39743	2521
39744	2521
39745	2522
39746	2522
39747	2522
39748	2522
39749	2523
39750	2523
39751	2523
39752	2523
39753	2524
39754	2524
39755	2524
39756	2524
39757	2525
39758	2525
39759	2525
39760	2525
39761	2526
39762	2526
39763	2526
39764	2526
39765	2527
39766	2527
39767	2527
39768	2527
39769	2528
39770	2528
39771	2528
39772	2528
39773	2529
39774	2529
39775	2529
39776	2529
39777	2530
39778	2530
39779	2530
39780	2530
39781	2531
39782	2531
39783	2531
39784	2531
39785	2532
39786	2532
39787	2532
39788	2532
39789	2533
39790	2533
39791	2533
39792	2533
39793	2534
39794	2534
39795	2534
39796	2534
39797	2535
39798	2535
39799	2535
39800	2535
39801	2536
39802	2536
39803	2536
39804	2536
39805	2537
39806	2537
39807	2537
39808	2537
39809	2538
39810	2538
39811	2538
39812	2538
39813	2539
39814	2539
39815	2539
39816	2539
39817	2540
39818	2540
39819	2540
39820	2540
39821	2541
39822	2541
39823	2541
39824	2541
39825	2542
39826	2542
39827	2542
39828	2542
39829	2543
39830	2543
39831	2543
39832	2543
39833	2544
39834	2544
39835	2544
39836	2544
39837	2545
39838	2545
39839	2545
39840	2545
39841	2546
39842	2546
39843	2546
39844	2546
39845	2547
39846	2547
39847	2547
39848	2547
39849	2548
39850	2548
39851	2548
39852	2548
39853	2549
39854	2549
39855	2549
39856	2549
39857	2550
39858	2550
39859	2550
39860	2550
39861	2551
39862	2551
39863	2551
39864	2551
39865	2552
39866	2552
39867	2552
39868	2552
39869	2553
39870	2553
39871	2553
39872	2553
39873	2554
39874	2554
39875	2554
39876	2554
39877	2555
39878	2555
39879	2555
39880	2555
39881	2556
39882	2556
39883	2556
39884	2556
39885	2557
39886	2557
39887	2557
39888	2557
39889	2558
39890	2558
39891	2558
39892	2558
39893	2559
39894	2559
39895	2559
39896	2559
39897	2496
39898	2496
39899	2496
39900	2496
39901	2497
39902	2497
39903	2497
39904	2497
39905	2498
39906	2498
39907	2498
39908	2498
39909	2499
39910	2499
39911	2499
39912	2499
39913	2500
39914	2500
39915	2500
39916	2500
39917	2501
39918	2501
39919	2501
39920	2501
39921	2502
39922	2502
39923	2502
39924	2502
39925	2503
39926	2503
39927	2503
39928	2503
39929	2504
39930	2504
39931	2504
39932	2504
39933	2505
39934	2505
39935	2505
39936	2505
39937	2506
39938	2506
39939	2506
39940	2506
39941	2507
39942	2507
39943	2507
39944	2507
39945	2508
39946	2508
39947	2508
39948	2508
39949	2509
39950	2509
39951	2509
39952	2509
39953	2510
39954	2510
39955	2510
39956	2510
39957	2511
39958	2511
39959	2511
39960	2511
39961	2512
39962	2512
39963	2512
39964	2512
39965	2513
39966	2513
39967	2513
39968	2513
39969	2514
39970	2514
39971	2514
39972	2514
39973	2515
39974	2515
39975	2515
39976	2515
39977	2516
39978	2516
39979	2516
39980	2516
39981	2517
39982	2517
39983	2517
39984	2517
39985	2518
39986	2518
39987	2518
39988	2518
39989	2519
39990	2519
39991	2519
39992	2519
39993	2520
39994	2520
39995	2520
39996	2520
39997	2521
39998	2521
39999	2521
40000	2521
40001	2522
40002	2522
40003	2522
40004	2522
40005	2523
40006	2523
40007	2523
40008	2523
40009	2524
40010	2524
40011	2524
40012	2524
40013	2525
40014	2525
40015	2525
40016	2525
40017	2526
40018	2526
40019	2526
40020	2526
40021	2527
40022	2527
40023	2527
40024	2527
40025	2528
40026	2528
40027	2528
40028	2528
40029	2529
40030	2529
40031	2529
40032	2529
40033	2530
40034	2530
40035	2530
40036	2530
40037	2531
40038	2531
40039	2531
40040	2531
40041	2532
40042	2532
40043	2532
40044	2532
40045	2533
40046	2533
40047	2533
40048	2533
40049	2534
40050	2534
40051	2534
40052	2534
40053	2535
40054	2535
40055	2535
40056	2535
40057	2536
40058	2536
40059	2536
40060	2536
40061	2537
40062	2537
40063	2537
40064	2537
40065	2538
40066	2538
40067	2538
40068	2538
40069	2539
40070	2539
40071	2539
40072	2539
40073	2540
40074	2540
40075	2540
40076	2540
40077	2541
40078	2541
40079	2541
40080	2541
40081	2542
40082	2542
40083	2542
40084	2542
40085	2543
40086	2543
40087	2543
40088	2543
40089	2544
40090	2544
40091	2544
40092	2544
40093	2545
40094	2545
40095	2545
40096	2545
40097	2546
40098	2546
40099	2546
40100	2546
40101	2547
40102	2547
40103	2547
40104	2547
40105	2548
40106	2548
40107	2548
40108	2548
40109	2549
40110	2549
40111	2549
40112	2549
40113	2550
40114	2550
40115	2550
40116	2550
40117	2551
40118	2551
40119	2551
40120	2551
40121	2552
40122	2552
40123	2552
40124	2552
40125	2553
40126	2553
40127	2553
40128	2553
40129	2554
40130	2554
40131	2554
40132	2554
40133	2555
40134	2555
40135	2555
40136	2555
40137	2556
40138	2556
40139	2556
40140	2556
40141	2557
40142	2557
40143	2557
40144	2557
40145	2558
40146	2558
40147	2558
40148	2558
40149	2559
40150	2559
40151	2559
40152	2559
40153	449
40154	71
